Game ID,Tournament,Edition,Round,PlayerId1,PlayerId2,PlayerName1,PlayerName2,Date,URL
362000028,,Friendly Matches,,39136230,84654631,N2xU,pavelbrin,2023-03-30T19:00:00.000Z,"https://www.carcassonnelab.com/#/0/0/qm9VymwMa9PH5W4hsx6XGOclLqpkaEswNzSotcoLQ4N4xGqM2HSTJmM/211112b222Z1124132a122J133b0131242c022r113Z232s023Z224b233q1221014b032L124s015Z116b132201410414043Z034Z035Z045Z025a244c142t136a154b146c056Z3511037Z238Z217Z039b227s028Z255a065Z025r249a264a048c026Z058c03310244021H047b024J057Z133H067Z063b0432073b0522028r329t018a039q237r0251075c276a059c0?players=pavelbrin,N2xU&colors=red,blue"
362001006,,Friendly Matches,,84635111,41973045,JinaJina,Lawyer,2023-03-30T19:00:00.000Z,"https://www.carcassonnelab.com/#/0/0/rBRyaJ6hB1j6LS-_BMOwxG7wfZxpmgkoe8BpCrG40Dg-64-9kvhyUxp/121112a1212121L222J1131132J0141042H231H122q043K023r053H254K124H024s1221125H234K014c033J034r0321032s042t0423152q1431051H25240311043t053s032Z024b2443162t1451072r0344023c21520411161J373q433a1252234a235Z062L045Z072H043Z0621016306140233062Z052a25420512272b053b073a042c374a084c255Z264a025r0?players=JinaJina,Lawyer&colors=green,red"
362005334,,Friendly Matches,,84207551,86771532,71Knives,adrear,2023-03-30T19:00:00.000Z,"https://www.carcassonnelab.com/#/0/0/o9fiamzJR5XYIp1dRGFcWNVXiEM3JdV2m0-t3xM5CT2WO5LVIiKqkxB/12b1212121J1311231L222q1414132Z13231511522Z113Z0521133b232H023r223Z14221532014c0432024r041K034b033s132t022L225t123H0124042q235q033H015a352r025c351J062r2622052K162H0221034t344r143J036r253r235a026Z163t073r074r054t046r044K134H354H035K02340443055J0342042b045r045a072q084s064H043s055q037q0?players=71Knives,adrear&colors=yellow,red"
362006247,,Friendly Matches,,1133242,84375106,Defdamesdompi,zaharik,2023-03-30T19:00:00.000Z,"https://www.carcassonnelab.com/#/0/0/oo89kTkrbgz4yPk6Z3c14s7Jv5mbCdo5Eyx6BKWjEFiPgvRzxsKNExf/12a2212222s121J113b0123132t142s023q143r223Z041K133Z0314024s034r022K132a033r034Z125r215c225Z035t326Z1223136a127Z046c044Z045q0131016a032101431333014c037Z1241031K032H133H124L322c117b0251038a028b048a025K036r2263023L142K026K027H0151343J0162044t346t127r256q155r166r335b267t377s026q334K058a1?players=zaharik,Defdamesdompi&colors=red,green"
362006639,,Friendly Matches,,84614791,84512971,Sicarius Lupus,Samuelsson,2023-03-30T19:00:00.000Z,"https://www.carcassonnelab.com/#/0/0/qeulrB0oA17uaLkKDRJAE4NtlkD3Uh5y_uXiplzKfP9dsUrDtCs9vEa/21K112b2213231K241L2122032H042K151J032r042t143H0133152K062J023J063J252r13140234022Z0243043r023Z1141224Z1152032Z11621261034c025b036103320352064J153J062q072J461H044H063q1464033b173H143b044r042b322t2412174K0422015b244a035a053a132405240433026Z113Z063a123q036Z024s314Z133q352Z1442073c05342?players=Sicarius%20Lupus,Samuelsson&colors=red,yellow"
362011936,,Friendly Matches,,84635111,41973045,JinaJina,Lawyer,2023-03-30T19:00:00.000Z,"https://www.carcassonnelab.com/#/0/0/qTInsrB9XT2IRMdXdqS68a2DYaEgZYPMpAdr7nYzdNzjOzPInnRUxVE/12b213Z1123122H11320212222Z13140224014402340332022t01520242041224342252134105140521024L052Z0351023H1452136345540373125K4423026H0541032c435H2561127J023Z062a03810481037K045J042a146K05730283047H155L133Z257H0611232304910584039102910181027122A2032s063b0681328H273Z11A20691172c356J12AK17130?players=Lawyer,JinaJina&colors=red,green"
362013597,,Friendly Matches,,39136230,84654631,N2xU,pavelbrin,2023-03-30T19:00:00.000Z,"https://www.carcassonnelab.com/#/0/0/pLoTZDRYhT-_hM9zoUSDWT46U4o2hfNm8eeKfPqT5b17qi9qdvQ0jg6/12b22121122013a223q223c024Z113111420234024t023J033L2152122s1312022c02521261125J22723351334r0374133r0171026J03611463044q243r14741343045s044203820543014b0163027K11830552025b032a035s028H234c015a032t255t154q2484064r043L053H0564056r321H074r4572142L073s166r4673035a263t06840321144H0414062q1?players=N2xU,pavelbrin&colors=blue,red"
362013985,,Friendly Matches,,1133242,84375106,Defdamesdompi,zaharik,2023-03-30T19:00:00.000Z,"https://www.carcassonnelab.com/#/0/0/qY3JQD-OTNwWTRI4mWdrTt0Ty3bGayQQh_T8kcCEhh3x3dpYEoyCt7D/212122a032a122312320324021L242403110121122H123L012b213Z1433133c031J0133123a024a422t333J1443034b0411043a2511052a053c163Z062c024K054b034L235Z045c025J0521132J043H0622072a0611214b032s0341015a25410452123r2152042L0251125Z216a244K145H1353126c054L242q33610643064J0652074J243q265J3263044c046Z2?players=Defdamesdompi,zaharik&colors=green,red"
362014457,,Friendly Matches,,84614791,84512971,Sicarius Lupus,Samuelsson,2023-03-30T19:00:00.000Z,"https://www.carcassonnelab.com/#/0/0/qgezFaqjxdfjr4U7m6Dzt6_CSW4AKHRUXpKn0MubarJLP_RxtZJUacR/2121121122Z012b121K013b132a123a223q333t132q224t23111224142c033c243r01330412152Z031J034s023H032H0141224H0514543Z115202540323134Z0424025L2261044c035Z022K234H053a062Z054a045c136a422q025b215Z424a126a064a0243063Z172b27112342333404441161473c082b053r052s05410533154q026K13510642365b027H03611?players=Samuelsson,Sicarius%20Lupus&colors=yellow,red"
362018036,,Friendly Matches,,84207551,86771532,71Knives,adrear,2023-03-30T19:00:00.000Z,"https://www.carcassonnelab.com/#/0/0/pIvTYjzVFTOLf_vTyb9VYR2LdFGdQUTSzcYTipX52GWBTkNmrjazQpy/12b2121121J12210212023113132331122Z022K0134122s123r213b024t214Z231J024Z023b033a015b034Z135b044Z136c116a026a145b234r046a156c143b032c037Z3431054Z038Z2324064c053b065c148a057Z055Z139b13Ab242Z0244174a0414066a134402540151076c023J024K029a241L228Z167c032H1421117b051J049Z058c252K059b019Z04437?players=adrear,71Knives&colors=red,yellow"
362021127,,Friendly Matches,,39136230,84654631,N2xU,pavelbrin,2023-03-30T19:00:00.000Z,"https://www.carcassonnelab.com/#/0/0/pwv8z9Z5_HMObPy-lHb1zO8Ja9KU0sWbw80qM_f53L_18F5HMIR-9wu/12b12122124121L213Z2223123q2311041305121521032b023Z024r062206312733042107431641054226140713483338244533022b1323133a0653075104311231024Z142a225b0932076318510441052b077107211811353Z063a072Z3952073c174Z115c0671026Z236Z014b337Z064b365b084b083Z085b055Z345a034a044b034t21320944138Z122J039a0?players=pavelbrin,N2xU&colors=red,blue"
362023822,,Friendly Matches,,84207551,86771532,71Knives,adrear,2023-03-30T19:00:00.000Z,"https://www.carcassonnelab.com/#/0/0/o54qOxsYk1o-XRP6G6ssnJ0vMe9bE7tH52noATV0JG856BcQb0HvHBz/12b11222224122c021K0322032a1313042c023311341144223L122H033K034H024L0241033Z1252123Z1154235J052Z036H2263126H0332043c0344046J0274044H031L041J0414134a232q024b0282014a032J142H2291047H445H154H03632442233t024r053a334s1371113b2512044c04645171427H363c3421362Z0523064Z05310544323q1353147106131?players=71Knives,adrear&colors=yellow,red"
362044194,,Friendly Matches,,89706622,85577871,Nicedicer,bazilyuk,2023-03-30T19:00:00.000Z,"https://www.carcassonnelab.com/#/0/0/piRx7yys_NkbTrLTUjxqeQ1RbwjqbIJ6PSxmGSg09_73dmi_ged0Dj_/12b1212122Z113a121L022s232Z132s023q1312033q1411233a0421034b024b222K031K024r325s014c132J034r423H0224143b21322523035Z044b224K154a0123025H043s034H053121540513143302310632036Z1242125Z2441233404520353023c042K453c241K144H463b273c043H262a083a274b061103231713082b0341045c293Z0A3c0253342Z16434?players=Nicedicer,bazilyuk&colors=red,green"
362053730,,Friendly Matches,,89706622,85577871,Nicedicer,bazilyuk,2023-03-30T19:00:00.000Z,"https://www.carcassonnelab.com/#/0/0/qerU1oovux4TSsZFia3jhXOix75z_jqtmN31FzmKN9S7Blkzjv9krog/211112b2223222r212303110231041214221241033405111524132Z134124311142022K224H052b061214432351021L4324031J0451133a062c055225340633032L06420132034J042L1742253b423H063b242b1714272106541254035H2844225K073b0823043c164Z183Z05630362182a0372072Z2753093Z047444820383176208510A3c039113A1129428621?players=bazilyuk,Nicedicer&colors=red,green"
362325299,,Friendly Matches,,84627115,84507749,Margots,Jubjic,2023-03-31T18:30:00.000Z,"https://www.carcassonnelab.com/#/0/0/qcwRytFURzVyTctbIw0ADw3hIOwyXpDEMAMU2tNSBzTBzxlFKE8nz8J/212112c221L2124131L1311022Z023a132r232H133H042J023H242r024Z113c014a023t015a013203220233032Z134c016a026Z033a035Z025r044a236b246c047b027Z033q054b057Z055Z042Z034q2421035s1413053a265a044t148a058c1224064c024s045t1431054r0511049c166c04AZ322t036q037s446q025b055q165q356r141J052r617c064t075t2?players=Margots,Jubjic&colors=red,green"
362331320,,Friendly Matches,,3879232,41973045,Biku-Beku,Lawyer,2023-03-31T18:30:00.000Z,"https://www.carcassonnelab.com/#/0/0/rOT29IzLlsb-Thnl9RIMH2LoABOm66ncWc6LsD9xq-w_pRZGEJMbo89/12a122q122Z023q023c033a232q224q124a031J042r213a1123043c044a014b015a022K132H025r035t0221033t245q036q155r244t0131033L041J052r034c454a132a1142156r024K121K126q125Z134s043H243r335Z216Z127s145a0212046a026Z147Z027b064Z017Z037r0314142K242a237b052c062t252L053L257s047q061J044K33240411118Z025H0?players=Lawyer,Biku-Beku&colors=red,green"
362332536,,Friendly Matches,,84627115,84507749,Margots,Jubjic,2023-03-31T18:30:00.000Z,"https://www.carcassonnelab.com/#/0/0/qJB5EpFKb4wlx7xQ-QBOmpvXHumaudsDRLp58GhNAm8mRgblsRVdR2A/12b413Z122Z121L122q222H232a131J032J1313023q124s041L232t042K052K251J033K152s023L243K153H053q234L335J225H142Z024K143r0143034q044K02430254025q133t1234063H054K062q026J01540261052Z015b072q063s064t0342153Z064H055J054s355q044r071H181L016Z063Z073s233b034b083t193s194t225a084q062H035s0A3r085q0?players=Margots,Jubjic&colors=red,green"
362334117,,Friendly Matches,,3879232,41973045,Biku-Beku,Lawyer,2023-03-31T18:30:00.000Z,"https://www.carcassonnelab.com/#/0/0/qIEBbBqzyAiW9X1mawP0fRY6cDOP8rqsYJRuRyymCA63gmPTF0rLD9L/12b4212221K113Z122q231404121323223r0332023Z132Z04210121024r022b142b0231332r252114343533214c015Z234q025q0541024b222H034Z13430631144a2133142r01410154131H123H035Z025J232L045c024J3164443q453t034L126L033H035J045H0253044J235r441H054a045s064c142J053Z046q136s056r354s047q044q033s1352164q155q0?players=Biku-Beku,Lawyer&colors=red,green"
362335470,,Friendly Matches,,85334680,84539193,Norberts96,fanalexn,2023-03-31T18:30:00.000Z,"https://www.carcassonnelab.com/#/0/0/qn7o1gicATbBpnMuszJESYDIs-Pe_0nWjWFi0Qr7zEaONTsqU_9DNW9/21H231J122q132r1211042q1222441L122J1312033t252r243s012Z213b123b0122132b251J134q223L224Z062r052L253H163q062H042L061H135s072J325r064t153s171J173s015c032J045t026q214Z081L183r063H223r027s193s073L092t064J184t074K265L055L272q054L0321375H084L285J094H043L276K456L03330134082L194t133Z017Z392H1?players=Norberts96,fanalexn&colors=red,yellow"
362336962,,Friendly Matches,,90101428,85577871,Alexey_LV,bazilyuk,2023-03-31T18:30:00.000Z,"https://www.carcassonnelab.com/#/0/0/p7o5XG8KouCEAXTvHVQ3ya8mVqdxio0JXw1CquszXkYmEsKwxVEXEa8/12b2123113Z222K023r013102132231423Z121J124s033a13130222022s132c032s1324032J034Z133q135b014c025a023H244b242b0331042q042H043q352L1411143L044H024K251J062J061K431K045L022Z035L054a064Z255b0343153a072K373H1143074a0154033H534K183H474H271L184H075Z085Z076c082H066Z034s252s063K086b053r025s554s0?players=bazilyuk,Alexey_LV&colors=red,yellow"
362339159,,Friendly Matches,,90101428,85577871,Alexey_LV,bazilyuk,2023-03-31T18:30:00.000Z,"https://www.carcassonnelab.com/#/0/0/pDnA-0qEPyKbmKZ1xPxQ3Q9G_gIz8XLsuIf0IxhthQ55y6QTtNYA5c3/12b2212122s12211233232401330122022H2142123t023J124K234K125H033H135J015113320241022c016331711312032L244L12631432131H0412042J25340442026H052J054J2522423a0271032r26320254055K0541032b1361033b0453027J05133624152b042b153Z03520612013Z041J265H024a2462064K0471063H3182333r2643062c0651054c144Z0?players=Alexey_LV,bazilyuk&colors=yellow,red"
362339367,,Friendly Matches,,14710161,84654631,napalmEye,pavelbrin,2023-03-31T18:30:00.000Z,"https://www.carcassonnelab.com/#/0/0/q4lY2LnQU3BmzSDWU6-II2RNU1ylLIW6ZpAUaHt1ez0txymDNFpsf1H/1211221122H112a122a013b013313240234022t123H032t1141042q042213141413231L0241052r041J142c14310531251K143Z452H061H2333123q1632033r2732043t024J0524034L044b0441034q135J045L452b255J062K062Z0613053J053Z1511334c242J254c072L163H371H282J253r063r083H043K054H024b062q121L214a035c073r023a154r025a0?players=napalmEye,pavelbrin&colors=red,green"
362340931,,Friendly Matches,,85334680,84539193,Norberts96,fanalexn,2023-03-31T18:30:00.000Z,"https://www.carcassonnelab.com/#/0/0/pKZWj2XJh_70jC3VKX5QLfKNbAIXYnlEvgRjrp2bgjjhotsk7mrj5zb/12c221H2124113Z222s323q032q122b2221132a3312222J1414031H141K323J033H024J0131125H042H215202120254043J053H152J033Z363J023Z1234064J033r043q134r044t0324045t153q03520143435L0261026K0162162K0172052r272K154r073J055s0332061K365t463r034Z075r142q174t066q044L071J074L072r076s065H084r4271185t43740?players=fanalexn,Norberts96&colors=yellow,red"
877242540,,,Challenge #1,88813461,94743491,Ext4ur,Lztecih,2026-07-03T03:00:00.000Z,"https://www.carcassonnelab.com/#/0/0/ovWccmSiRTxqUqTFGvWoByhfjld4FYbMHhwEBb04L8-jwv_BBAezSU3/12b1212122q1221113a121L122K222b03221422232J14122314123311320524023H024L1432034J04410242025J0151131L041J142t03440453244H042K045J123q043K042Z162226110331023a07240512133Z0713034c024Z0824435J236K155J0143256K2353257H046K347J267K252c1541062Z065H066L177H043c024q01640262048H054H152H0632072Z0?players=Lztecih,Ext4ur&colors=red,green"
877360059,,,Challenge #1,85573257,94741318,FanaticalLime93,Grizli1981,2026-07-03T11:00:00.000Z,"https://www.carcassonnelab.com/#/0/0/qhuvdxT-s46tXI0U4uiQ-qtKsHLoBkhufa0qdY7fp4lSrYjEJj3KF6t/2111121112b2132122a123b232c0312221K022J1223031J1322032s023L12321141132H022q113c1152233c0254043a0262042b11630331024K13521273044Z245b033H028303842182029404522361028J02A10554055a1441265c027H335a056a0411036Z054b0434053a275Z337L166a063c429K026H034H034a014Z0242176Z267Z043L225c037c1651074Z0?players=Grizli1981,FanaticalLime93&colors=blue,yellow"
877382841,,,Challenge #1,85573257,94741318,FanaticalLime93,Grizli1981,2026-07-03T11:00:00.000Z,"https://www.carcassonnelab.com/#/0/0/okYvJNgmJTjHhoZ6ZJwIKegQGL9x3bDdHqR8YL1-Do2xaodiBnr35W-/12a2123222c023Z1221032a4322122r113c0332133Z1231024Z132r04240131034b042r023r024t043Z023K052324342141033q143r134q025a153r115c135r063r2241044q016a036s03421313231K0533024H0541145t054r232J0551026t04123354034L052t035c0651026a051L055r1631144a045327323461014Z3253174322121751046r2842056r12621?players=Grizli1981,FanaticalLime93&colors=blue,yellow"
877491011,,,Challenge #1,86611873,90953525,BuHa44,Zbrozlo,2026-07-03T16:00:00.000Z,"https://www.carcassonnelab.com/#/0/0/p0JQCEBRtO7Xbz5SEc8q8pOTBt82K2xVB60OieSGrnS4iAgrGMUKf_4/12b113Z121123122222122q223b032c024c1414051222310122023s024r125Z1421015a0334035a121H052a0614022a033q245Z032q055c022L034t143q4622035r245s044r055s036r2524125t253q226q052q037s063r056r216Z142q017a153c043a064r038r028s048t241K063Z027a031J162c142J051L218b027t273s546t143J047t136a457q0532054t0?players=Zbrozlo,BuHa44&colors=blue,green"
877500703,,,Challenge #1,86611873,90953525,BuHa44,Zbrozlo,2026-07-03T16:00:00.000Z,"https://www.carcassonnelab.com/#/0/0/pxXc0nQZ4aNuKr39S9WTD5H0qYyAnMI6ZMJl1EedS9kG7G9e8aQt15K/12b113Z223a122a123s433t122q114Z121K2211122L015a032J0122031H0132023H333L142K116Z125t017b041L024b222322322323242s042204320334132c034b125c13111242033Z026s344115240341042Z0351044b2512027s026a1532143r234H044H052H053H0541027a054c036a053c043K246c0552044r236t034r245q0634065202530413154K152b2?players=Zbrozlo,BuHa44&colors=blue,green"
877535780,,,Challenge #1,90518474,88450070,milo300IQ,dachnick,2026-07-03T17:00:00.000Z,"https://www.carcassonnelab.com/#/0/0/qB6ebZ532_1YJ40B3PVoKnyy4ZbxlrqBGdiZ79H8FE7bF7eDosYJLmP/12b2212322t2312113Z114Z323b024Z232Z032s023t021L0124142Z015Z1324042q024r216b01332334022J0232232J03410141024J033J026q025b031H035a1352142K0363452L051H346205621264141J1272052r023K043s3473026a433r136t125s046r034s134Z045c5222143Z345r256r0162047q053a0281054Z244q054q2382046Z0571143L036a127q1?players=milo300IQ,dachnick&colors=red,green"
877543986,,,Challenge #1,94546376,14710161,trinidadec,napalmEye,2026-07-03T18:15:00.000Z,"https://www.carcassonnelab.com/#/0/0/pyNr2fCX3G_IW-K0AVdQOSGnQGoc-YFQlqTtBswr31YxxJuc4mXAFk8/12b1211122q123q132s2223231412310322042t1412241L033q052r021L042J032L052J122H153r031J354s034r062J0514022a135r132c144t425t023K11344423123b052a2434033Z334Z215Z024Z035a145a0522014c036b01210613071206222633063r044b35330243043s043Z216Z346b2731155t3724045r272c065r266q242a156a446q126a062r364s0?players=napalmEye,trinidadec&colors=blue,black"
877544491,,,Challenge #1,90518474,88450070,milo300IQ,dachnick,2026-07-03T17:00:00.000Z,"https://www.carcassonnelab.com/#/0/0/o4r_IBS4MTzN0qjF2jw2XFarqsntBK304eqyy0AA1ucDfYZkecPGuwA/12b12122223122q1322021K0122113a132t023t0234214Z142r023Z0332033s141K151K043215342131023H022K05222633032H25130314042H14210613033J02434642124q165127421661034r05411252031L0712373405610261052Z272338332551036103531342093201620943025r09510852175325723624122c3863246424413A3205840A210684435t0?players=dachnick,milo300IQ&colors=red,green"
877556946,,,Challenge #1,94546376,14710161,trinidadec,napalmEye,2026-07-03T18:15:00.000Z,"https://www.carcassonnelab.com/#/0/0/pxwwD6dUXhVVPjUKIf2U52cKhamIIJTjXuvcxNzszHEzeKSs3JnZ3na/12b1212113b114a023Z021L422H115Z023K225Z023r031J0134035a034Z244a024H2233045Z0243255Z0251025J035J0151036L016201241141016Z236b02211263132223530451046324710373042402730282133J052213410312246c032a226H517b065c027c124b366b076a086c1484027t3174032L133a037c243J042H228s026Z1364224t126q243c177Z2?players=napalmEye,trinidadec&colors=blue,black"
877569256,,,Challenge #1,95055731,88411255,Gladki_Alex,Bluste,2026-07-03T18:45:00.000Z,"https://www.carcassonnelab.com/#/0/0/qFLFpozglfdx_QZf61ztAcdr_GxqDam5Q1qIskwcW9LRLiSwxpxXRmw/12b412312121132022t22240323122H0331032J132r031111430343124H131K3242033H04210523023K14440532051102520613121J2624022a032Z0453233q0461042Z072126310732071318343741284118522942152Z1363142H023t113a1951034q043H241K253H435t08230411144J162Z224r3814014b233Z142r25420152051H034J134b035K053b025L0?players=Gladki_Alex,Bluste&colors=red,green"
877791449,,,Challenge #1,90314669,94385542,Nallerheim,silent_monk,2026-07-04T08:00:00.000Z,"https://www.carcassonnelab.com/#/0/0/okDu2w1kQ_CKir8TW-6ilbIq_nx4tFC8KEYh2OztYYVHwwq45Bkpcu4/12a222s121H2212223q2311033s134q122b044t024s043s122K135s114Z125r136r432t124a131H1222025c023a026s034a154s044Z032K045b041H045s142K226b016c053s152q127Z117a028b023H063t143H0121037q046s043Z056q257s247q062q066r033K365r334H261J124J155q025J235L042t0141142b2324036H2244046J0422045J0251375r135b2?players=silent_monk,Nallerheim&colors=red,green"
877807546,,,Challenge #1,90314669,94385542,Nallerheim,silent_monk,2026-07-04T08:00:00.000Z,"https://www.carcassonnelab.com/#/0/0/pDwFqJD_n-59OBhLD5r0xKXWNcDWOxMuIo99jOQFuutID8TyhRZiJ-T/12b213Z122Z022t132q032c142t233t041H033a052r034b042a143b031K124Z1123014a243t023r051H142H022J025b062t143K224t115b2312133K452J044r053q016a0131234H0141235K3151044J136K2242137J034404410351038H054H025H353H144b054b24110232252Z026t063t3334151311620253026K332325430521023J2453026213631211027K0?players=Nallerheim,silent_monk&colors=green,red"
877844939,,,Challenge #1,95673062,84114808,Tor_UA,Megot Noskill,2026-07-04T11:00:00.000Z,"https://www.carcassonnelab.com/#/0/0/pDqBKalE1TIkIGIBKwHVj4V9phqW8kwiq1iN-HLKuj-vvawQmP0KXk6/12b22121223113a223a133a232a243Z024Z214Z0323053c0123115Z122H052a0231116a124q0514026q0411034Z022s0312023q425s126c025c035q135b234q154Z017b045Z145r246r132H0134055a1333055r022c033t121L233J054s043s3242034J0421124J052222520152032q0353053r13410533065q052q463r073t056r283r047q082q0141072s06122?players=Tor_UA,Megot%20Noskill&colors=blue,red"
877932887,,,Challenge #1,95452449,93792706,idinidad,butron72,2026-07-04T15:00:00.000Z,"https://www.carcassonnelab.com/#/0/0/p0FXOZ29XRVbF1GAu-qSh9TptlJuHhWhtSCVDjpKChXx7mXrhpGO86_/12b113Z121L223q022L12121314024q132b0221034q122Z035q123Z014b233a24121231024c0131031J015Z136t016Z117c0323126a232q036c027r028t025b037Z022s043Z0143035c053Z051124220521054b029q045b246a152c238Z027c028a219c438q263Z073Z0431029Z139c023L041L032J025s033J146r044r043J0534047r03320442043t064c06223?players=idinidad,butron72&colors=red,black"
877959032,,,Challenge #1,95452449,93792706,idinidad,butron72,2026-07-04T15:00:00.000Z,"https://www.carcassonnelab.com/#/0/0/oxw2_xoPiyeuQdB9tm_7hNdDj7H9eBS6IcORpwQJoz4YwnJSVKRGd34/12b122t123q121H231K113Z133q023Z143r241L234s051K044s142t032J014c153q024a1211052q133J042H063r062r0221352J062H253H054q034c035Z015c135s025a063H233c0233032r116c325r032c072H344Z036q071L146r037q173H281J283L055q027t272r065r382s023H075s074q084K166s022c117c03110333284t438q04110431083q192t01210?players=idinidad,butron72&colors=red,black"
877980378,,,Challenge #1,85672774,93988481,danielayala94,Martisango,2026-07-04T16:30:00.000Z,"https://www.carcassonnelab.com/#/0/0/qaNDMtVgBTPAQsW0H4EFB8ug33rXkDu-zF_PadB-6jqG4-fRDaZqXen/212112Z122311210231022c0324032c123Z1133123L1243421L0332113a0252033K024H032K025H0152035H03521261042L145J052J044J0421062H2454041J053J161K04621553071H072J056105420651075305320644151K073L263K042c023t142t062q1343263r032r014c063344342662224s062206730761074J185401644474337213110171138236811?players=danielayala94,Martisango&colors=blue,green"
877985733,,,Challenge #1,86482486,92416909,Kingkelodeon,TanyaUA,2026-07-04T17:00:00.000Z,"https://www.carcassonnelab.com/#/0/0.7/rWOczyTgh5iFVsDMpeFaqP_XEUV2tt1LHHiVpaJwBtZIOhioyTolErX/12a12121221122r123323122332121H022J132b042b231K122c0342241L123q042r0444033r023Z052Z0121113c034r13210451224t3431214c035q2551323K05620411042214610512153a1241062c2133125s052t1653054Z263a173Z033a0351044q06140712143c034a162135320723074b08244644055c08110911024H0922135b025c3831342H236r0?players=Kingkelodeon,TanyaUA&colors=blue,yellow"
878067506,,,Challenge #1,88737992,94367358,HappyTim7,small_red_van,2026-07-04T20:00:00.000Z,"https://www.carcassonnelab.com/#/0/0/pmfqUfFxW2jx4tElDj9Qn5gT_nKfR7K7eYdBVAbXAUJ26yOeYbKOpdW/12Z213b214a223b024c033c215a032c0212222q122b242a1222223t1321024q14230311033s125s225c04110522332s1122126q0511026Z135q234q0231421H2534227c027q117a036s031L022J018b042q043t228s028a052s02410252041H132K1331123L0141033J151K043H053J043b043113530344042K1441161J019a262K05410552071H145r029t136a2?players=small_red_van,HappyTim7&colors=yellow,blue"
878303190,,,Challenge #1,87903300,90943003,nazario77,qazxswedc,2026-07-05T10:30:00.000Z,"https://www.carcassonnelab.com/#/0/0/qoPnaicMqPjjPdMPLR9rboEnc0ebPJD5MMiV03eb9SNDcWNjLAFduZc/212322c1312112c1413132a021H431H432t042r0421043r0514022J1521042a0533432K05420631153t152a054r222s344s062a023K1551063s0652233s245r224J035t0322125s223r024q02230754014b0744025H033b0852084414312954233408620A53072Z073r0712083r134Z073b2961055q27233762341L283Z334J2231133H072s29712771015a03430?players=qazxswedc,nazario77&colors=red,yellow"
878463786,,,Challenge #1,93433730,41973045,KR_ Knight_ Realm,Lawyer,2026-07-05T17:00:00.000Z,"https://www.carcassonnelab.com/#/0/0/rMNP89KN3hn2JMgwso3ndFba2iLrgnLQDlDHfGGej65EW9-savmjmh4/12a122t123r024q032r033t021H431H213b3212112301310143142r023b043s041H233a2312151J342K132b0414061J1512343c0232052q1152053r022K1614452b2163023J062L1622172J073L0171274K263H0264125H024L127L075J071H065H055H053K01812244054H034Z082L172t044H1252081L063r043J022201910324156J128423423382062Z345L0?players=KR_%20Knight_%20Realm,Lawyer&colors=red,blue"
878482228,,,Challenge #1,97238273,85298294,A1egat0r,Asx3t0s,2026-07-05T18:00:00.000Z,"https://www.carcassonnelab.com/#/0/0/rWiJ-6tb9Su_bF1dKuwIL15g3KOi3Ic5nMBTPX9B0KnhqAoVmCEBYfY/12a12111122122q122Z013a032Z023q222L124s033s121J034t031H332t1224032J033H023Z025t141H244q143q123H133c034c145t024b053t115b043L052t035a235t024H155r036r046t044J044Z047q054r157q064q025H054Z065r155a166s056b053Z2143063r12330151442a016a336Z026c2322376r017b277t027a487r075r2244274t0251246c01620?players=A1egat0r,Asx3t0s&colors=yellow,green"
878492552,,,Challenge #1,88500055,84291236,majkls,JnNzr,2026-07-05T18:00:00.000Z,"https://www.carcassonnelab.com/#/0/0/q_CueysXJl9b1lFA7EviF5YA7m9mIh1JuzWsUct-i9NFYlTPMtfXc_8/212121J1121012b222213120322232c0332013a133b0342223c0444042b231L022J1451052a114c032K015Z442H343L141K253K025b216b033K144H034J035H024L035Z145H1143155H0151063H064H462K251H242q054J046K023L143r0231153q0132162Z033t4253254r12620462236412441474055t036J024t026L327H0271063q0374134q1162025s64240?players=majkls,JnNzr&colors=red,green"
878495597,,,Challenge #1,97238273,85298294,A1egat0r,Asx3t0s,2026-07-05T18:00:00.000Z,"https://www.carcassonnelab.com/#/0/0/p2hxFZKe7NxpI4r7fvNSNmAG8xBQk-6oTzce6GyIN4GzcECTv4Yz585/12b2121122q122J0213221L132J113Z032r01321221023Z1313224Z1321025b0421052323340531133t0514042L042s023t062311440243243r0633033a0251034t07320831053q28222931031K154s052r151J062s17410921063r09111234173t1A1205420723272s032Z624r0A2c142b21530431255s045s0711044r025q0A330612134a27532851084313440?players=Asx3t0s,A1egat0r&colors=green,yellow"
878498355,,,Challenge #1,93117867,88262806,pricci,valle13,2026-07-05T18:00:00.000Z,"https://www.carcassonnelab.com/#/0/0/pe3ktW0nwY-Gk3SzKIbEfb6NGlKBeFi0IZYm1s4q4uBniiK4SnZDyp5/12b122Z213a222q132Z423r433a033t234c023c014Z143r334q015Z135Z025c025s032q126s12114123142a336r0131052c2144143Z037q131J024K022J015403131243023J0223034H016b0252025J0262032J0274017c026L036J1171035K1234042H046J137K044J0343056L355J057H265L033H141H244t053t244a126Z236c052q045b154Z053Z063a046b0?players=pricci,valle13&colors=red,blue"
882225201,,,Challenge #2,95199738,86771532,Pakshe,adrear,2026-07-13T08:00:00.000Z,"https://www.carcassonnelab.com/#/0/0/rO0MCrm3PAhhJLCcS87yrQhxfh8U7XvvN1jk507h_oP04B6SvBd6T2C/12a121111211312132b0412122Z222q222J15142421452114311321223J033H024H032t421L042r041H042J031J151L161H262L0443023q062t271J223b052L043r024c314c024s263H032H1131064H072r043H0622381H252Z26331231053b173K054L262b033Z065K072Z063b174J0712073q073Z074b283t182b074s243b375Z354c064Z053t042a034Z03430?players=Pakshe,adrear&colors=black,blue"
882499903,,,Challenge #2,93119390,94546376,pollo_verde,trinidadec,2026-07-13T19:00:00.000Z,"https://www.carcassonnelab.com/#/0/0/pC9xiCyY69P4gsBTqvT_tBVpXzzthmlghQfkPgzgRciRamJpcYqnoeP/12b2212421L13110223313Z21212134222L232Z123Z031H024Z123H132J033b232q023r022c324K114c115Z233q122t124s316a025K026q025b01530413443q025s1143034s334H042Z033J142t143L043Z244b1241154Z245Z142K053H053b064Z055c374Z026Z1342144L235a046Z447b256a044q034a175c027a063b176Z085b017a053q036c135t0514027q1?players=pollo_verde,trinidadec&colors=green,black"
882533995,,,Challenge #2,87903300,88262806,nazario77,valle13,2026-07-13T20:30:00.000Z,"https://www.carcassonnelab.com/#/0/0/pC-OjFjzu56ZXLsZn4_pbbux0SNxrwHPocqR7NgXnmGPro1XiaaHmV5/12b2212421L1121131H232t122113140233042q0332043s022c022K232L01332243123H033H042H1342133t04320353152r043H2422151H0412041K1444052K0534062r063s023a033c2451113a2362014Z4371024Z125c015a026Z244q164t054s035Z027a1323128b01420523116Z0261042Z3152124H4632053L037c26430512018c373q238b063J024t061H0?players=nazario77,valle13&colors=yellow,blue"
882542864,,,Challenge #2,87903300,88262806,nazario77,valle13,2026-07-13T20:30:00.000Z,"https://www.carcassonnelab.com/#/0/0/qf0eZUNZaJAJ2mBTYJlHS4gtyHwnDiWVXszQBtkad5S054PRn0oYanX/121012b213Z223a014b022123221423133104110133422L1313023t3511015Z024t125q116Z0231042b01410243143Z024J053c0153126q135s133q222s2432017b04430534034s145r044q146q022Z116202610172054r047r032q0251056q0351027H0181055t326b336c152b057t153s024a137s027t052s138r263t123H1541225a065q064q2454027116410?players=nazario77,valle13&colors=yellow,blue"
882559616,,,Challenge #2,84461619,86482486,aibj7,Kingkelodeon,2026-07-13T21:15:00.000Z,"https://www.carcassonnelab.com/#/0/0/ov3ysRjjnkr4C30yIGpauo-h22GSaTKALIqvoI1SHhBh1wJ-M-bpyuX/12b113a122b023Z132c0314223t033c1412142Z422t143Z124t014a034s052a021H031L262Z1424022K1432032r224c025Z025s026b041J232L216a072c151J082c034a033q243r092a415b052t153r426t154q235Z255s045r044a144s063t042r093Z162s152L072s054c363c045Z1A2b0A11061H246b2511127Z2521053K0912128c062J064t183Z117c055Z1?players=aibj7,Kingkelodeon&colors=red,blue"
882577924,,,Challenge #2,84461619,86482486,aibj7,Kingkelodeon,2026-07-13T21:15:00.000Z,"https://www.carcassonnelab.com/#/0/0/rOmjYU15qG-6mIezw2OWtxm5yC4Vlu7vH9OzYIGKVFvPXZPLS3YQW3f/12a1212013b0311222q132b032r121K333b023c023s124a214a042q0122143t252q041H0224034c262q053r0133154s043a044q224t234r055t035q0141045s115a023K222H0241025a233K243K024H016Z034J226s235a226Z017a145a227c055c137Z228c046q229c138b219b056q146b029q218a056a247Z244J142H136b227q063t152H061L02Aq028t348a0?players=aibj7,Kingkelodeon&colors=red,blue"
882599654,,,Challenge #2,88813461,88026513,Ext4ur,FauBaRR,2026-07-13T23:00:00.000Z,"https://www.carcassonnelab.com/#/0/0/prze0AwhAgrb2SeG7mvTyHg2jzgewAYeqQs-ccBhh_3LhZOu3rvdMln/12Z222q1211123q121L313b231J4223332K122J241L222Z123L124q142r234r044r032q01310312143q224H014Z023a224c033c315Z335s053q125a016Z025t0414026c133J042b235c0321142J051J054s061L063s032b171K062r072H182J2144225J035L0333173t027Z364q045H0242072q081K028a129b044H036K42510341046K137J0124038H039c026q0?players=FauBaRR,Ext4ur&colors=blue,red"
882609380,,,Challenge #2,88813461,88026513,Ext4ur,FauBaRR,2026-07-13T23:00:00.000Z,"https://www.carcassonnelab.com/#/0/0/pKWvtY28knyConfS7keQzeDE8Z598rN2L5jKYn1OrfxHT9OisoLySCH/12b2212222s113Z222Z132Z123c33132223041404231511052b014b024q125r0232033225231624053c0633034r032t126s016Z017b0531015c063Z1342025a1442033r033b042q034Z043a042Z152r043s453t141L054414540551021J051J252K262L053J023r312216411134154a226c064c122H0732035a3351023H0252127c224b145c172J062t382J12441?players=FauBaRR,Ext4ur&colors=blue,red"
882744764,,,Challenge #2,84343035,84713215,JulianoApostata,71st,2026-07-14T08:00:00.000Z,"https://www.carcassonnelab.com/#/0/0/qmBiSV3vdj_oM9MuwMhBr2OyWLWj8btTlchhYJKnICKZzCRLcrTF2au/212312Z213a122t123r232t121L22231314142r023Z024r122H041L242L014c033r032J052J015a252r125b232Z124a033b034Z326a025s062t036Z246b045Z422b127Z061K056c044a172r137c138a047Z035t045q117b0412026q055r054a053a018a043Z053r042Z146q057Z335b027s048b463b166a164b043t173c065a128q362J372Z082q052Z144q028b0?players=JulianoApostata,71st&colors=red,black"
882967002,,,Challenge #2,94741318,14710161,Grizli1981,napalmEye,2026-07-14T17:00:00.000Z,"https://www.carcassonnelab.com/#/0/0/qNkHVSKczV7Jmy8v8GPiGV9vtXIbperD2_AQVXHTJ5pMMnXxCxtkok5/12b222a121K1122113b122t231K1224132Z22310334123b23440323132K032r035104321132333J023r0534024a1212024q024223623141034c041K133t023K034L0313025b044b043a24520521145Z224H242a053c246b243t04220253036Z453r042t052a355Z314Z122L133c054b043L256c064b225t244J025L252r115b045J062s154q135s064q026106212?players=napalmEye,Grizli1981&colors=blue,black"
883004939,,,Challenge #2,94367358,92416909,small_red_van,TanyaUA,2026-07-14T19:00:00.000Z,"https://www.carcassonnelab.com/#/0/0/qeh3QIyog8uBm5CQ-G--GXKoD78sZv-mZjdPz9yYkjjNYwNdz1iaUBo/212112b121L422q131J0314122a2223122K041H232s013Z123a223q124r114b032c0324015b0412151J016Z033c033r225q142t126q143t027s3514044r252r062t161L063q053s035q071L024c054t172H073r074t073H255q025Z465s083r082r082J017c192r236q027Z034q1332075q266r246r062H342H118Z343H033J085q052H123J234J095r053J042a3?players=small_red_van,TanyaUA&colors=black,yellow"
883019783,,,Challenge #2,94367358,92416909,small_red_van,TanyaUA,2026-07-14T19:00:00.000Z,"https://www.carcassonnelab.com/#/0/0/pMSTw63HMbNUtd8Cp83TBVkxjyQe3jxcnNV7xn6A2EocdiXVm5YA2pX/12c221H222J1213222r023q124r014Z1121131J134s033q0133123H143s042q032L015a035t02220141016b026q141K02340321032t117a027t053s022a223a032c0314336r013c0411128t237s033Z443a154q246q056r064r138r253a148r063Z064a042203321152524Z173c039r2242174q063r0344475r466t026Z3433258t057q055t076r268r149q133H0?players=small_red_van,TanyaUA&colors=yellow,red"
883153493,,,Challenge #2,86345496,85672774,Besson00,danielayala94,2026-07-15T02:00:00.000Z,"https://www.carcassonnelab.com/#/0/0/q3IU70KVco_XisdqbdH54uW30w2dE2dUvR2DCmv3q9JQkvTMhwSt6KG/1211212112c121K3133031L222K132q142q033q023H0141223303120224132L142K023r03232412024t134r1331033J034H022a152J0152051J0161025H144H053J163K262K125s464H24211431032b161L22520344042b25223511024J06242613252b014Z162r0242043a054J023a062c072a126q133Z334b044c163a064c073H071H04421451074H254a182c1?players=danielayala94,Besson00&colors=blue,black"
883158958,,,Challenge #2,86345496,85672774,Besson00,danielayala94,2026-07-15T02:00:00.000Z,"https://www.carcassonnelab.com/#/0/0/pxSPI26B06BQuSGnwSR2i6X3-uEL1GSD_XDF0HvMYpGXMeTZHEUKjn-/12b1212422q1223121H222K123r213Z133r024t231H241L343q253r332r1311052r032J144s245r042t463t135r223K023c0414036q337s126q042K034s027t047q257s024c232b148q138s114b056r249r028r015c022Z14At359q45Ar229r03At05Br034Z035b244a033a067q058q06Bq15Cq06Cs018Z328Z017a027a145c07Br055t029a142b04Cq054t15Ds0?players=danielayala94,Besson00&colors=blue,black"
883400423,,,Challenge #2,93433730,90314669,KR_ Knight_ Realm,Nallerheim,2026-07-15T15:00:00.000Z,"https://www.carcassonnelab.com/#/0/0/qfVRTgcCanfzf4shuak6B_Am4apXrB88H5s77COJ4BOWjNjKJnGAIVX/212112b421L213b122Z014b024t115a224Z023t034r025s035s022301221323036r2133145q426t034a216a044a135Z054a155q256q145Z164c026c055b136a246t317c018Z0143257r027r019b225Z029q037q065Z1152039s0161256Z238r248r067t066a026J058s123J02Aq11AZ059q03Ar275a017235Aq027J276c046a128L427412Bs52Cr23Bt34At174c1?players=Nallerheim,KR_%20Knight_%20Realm&colors=green,red"
883419564,,,Challenge #2,93433730,90314669,KR_ Knight_ Realm,Nallerheim,2026-07-15T15:00:00.000Z,"https://www.carcassonnelab.com/#/0/0/rO2-qd-Ag9lhm8LlypqNnFoYzYk_bud18il8Wh9MoxnEjfmaRROeIJM/12a12121123021K031J122K132H033K243L153J154L244H241L052K155L063K064J232q256H251L013b023c042s033c0313133t023s0321014Z346J036K066L035K043r425J0132024K0233022c332b124t044r253s1414034r1242054q261H05113341063q04440422062s452b243a064q362H265s272t334a035c074r473q1611025Z025r055q247J133407110?players=KR_%20Knight_%20Realm,Nallerheim&colors=red,green"
883429726,,,Challenge #2,93433730,90314669,KR_ Knight_ Realm,Nallerheim,2026-07-15T15:00:00.000Z,"https://www.carcassonnelab.com/#/0/0/rOZ7FmEiBwjVGGhzPFmvSWIn9WN4jIZ1t6CUi5IcSruVsMAzzEVUluP/12a1212122c122r113c032q142t121L132c333s042b431L0412032H233H023K24210311043Z124H223Z225J014Z01220141024t324302510511143s034r115a052a043J024b0322034Z13331522122H026L01610624053Z1631044a134J1154352t0223145c162a153L142J0534041J063K363c064H273L062H051H0732036H227L165J017202722284213111810?players=Nallerheim,KR_%20Knight_%20Realm&colors=green,red"
883508995,,,Challenge #2,88737992,93117867,HappyTim7,pricci,2026-07-15T18:00:00.000Z,"https://www.carcassonnelab.com/#/0/0/p_R8zOHZvIwKqmTSx2nJLm6ZrJK13LcS3aE6Ju8zCEyjh9oIt54-6M_/12b222Z132b3212242c1411133c013c022443221331452Z322q143a232q044a014a024a054a121L0432223b0534062a25240632363Z255a065a0643064Z0443072c073b082a045b156a0711574c0613166c123t146a434Z022J05110731131H423K033L0621184b0811042s0723033s043J142K092Z241K0912085b0544115b052H051J043q034r094a144J05520?players=pricci,HappyTim7&colors=red,blue"
883845109,,,Challenge #2,84114808,84375106,Megot Noskill,zaharik,2026-07-16T11:00:00.000Z,"https://www.carcassonnelab.com/#/0/0/qToGzml2NsnJDrzAhiKpBU1J_UW4DLxjPDALnkCqs4eDenTDevY2EdH/212112c221J03122222122r023r14110321051213322343123104440542061402410352055123621133026321412153113c0163122H046106410251031H4271023K133q032K041L133H1744034H2652132a01720181033b242a2123132s043Z234a252a2521222a1451044c314Z323c043L045b035b054c062c3664273417241711342L14311562243r053b14710?players=Megot%20Noskill,zaharik&colors=green,red"
883951663,,,Challenge #2,84069307,65246746,game__over,CraftyRaf,2026-07-16T15:00:00.000Z,"https://www.carcassonnelab.com/#/0/0/p0dEvvREvQHjQSSQgRrNMDFMqDAIYkFQHGe8tFRaegG-4Q9BOt-IRUi/12b1123121J122c122r122L131L023a223q124Z114a233r224t01320232143q125b0212042r025q134Z032a2332144s032r035s052t4143132K026s016Z042K0322033H0434027q034K4152044L045J154H0161037q052L013b225H053K0173315b027442830381162r0181128L228q235c045a0261029s051K254s023K138q361K064q024H065s072q063H273s1?players=game__over,CraftyRaf&colors=red,green"
884003047,,,Challenge #2,84823639,1259869,Tompa99,yzemaze,2026-07-16T17:00:00.000Z,"https://www.carcassonnelab.com/#/0/0/pTsb8mB2rix8rQl42NcYH4OCWDy38Y00t5jTICpuh9W_xLLxtgT-dkI/12a12123223322q113b22331124122b121H2334022H031H423H023a232K1132141K033a1143224a032b12421151025H0432043a1441142q235H053c0533133H03410633154406420731045208310653275308530313052Z0763025104142662042c29510963023s044Z045b234K0861034a042103212A54024q4A610A710971025s033q046Z8514225a0771543L1?players=Tompa99,yzemaze&colors=blue,yellow"
884451419,,,Challenge #2,85573257,86611873,FanaticalLime93,BuHa44,2026-07-17T14:30:00.000Z,"https://www.carcassonnelab.com/#/0/0/qNrRfZrYwV4vV1DhEpKe4b_ScY6k7AFVcSYJhF6FNv6x-Rzep8xcoz_/12b2121113Z122K0131121L123r0212214c024r023c022a125t033t232b132L235r036t022s133J043H231H0232153H0142052L141J051J0334034s063J044r2322061J045s171K0342173L04211522255q054r042c037r056q347t072K042r253s032q024J062q027r228r017a116Z065r018c127Z057s119a233a064r01Ab0412026b02Ab036Z026t058q229q0?players=BuHa44,FanaticalLime93&colors=blue,yellow"
884521049,,,Challenge #2,89754915,96610271,Carquinyolis,Larpaattori,2026-07-17T17:00:00.000Z,"https://www.carcassonnelab.com/#/0/0/qb5nOmzikjrvRTraaxfKwNpr3fxQzlLCv1QSG244LKWKqwaXmQ9FABn/211112c1311122r23212121032a022b113Z11332223242a133b5142021K052c0151022H2414223H124313422444224H1351133K04540511131L0612141L032H251L0423025L023c135K2161036H034Z3264037H046K056K047H014b0232435Z324c024r023s052q061K025c132s133q142L043K142t036b17140362327K034H23321462138K028H171L062a12510?players=Carquinyolis,Larpaattori&colors=red,green"
884531926,,,Challenge #2,89754915,96610271,Carquinyolis,Larpaattori,2026-07-17T17:00:00.000Z,"https://www.carcassonnelab.com/#/0/0/qgfHpSWxFaLhStfg1hcK8Ge9Mt_nFK27rtM0Rjvhj1THGteYV5z9mps/2121124022Z032c1221133c12332314142a13231424233404311443212c121J0134222H122r0342013a02410353132H034a0411023J324J124a244c452Z033H014115121451053a232r062c025K343b05320362143L046105431641063c123Z053H173b2152031J041H0614063K0622064H023q57118554052317440473052L3251124s25740632234K148227342?players=Larpaattori,Carquinyolis&colors=green,red"
884545623,,,Challenge #2,89754915,96610271,Carquinyolis,Larpaattori,2026-07-17T17:00:00.000Z,"https://www.carcassonnelab.com/#/0/0/o6G4TIg7U-Lgf8RV5aYAD46eMBl4BO5ICQR6Z_etaBS_lTJ7ah7nuQy/12b113Z122Z032c023a042Z1212143a024c0413234c0514222q1521023r024r235Z152Z125a225s021J145Z122J114b031H1313015a023K216Z14210321044Z1434255c017b033H026b246a0332053Z133s1231018Z141K042q062b032s0124151J2341047Z036b072a042J034q044r035s254b226s027Z152r224K345q055q048Z353r046s147r437r063Z028r1?players=Carquinyolis,Larpaattori&colors=red,green"
900654601,Rivals,GG Rivals: Season 1,GG Rivals S1W1,93297949,91626681,pikitina,chawin053,2026-08-17T12:00:00.000Z,"https://www.carcassonnelab.com/#/0/0/pzLb6k2tLLAcjpam8xDn-z2NPM1-DHXcPUiaYhXX-ctZ3gwP196DrRb/12b122Z121L023a222J113b223t233Z0124134Z132L432Z033r044c431322241413043a145Z32120511024q052b035b134t043q142L062a154c1231064a055b236a233301320614041K2421044s051K44321622045r433J05340544055204530461153t235r0321046a054r0471134K247Z335H053c042c123L052J036s255q152q256s0562065r137Z0364263r0?players=pikitina,chawin053&colors=black,red"
900728117,Rivals,GG Rivals: Season 1,GG Rivals S1W1,95452449,88813461,idinidad,Ext4ur,2026-08-17T15:00:00.000Z,"https://www.carcassonnelab.com/#/0/0/pDcM-ut-J2zmEYetf4ygN96l3Fi1uxMgexPrIFe0txJwL2aU01UMMDl/12b22121124121J0221131K022H03110324223H1412232q022c042Z151412320523224H02431612125207110261233H0624052Z02712811153Z01410152182a063a072b083c0172016101842422043302810352092Z138327232391525K027J05310731093Z1492294b037J05940583026J184c074a043c1A3Z334L3A4b45A10B4b31930913029L1453085c12940?players=Ext4ur,idinidad&colors=red,green"
900734444,Rivals,GG Rivals: Season 1,GG Rivals S1W1,95452449,88813461,idinidad,Ext4ur,2026-08-17T15:00:00.000Z,"https://www.carcassonnelab.com/#/0/0/q3p2aH1oe1wNyeqb1nEcAvsJq_22titEqZrFMYXj51jEFtK9urfjO6i/1211212122J122Z121L312b1221132J1233142L23340343224413520443443K41340312023J433J134H152J225101512163125H0451013Z1362017322610182022q11420372341J044H028444711381032q023s133q062H024q314a153J034r0574024Z3584472J0462023b015c0542456125531411032b031J044s1422273L2482033b034Z143c2682125r06731?players=Ext4ur,idinidad&colors=red,green"
900879554,Rivals,GG Rivals: Season 1,GG Rivals S1W1,87903300,84823639,nazario77,Tompa99,2026-08-17T20:00:00.000Z,"https://www.carcassonnelab.com/#/0/0/qnkxgGuRjhSCighXOs9BuKWKuczZ71mPXl4Qjz0xa9Z1ImRbcA0Vndy/212312b222q223q1311232b132t113b123b1223222Z224t024Z133r025Z025t021L414c143t1121231H022L142r044s235s0133142b053t226Z043Z0411136r034c02310421263r03310243115Z134325210351516a0252015404311452025H126J035J233b045s1321045K0513234s0363246t026q155J036J3262127s241J237q135b1462123J044a154J627b1?players=nazario77,Tompa99&colors=blue,yellow"
901090589,Rivals,GG Rivals: Season 1,GG Rivals S1W1,84713215,93308502,71st,Natpeera-ch,2026-08-18T07:30:00.000Z,"https://www.carcassonnelab.com/#/0/0.3/pqga62qbATl8Th5OSew654Y_whzBMdjQL4rE-65naL9B5GXIvN7DWZo/12Z222b223Z113b432a223t242c022q232t233r033c152a131K342r043s062Z143Z152t1311421H153Z151H0321024q162s044a0423161H0432022K134a063a024a072s0332034t0441253t182q071J02312221134212110244244q064c0522254a155b05321624165c054t214Z3631272a2134315b216c326r225a154407222821027r492109140642137t0?players=71st,Natpeera-ch&colors=black,red"
901099965,Rivals,GG Rivals: Season 1,GG Rivals S1W1,84713215,93308502,71st,Natpeera-ch,2026-08-18T07:30:00.000Z,"https://www.carcassonnelab.com/#/0/0/qNiLY8d9mYdKxrjOMzFjSOxRWfYZ6JdAXOpoKTZKbJQH3WtXp7gKfcr/12b2213222Z121K322H2222022t03120122131H132J433K243H253L144H154H023H134H245H055J046K435J1131125K0152041K123q126J052H032q013Z141101422252133s0231024s032b047H0513024L0351214c04510423033205241343064H14410532065L037J038K1541123b142Z13620634333b06211724026207140614024Z043a034Z153c027K125b0?players=71st,Natpeera-ch&colors=black,red"
901271284,Rivals,GG Rivals: Season 1,GG Rivals S1W1,90943003,86771532,qazxswedc,adrear,2026-08-18T15:00:00.000Z,"https://www.carcassonnelab.com/#/0/0/ppnXQL9Ul5kXbrUVJTJzpquU-V4WrJVnJR7DXZlqgYuMkg8RNoawEfP/12Z213b422a0123123r4131114c12210143122r12422254232s124q1344034q03311432032a115c016a1311042Z025a3421024a126Z036a126q036r043b023J1441027r04530212021L137b434a022J031K133H052b0411033t3324262b127b05321523172c025r05110622446r144q0151046c056r024K0634035t06412724266q034J0541155r1552054q053a4?players=qazxswedc,adrear&colors=red,blue"
901299351,Rivals,GG Rivals: Season 1,GG Rivals S1W1,90943003,86771532,qazxswedc,adrear,2026-08-18T15:00:00.000Z,"https://www.carcassonnelab.com/#/0/0.60/qfDV8feMvWVekhdTuzbz4rbwzZW0bxqrvVqYQrF6tviK0ywv9Oo0jgT/212112b221L213a214Z123t124t233r022q043q234r2312131K144s2223154t132s064s041J045t153q242K1122263q374r235q125t0133122J043H033J052L14112511073q23240231062t0421224403320344032b0443023K0141053J046q263H05410523083r061J05340351042b193q233Z334b151K032H0612023c044K0452247r036r144a224J155r1?players=adrear,qazxswedc&colors=blue,red"
901492047,Rivals,GG Rivals: Season 1,GG Rivals S1W1,90890134,86345496,TRojasHenao,Besson00,2026-08-18T23:00:00.000Z,"https://www.carcassonnelab.com/#/0/0/qjX69FstMJpuk5GXo4FCcYBkCOpzu-BX6gYoCco2uCBhPuFaoHkIgUA/212312a22211322122t0333021K022Z132a213b033a214Z134a044Z042c024r035c025Z023b015c0433145c0414016Z15310522223204420341062402420721023r173306343643126t117a0131136Z043c518c014436530821123K0662128r019a0562132r055a28330751033s1841176404241744153a18533514025r09340552029t3712127t1951039r28110?players=TRojasHenao,Besson00&colors=red,black"
901757396,Rivals,GG Rivals: Season 1,GG Rivals S1W1,99226938,84461619,hullqin-dongya,aibj7,2026-08-19T13:00:00.000Z,"https://www.carcassonnelab.com/#/0/0/pyJ91TtJXscKwOeshZ5RbDzxOoG5UXe5ojrhtZTUJRPzoiwOFNZmj02/12b1211121L222L131K12230324423H0131032q242t133q123121421422124K0241034r0522023q06220612072326340253135s0732043t1123062Z2742052r044r0643371111531824053s062q063b272b164b026137532841025H261J292108310933173a07610162083c451H0941022r033H0651274Z3A310912041H234J075Z345t382c2854122c226L032J0?players=aibj7,hullqin-dongya&colors=red,green"
901774605,Rivals,GG Rivals: Season 1,GG Rivals S1W1,99226938,84461619,hullqin-dongya,aibj7,2026-08-19T13:00:00.000Z,"https://www.carcassonnelab.com/#/0/0/pcqgW9nDJKZjDJ0fy9j0vlERFLjo1_nt-cPHBlMSvaLCjnCip-ff5jR/12a113Z021J1213223Z022103220121022c2311122t132b142b252b253b0411014b063a162a015Z131H016Z4612225s1714073Z025b133Z034a032K123r035s06210423034r283Z174a045q032r0633053105412524122H244r043s072323340732217b026a027r036r0744227c228c128s054s1441044a023J155t041L0233045104632241238a1551047121420?players=aibj7,hullqin-dongya&colors=red,green"
901807867,Rivals,GG Rivals: Season 1,GG Rivals S1W1,95522929,89754915,Federikus,Carquinyolis,2026-08-19T14:00:00.000Z,"https://www.carcassonnelab.com/#/0/0/puvALsbGf7MagM-lNvqx8eaZM9vB3y0Ck7Qc9iwhNPSO8Tj0mqw3Dm8/12b1213222Z1221021L11221322222K632b1233123b142b032J1414013a043Z042J044a134a245Z155c053Z0421056c163a065Z052K241J064c035b053H042s057Z0513047b136c058a052t026a062r051H074a125Z214Z024b075Z052a061J263r043q064r044q067Z054q023L077c0521045s0533131H059b035r05Ab233r043J322q0312063H024r053s062K0?players=Carquinyolis,Federikus&colors=red,green"
902330590,Rivals,GG Rivals: Season 1,GG Rivals S1W1,89754915,84713215,Carquinyolis,71st,2026-08-20T14:15:00.000Z,"https://www.carcassonnelab.com/#/0/0/qzwAvkoz4tCZAII6tXLQVKMSV0G28m9dhl3ZcVyVGpBOZOvLIHRLMep/121112b2211222c3223121L123203120241032c013Z633Z1253234b035422620361024c322r131L222H032t0131142a141K143a1272023a0374044a154a055b252c0513042H032K323J052L262b264c063Z074a175Z2153085b172a033L1413034L265b0522025K044J284Z082a333q0421483Z094a3713035J026J227J036J024J043K045L095c096c3344143q2?players=Carquinyolis,71st&colors=red,black"
902450196,Rivals,GG Rivals: Season 1,GG Rivals S1W1,88026513,93988481,FauBaRR,Martisango,2026-08-20T19:00:00.000Z,"https://www.carcassonnelab.com/#/0/0/pqdlztZ3MI2c63AyWjcPTN3eyfifRgZ8PRuapM-KCnWjH_f-eTJJVsb/12Z2211113b42222312121J022a1122123r1321033r422L132q1231423b022q133a1414042b21341423032K032c02432333033K043t443K042t023H024L144H053r0251043a0341115404421453145K0551035J052Z154106521262044t154H04330561041H062a2461053c125J044a2751047434820581036425730161464K0171053K0591163J0351174H03841?players=FauBaRR,Martisango&colors=blue,green"
902462093,Rivals,GG Rivals: Season 1,GG Rivals S1W1,88026513,93988481,FauBaRR,Martisango,2026-08-20T19:00:00.000Z,"https://www.carcassonnelab.com/#/0/0/rMe1_Aq_kOXGF8N_499Pw6VfsfJ6aGL2i2n3DFSJVsqeDgp0QGpXMkw/12a112222244212221L3132123H0312124H0414031K222J232H042J041J022a025K234L144H026H036J035K0152027J022q123r116102510264033t0243024t123b014b133a242s033K152L043c024c154H013c043H215c0321142Z0422534q144r052q016a044a035s045s026s043r032Z0522153r125Z05340624052b035b063q054s143205410233232q06342?players=Martisango,FauBaRR&colors=green,blue"
902579718,Rivals,GG Rivals: Season 1,GG Rivals S1W1,95216448,92435433,Patablanca-uy,Jotan,2026-08-21T00:00:00.000Z,"https://www.carcassonnelab.com/#/0/0/q_Ow_qVbWVCJ6z_pn_q78ngx9pGUmb0jw8EIG8h83tPLdV7KsiM7kHp/212121K112a122s022a123r232q124r033t014Z023Z242q132a0223125s0231034r026q033a024a241J142H0311132L01210413051J025c042c033K016a035Z2322036b244t245Z054r044a153s043J431J254c046a047Z157b155Z058Z052r059b268Z049c044J161L065Z039a238c429Z045r056Z034H224J036q052H253K017a063s013b154H0333148b02423?players=Patablanca-uy,Jotan&colors=blue,yellow"
902580253,Rivals,GG Rivals: Season 1,GG Rivals S1W1,95216448,92435433,Patablanca-uy,Jotan,2026-08-21T00:00:00.000Z,"https://www.carcassonnelab.com/#/0/0/qpVn1hitDXMRr-hE8EnthpV5IOmaO-gnyrKYbZx2BkToJdsdTn7LuVa/21231241223122L112b22322313122q2242221K323H132K1134131J0341024K023q1253125L133L034H2154022c042K124s041J052H0263244J043J051J145J154L1271035K0412155K051104220361044401641334026H03210521146K36140532063237312714047H242Z436H043a133a062J5723444b053K1823052a0813262a0282345123730832155309310?players=Jotan,Patablanca-uy&colors=yellow,blue"
902624468,Rivals,GG Rivals: Season 1,GG Rivals S1W1,95522929,90890134,Federikus,TRojasHenao,2026-08-21T01:15:00.000Z,"https://www.carcassonnelab.com/#/0/0/pDoK7wpIBbUhLVd1j0a15x6sF3YOKY2nYnR_XzElxLg-GEJ6epreqPL/12b2212122s3311222Z013Z1122014b115a121J025c032t024Z025t233t035r0324231K023r336s04231522262404120331063125145642072406520712166125321672042Z0774034q0764172b082a183b052Z062b092c291308613432182305410753083108532962232c033Z08710A6403420954034b144a053a2571443Z1241045b25610924155a035b245q0?players=Federikus,TRojasHenao&colors=red,green"
902860892,Rivals,GG Rivals: Season 1,GG Rivals S1W1,93792706,84920671,butron72,dremkad,2026-08-21T14:00:00.000Z,"https://www.carcassonnelab.com/#/0/0/rAO5vcntmuRfNr71htUgRd7fRip5LqZluEitofCeN075rEU4VSt_GPL/212122Z112b123a232b121H222J132K142c033c224Z014Z123K425c024K11321123131L0142013c024s024112231251225K13242151334J442101610431023q02340344433t215a025r034r026c2414126q127s027Z037q0531043q042q042L05410513052Z043H026H052H036r053K262K036K054H035J033L1353064J117b052q03310452263H036a151H074L2?players=dremkad,butron72&colors=red,black"
903245008,Rivals,GG Rivals: Season 1,GG Rivals S1W1,94741318,85363185,Grizli1981,Blitz,2026-08-22T08:00:00.000Z,"https://www.carcassonnelab.com/#/0/0/out3rhXJB7MbGdoWW8qSKGgRDQj-jCH8gL7HT0QetoAzehZDu_vtNXt/12a2123122s122K022c023t033t1224023c224a224r032b014c434c025t025Z135q026Z233c536Z045r227b016c055s344r154q253r152r146q1231034q142r064s056q062t023J035Z063q047s032H073s132t142b261L043Z172t144b2134052b071L0512051J124201410614052123130422062217220631081K062a0413183t071328110211063b021J013b0?players=Blitz,Grizli1981&colors=black,blue"
903395675,Rivals,GG Rivals: Season 1,GG Rivals S1W1,83998002,93433730,0607,KR_ Knight_ Realm,2026-08-22T14:30:00.000Z,"https://www.carcassonnelab.com/#/0/0/psA_BtG-RsfshzBd7T9xkRLWyeKMcLlWCn_UTNLHvX2gzRGcvayhVDR/12Z213Z1122122J4212123J12210311222b032K122r1131123s024r125s034r1324014c0331023c031J233Z241K12311422024a05220142021H02420622432b342r225b233r244t0721042L235a251L124K126q032t045c226c044c346Z055Z116a1633015a136q017b245t3253134Z01531341142a052c053a054c027t027Z32620442018Z028b1364338c255q2?players=KR_%20Knight_%20Realm,0607&colors=red,green"
903404773,Rivals,GG Rivals: Season 1,GG Rivals S1W1,83998002,93433730,0607,KR_ Knight_ Realm,2026-08-22T14:30:00.000Z,"https://www.carcassonnelab.com/#/0/0/pzMWRluUav3lgtdWiLAVslPpwlp0sneNUlyXq_Vjc9U6tgU5JhlLNlA/12b122Z12111311121H213c2121123r522L31311234032b123K042Z133a023a052b25140323114Z032J224t153Z134t254b0424044b063a144r242H4332133J022s032r043305320223014205420244142r115302522344062c0261131J036213740271033t154t052t0281043r224H062r173Z043K1293025L246205240564253L14712633051K152J155b44410?players=0607,KR_%20Knight_%20Realm&colors=red,green"
903466211,Rivals,GG Rivals: Season 1,GG Rivals S1W1,84291236,85672774,JnNzr,danielayala94,2026-08-22T17:00:00.000Z,"https://www.carcassonnelab.com/#/0/0/rPbgWWtWD_6YRiD374LuzJ1im_j52IBr1JMBUruK0pRg8TVsMffnd6z/12c12111222132211241232122H121J0421031L022r023r023K133404140344022c132Z0352032r232H023Z1134224Z424r042H01410253214Z243J044203620373033b1272125b035a444J034K034a424J0461043Z2454033t041L144c0261213b1162045c0283233K1172126L342b2294135H118113942191052H24740382053L1494043s23A2063J154b328H1?players=danielayala94,JnNzr&colors=blue,green"
903560160,Rivals,GG Rivals: Season 1,GG Rivals S1W1,93792706,96923333,butron72,mashumaro_daisuki,2026-08-22T21:00:00.000Z,"https://www.carcassonnelab.com/#/0/0/qom0HVvMaj2_SON60N78d1veKphS7i2sbHWGdpNKHfSR5Fle0fkxeCZ/2111313212c132a221H031L1121122c1412232t022J14231221042Z1134033Z342t02314142133r013a043b034c123b123q024q123H0521043r125s0513015Z053t0332034t125Z235t026b144q0153452s033L045t01610532016Z154r126q236r127t022r017b055s356q464t057s047r066t3614076r437q025L175q474s1634051K024c084s1621052H048q2?players=butron72,mashumaro_daisuki&colors=black,red"
903682147,Rivals,GG Rivals: Season 1,GG Rivals S1W1,96923333,92435433,mashumaro_daisuki,Jotan,2026-08-23T04:00:00.000Z,"https://www.carcassonnelab.com/#/0/0/ohBVI49U_F6j22dTl05deZnYNVTX7lmo7svA-1XE6VlMlZsk7FL10Wz/12a2212222t113b214c024a024t315b122c023c232c116Z434t22220233226t133b242b231104110321133r044r017a034b035r2423252a426Z125a1332018Z128a33411431036a129b138Z227b146a048a239a32Ab025q0241019c02BZ03BZ037b158Z0533057Z05411511036r23Ab03CZ227s244b02Cc1643337q438s03520631029r059a01Ac052312As035b1?players=mashumaro_daisuki,Jotan&colors=red,yellow"
903686503,Rivals,GG Rivals: Season 1,GG Rivals S1W1,96923333,92435433,mashumaro_daisuki,Jotan,2026-08-23T04:00:00.000Z,"https://www.carcassonnelab.com/#/0/0/o0gi0rWQQSCJRQT0qyAi3j_QRNB-dEu-XOEAaRDoc2q5hmdKBO9IA4R/12b12121124013Z222t132q02221131322c021L023L033L33240333142204311444114a031H0521033r0412042s032L234s043q143K0342041J015b032a244t054r245q251H052K034H335K124H146s025J226K115422410313123t161J024r042c071H062s056r023a143b0352044a054c222J052Z066q245Z334b663r025a446b225t076s127H028H153r035r2?players=mashumaro_daisuki,Jotan&colors=red,yellow"
903867968,Rivals,GG Rivals: Season 1,GG Rivals S1W1,97890683,84291236,honda0510,JnNzr,2026-08-23T13:00:00.000Z,"https://www.carcassonnelab.com/#/0/0/qoguumQt0H7omBiBQNaIFXgDEKDidIXfNk68TsNfr1Cb5HJJ2IoL0XS/212322Z321J022q1123132a131L0224213102321243022L123Z132t141J033Z013Z1311151H223t052K242r224b134a143t025a261J053t114a063q024t134r025s064q123J033r026Z016Z036Z065s074q0322044Z042a037Z433H224J3422052a0524025J0152035q173r038b036r012b315c142K2413053b245r037s075q417c247r063c076t1334043L062c0?players=honda0510,JnNzr&colors=yellow,green"
903970353,Rivals,GG Rivals: Season 1,GG Rivals S1W1,84375106,85672774,zaharik,danielayala94,2026-08-23T17:00:00.000Z,"https://www.carcassonnelab.com/#/0/0/puCaBm65UTpZ_rIEbAvxk1TG2MkIs9XDb5_ET7NrwBNFe8V65aiTfay/12b122q121L123s031H11211221124q133t222b243q042r053r034s1233125q0241052q032J132Z03230342235404440431026q013a133J154r062q223b043H2422044q163t273r164r283r114b035r055t015Z093r132r1411042c024a036121420252033121332531284r424L094s02640152025H01610211374r0312043c026K135J141K15110462165r11728?players=zaharik,danielayala94&colors=red,blue"
904012951,Rivals,GG Rivals: Season 1,GG Rivals S1W1,85363185,92416909,Blitz,TanyaUA,2026-08-23T18:00:00.000Z,"https://www.carcassonnelab.com/#/0/0/rLgp9HIlkj1QIP5wzK8WNsKpBXqczssLSp9--ccZgivxCSHA7jTYQj0/12a1121122c021211331223032a033Z113b023L124H1311034J234b043Z133J3234032K144J321L2331042H152L223s162J153H042a014a261K015Z11410342051H125a031H044c023Z035Z052s026Z135H071H042q027b045Z0153424t125L043103240161422J063L045H033s1421043t272q473s426K025r12511173272H026t022t0271082t073H174L034q0?players=TanyaUA,Blitz&colors=yellow,black"
904031382,Rivals,GG Rivals: Season 1,GG Rivals S1W1,94481545,88262806,BDDL1,valle13,2026-08-23T19:00:00.000Z,"https://www.carcassonnelab.com/#/0/0/qaXKZCPCjYOSgO_dH2CSRtloDO2ARU1AP5E4y4bg1g_vPB0LqDpgc0K/21J112Z12112311231L022H122c032b0323042c0422152c0521041L132r032L023K233H0512142s024J143K1431134L453H052H025J04411144042J0413154J1532224301510622233104520543163K133Z1724035H0734245H052q053s134Z023a033q063t251H161J136K1642073t171H283q07444351072H0163072r082L093q064L043Z094s082r1A3s062t1?players=valle13,BDDL1&colors=blue,red"
904048957,Rivals,GG Rivals: Season 1,GG Rivals S1W1,94481545,88262806,BDDL1,valle13,2026-08-23T19:00:00.000Z,"https://www.carcassonnelab.com/#/0/0/pAYesnHSzHvq_hwlkKudzJiAMS8xV5ckuJMdCy6dzWvHyhR6hmyHfDE/12b2212221J1311032Z1411131L222t132J042K233H043L134K244H054K024J135H023r02210322124r233q033c053J045K313c023103311243014a224c143t141J053r052L344r034c036J143Z04232514052Z035b043214421342025Z0534054404510551025r0642435r026H152t225H2562042q354q0153051L122b0661062H044c0612142c1622176407240?players=valle13,BDDL1&colors=blue,red"
904428867,Rivals,GG Rivals: Season 1,GG Rivals S1W2,89754915,91626681,Carquinyolis,chawin053,2026-08-24T13:30:00.000Z,"https://www.carcassonnelab.com/#/0/0/pTDpj3L7Y0KoPYCj3OXLszI0fh1QQHKsoPjJ1ZV0vAsesnOsBz0mEQC/12a122Z023c122q113Z123q133a124s014b3213733s034a043a234t025t232t042q131H032H0312042Z021L1222022L1231023H024Z3124035s0134144s033J224K154t226q3243052s062r063r041J051H053t072r152a082s064r0144092r01510342025H026H271K035H483q034H084q352K0414062L053H154H427K363H353c0172143r373J132b136K162c1?players=Carquinyolis,chawin053&colors=red,green"
904637500,Rivals,GG Rivals: Season 1,GG Rivals S1W2,87903300,97641101,nazario77,-Horse,2026-08-24T20:32:00.000Z,"https://www.carcassonnelab.com/#/0/0/qWky24mTJRL_TtABbbqwivXacUHOw_afRlCnDqiXZ2D-nhSvR96B9LU/212112Z222a12210312032Z121J042c113b114Z131H332q233t142t233c052r053t024Z043r154r1412015b022r124s025a052b062r026b061H032H023q044s064t151L141L071J023b036c043b234Z072r473r182s053a116c163Z13241422154b073c026s255s256s065r074s345r335t266q057q092q027c181H275t084q085r217a247s035c091L227t13311?players=nazario77,-Horse&colors=yellow,red"
905203341,Rivals,GG Rivals: Season 1,GG Rivals S1W2,84291236,88026513,JnNzr,FauBaRR,2026-08-25T21:00:00.000Z,"https://www.carcassonnelab.com/#/0/0/pCSX7fDdqrKJlq4_qS4hqbkJCOIODHnJhth_Gnq1SStQKn91q3WD5O4/12b2211213a4311223a132c033c014Z424a222q215b0411416Z1121126r026b017b018Z227b0223036b025Z143a321K142a128a052Z122b034b038a229Z244a02Ac019c045c048c01Ac022J11Bc0323253Z025s0512031H02Bt128q2232129r024203AZ03Bb11CZ039Z2133027q023H036q01Db42DZ135s02Ar032L34Bc14Ac242H033H0331324K249b245r13Cb2?players=FauBaRR,JnNzr&colors=blue,green"
905219470,Rivals,GG Rivals: Season 1,GG Rivals S1W2,84291236,88026513,JnNzr,FauBaRR,2026-08-25T21:00:00.000Z,"https://www.carcassonnelab.com/#/0/0/qi__nJwQX977Sxyl1lE3nD2_qRMkfOjji2RyPVvYEkdXMT4MM9fo4Kl/212312c222Z123b224Z022r023t0124132q133q024q133Z121H022H1312132Z1412314c4322042b034s043r033401320232043c0511134b035Z025Z115a226c053a02242614253t063a4524062b364Z132K023K073c06241534344a0422231L142r072a352a125s07220631054r016b327b337c347b046Z138Z048b2432257a217c036Z0444039c341H027s05421?players=FauBaRR,JnNzr&colors=blue,green"
905640169,Rivals,GG Rivals: Season 1,GG Rivals S1W2,41973045,97641101,Lawyer,-Horse,2026-08-26T18:00:00.000Z,"https://www.carcassonnelab.com/#/0/0/rRj9JxwVHSS5YY9e4YxipiLTSHVoPyaS3Sjvx5hsQoWjoMjIlrNb3C-/12a1212122c223c233a13110221022q124c021L114c0124034a031L035Z322L044Z123s054Z1321132b242Z052a0511023K4424045a0333043b0433455a0441065b262a053c032t133K2134041J014315211151042H025K034H043L124H126L035K527H2533113a036K26111623146J26322721073407140171045L0741128H056L17512842255L1541054L18220?players=Lawyer,-Horse&colors=blue,red"
905651944,Rivals,GG Rivals: Season 1,GG Rivals S1W2,41973045,97641101,Lawyer,-Horse,2026-08-26T18:00:00.000Z,"https://www.carcassonnelab.com/#/0/0/ptWsiEwRNPE9VoIKvga1UCtQBbCb71RMUk3w3wCbxcefwmg-GI8oyF7/12b12121221421L413Z114c123b031K032J022L122t233a232Z033J0233212201310322032r241L024c043c0141024H044a1422254Z055a041405240431133r065Z066Z143r025c122b053s051J044q1444052r075Z056b076a13331453285c0354095Z096c077a034a294a1A5a197Z0B5c0B4c093Z035Z136Z354q345q015a057a253a367c025s052a016b037b0?players=Lawyer,-Horse&colors=blue,red"
907305343,Rivals,GG Rivals: Season 1,GG Rivals S1W2,88813461,93297949,Ext4ur,pikitina,2026-08-29T20:30:00.000Z,"https://www.carcassonnelab.com/#/0/0/qEymOoiGyf_7OQYzFlNSEsz5L9INFzuUhNIpxbmty1MyTnFWm3AVyDi/12b4123113Z223r122a133t032a024q242a222r143b053b214b023Z1413132s224c251212110132021H222J1422032J1321025t144c142K0234041H054c0524055Z464b134s033Z056b035r066a152J051H457Z225Z058b061J243q062K144q233K053q115b062t016b135c031J065a045q263r075c146c226b036a054s072r267b046r047s064t074Z074r276c0?players=pikitina,Ext4ur&colors=black,red"
907590870,Rivals,GG Rivals: Season 1,GG Rivals S1W2,84375106,83998002,zaharik,0607,2026-08-30T12:00:00.000Z,"https://www.carcassonnelab.com/#/0/0/qY0R6h2UDPfT4CeOcdmjw-OTRcppGkSnXcrT77BxzbdkXEtmu-2MNBm/212122a1122132b121K031L122q022L1223113102311144132232420421132J1412041J224J051J233J0512052a233a023r023Z253b0613062204340532024b012b243a0443242J114a043J07140253244Z133t04520264062Z0271033215510362053H0343045Z163J062H042c113Z042q064K334q354J0524125H061K144H063c046b024s28120652237215620?players=zaharik,0607&colors=red,green"
907595018,Rivals,GG Rivals: Season 1,GG Rivals S1W2,87903300,95199738,nazario77,Pakshe,2026-08-30T11:47:00.000Z,"https://www.carcassonnelab.com/#/0/0/qfOcRcM6iZpNpFHaWDrzWHv_HiIiRIPx0KYOlANf_9Djn0oB6-VEAo6/212112b222c022t113Z2312114a03221413224a115b042Z024r234t223s0514016Z232b121L244r025q133r117Z125Z333Z131H041H026b236c037b046b218b035a027r0221122J0521245Z042s023K1131034c0144024J051J025J032t0612026H07120161028c035t055c052t133H042H453q043H0812052H4421054Z034H363t344a028r3912062s173r11241?players=Pakshe,nazario77&colors=red,yellow"
908154948,Rivals,GG Rivals: Season 1,GG Rivals S1W3,90943003,84713215,qazxswedc,71st,2026-08-31T13:00:00.000Z,"https://www.carcassonnelab.com/#/0/0/pI-J-mkjBGzxJJxcRLZeggUbV3lZvM3APCaeO-9LYB-6v0Xi0BFyKtc/12b2124222Z113Z122J213202231141123a014a424s124J01510244025q034r026q122q035r423r144s116b13230231032t117Z043s018Z145t228r229s038r02Ar037r026c025b055r032K028Z039s11Ac129Z033Z024b02Bt03Ar03Br24Ar0313049t047q336b24Br059r23Cr046r0332057q037a247a046b115Z127b157c43Dr42Ct158Z134c321L656t436q1?players=qazxswedc,71st&colors=red,black"
908211474,Rivals,GG Rivals: Season 1,GG Rivals S1W3,93988481,84713215,Martisango,71st,2026-08-31T15:00:00.000Z,"https://www.carcassonnelab.com/#/0/0/qbWvVJzxsbPdSh6fQfQ1k45tM5EEMzbjw2bNGBtYQYbrSLQNdQ0gvsK/212112a221K031H041L213b014Z015Z232L223c0314133Z225c134b222t3413042a044c035b4324023t016a024c154a432t217a0121025t032b045Z127q018b042J036b437r052a153c064b042s055c137b052H433s265Z256a051J061H152s262H266b0421071H343H472t144J182r047c083s0513063a074c184a083c072L153s043r075b082K163H083J073c0?players=71st,Martisango&colors=black,green"
908224073,Rivals,GG Rivals: Season 1,GG Rivals S1W3,93988481,84713215,Martisango,71st,2026-08-31T15:00:00.000Z,"https://www.carcassonnelab.com/#/0/0/qKQK-hT_QL1vHAoWc-_G8qUZB8dXSJhAmKaSvIWwJ2WmNT9xRa_ay7B/12b4121122a2212222J1314021L1321032L123a224c0221132Z0231431H132r033b013Z142K023q114b033L133t0244034s0412142Z143c035s013301411154123H1512045s124t06113524042q025K055q234J0251044q152r046q171222642814015a216Z017b126a051H044H254J036a035Z035H025q253J062Z053a054r036L064s0533065t15410622143J0?players=Martisango,71st&colors=green,black"
908737371,Rivals,GG Rivals: Season 1,GG Rivals S1W3,94741318,91626681,Grizli1981,chawin053,2026-09-01T14:00:00.000Z,"https://www.carcassonnelab.com/#/0/0/pE4lwbCKjMIrCMzCOToM5K9BX41o6CFQC9vjWWHhv5gaj_dNY5fC6UI/12b2121022r123q11330211213b024s123b1234114a233q124c025a225s035c132t445Z034t023K042s036a322c2311244a034c046c415b026a133b231J1141056a3241027c317a2154021L025H218Z432c119a137a01AZ038Z028Z21Bb126J241H051H029q2164039b249a452r027r016a124J027H148c0174028L02AZ439t03Ac038q043b02211413053c054c0?players=Grizli1981,chawin053&colors=blue,red"
908972001,Rivals,GG Rivals: Season 1,GG Rivals S1W3,97541762,84291236,Townsend17,JnNzr,2026-09-01T23:00:00.000Z,"https://www.carcassonnelab.com/#/0/0/osNAJBiuHR1axwYtqHqzYK-377G4dWslvThEJPClFBP7h1lTIYs2a6L/12a2123221211331222121K122J022s432L431L1324023r242H043J022Z052K0312151L232s161K032c042b033c143Z233t044b04210522152c034r145Z155Z023b056Z4433057b067b254b3414047a0532035a068b034c177b2141236c024Z066Z425b323H137a014b024J334K058a053H0542046b026a21532632033J1513376Z286a063J0552048c1442087c0?players=JnNzr,Townsend17&colors=green,blue"
908975164,Rivals,GG Rivals: Season 1,GG Rivals S1W3,97541762,84291236,Townsend17,JnNzr,2026-09-01T23:00:00.000Z,"https://www.carcassonnelab.com/#/0/0/qiiqtunOVZIN24hSmAkhxIVaQgr3_UPeZonbOYcib-ubxq8a9DiCSyE/212112a122Z032Z033c113b043Z222r242Z044b132r154c042r034c114Z031K115Z024a052t225Z232L023t162r022L024t163q033r143r152a044q054q225r235r036q055t045t065q021K446s141K075r226s266r016b053t027s517a037s127c047q167s077q051K185r086t495r096q0A5t197t023H0A6q0B5s052L033L056t0314161J043J0A7r034J037a0?players=JnNzr,Townsend17&colors=green,blue"
909778557,Rivals,GG Rivals: Season 1,GG Rivals S1W3,95199738,92416909,Pakshe,TanyaUA,2026-09-03T14:00:00.000Z,"https://www.carcassonnelab.com/#/0/0/oy2Iu6Z_zFVuU7_op0qxEieI4tx5flNugJORV-5DrHCXJS8E2XA78K_/12b12112311213a1222123c021L433b132c022q134a132t144Z042r031J3122132K043Z0233452q143q033q062q041K063q0332045Z022K3241223q151J142L164s044q045s254r065s025101520351054Z066q064Z053s134304320532267q04430362042b256s0462065a0451055305443423474Z0643035q025r214b052H035b015c1141243H146a026s075q0?players=TanyaUA,Pakshe&colors=yellow,red"
909788744,Rivals,GG Rivals: Season 1,GG Rivals S1W3,95199738,92416909,Pakshe,TanyaUA,2026-09-03T14:00:00.000Z,"https://www.carcassonnelab.com/#/0/0/pn_1AhPdQxEow5bmlTJbJXsLAy5-pC4nXKh6m56B78pQ6YhIVU9NHzP/12Z213b123Z114c223q22141221215Z222Z2313033Z024r024b243Z225Z021J034b131L022s116c026Z122H033r017Z126q041K036r025s332t027s142J223K043J043t353q152q063r018b542b428r053Z038r054q044b032L048t147q027a1321037r1334037Z335a044J058r249q24As128b03At046s15As056q032c045c245t319c155Z034r054b065a152J1?players=Pakshe,TanyaUA&colors=red,yellow"
909875428,Rivals,GG Rivals: Season 1,GG Rivals S1W3,94741318,97641101,Grizli1981,-Horse,2026-09-03T17:45:00.000Z,"https://www.carcassonnelab.com/#/0/0/rWdi7wCrDUvVwqZ9QFeyI28LzOwV0AEf2iy_-GnyHVBO2HAxseFAMLe/12a12121223222q113b021J032s023s042s143r052s141K222Z032a051L033Z053r024q123c014Z025s234b134r431K415Z124a352H125Z132H035a216Z122J053H033H017b345a1232042J262r063L127Z118c0241055c0142227t036Z1132428b044c156a429Z038c024L061L143b163t023L1314142a053c0253244t152Z054L262Z039Z02Ac13220124045r1?players=-Horse,Grizli1981&colors=red,blue"
909888149,Rivals,GG Rivals: Season 1,GG Rivals S1W3,94741318,97641101,Grizli1981,-Horse,2026-09-03T17:45:00.000Z,"https://www.carcassonnelab.com/#/0/0/pwe11gEQpBvbPo0l-KU15Jm_-KEncJZwwvGd2ju3udrbKv4lw_edf8s/12b1212222r131402222233241103340342132t142r02410422041L021H043t023s022c2124114411340521052r225312612354223a0534023J113b014Z0632273407420271272304321821044218111541082b083312820384031L0841022L14520464055203930912232Z0A14492Z053r0152042a332H0922124K0364233K1A2206231A33324t1851234J09341?players=-Horse,Grizli1981&colors=red,blue"
909931378,Rivals,GG Rivals: Season 1,GG Rivals S1W3,85363185,93988481,Blitz,Martisango,2026-09-03T19:00:00.000Z,"https://www.carcassonnelab.com/#/0/0/qfsk9OTaw6D6Ja3RQlMPAi9SwqDt6ud6gN6jEa7HGDwtDOOk-o4hpWx/212112b222q213a132r214a024t015a233s025t124b042t125c252s041L053q223t154s034q044s035q236s242J216b426r432L121K063t133K237t152K043L122Z023b073q038q122L053L063J064K2312032b173K151H026b2414022313241513074r0232042c245r083s0241061J372J572t0342082r0521075s092q044L034a0441091H034H0532033112521?players=Blitz,Martisango&colors=black,green"
910328807,Rivals,GG Rivals: Season 1,GG Rivals S1W3,89754915,90314669,Carquinyolis,Nallerheim,2026-09-04T15:00:00.000Z,"https://www.carcassonnelab.com/#/0/0/qREcSSn57nIx5kDe_k0LUT1kqXpN8TGx-OkzLOTntre2_341Ip86k1s/12b2212122t122a43132223123Z132s033Z131L232H133q022H0231013203210412243r0514042Z033H0331042q142H013a053t2244054t134K444s152a264r041H052H032Z163r062c062q073r165r274s075t051H453L252r285r186q262L035H234r284q072s0612071H244L255q082t081J036J045t091H225J043J195t076q0A5t092s021K053Z377q1B5r2?players=Carquinyolis,Nallerheim&colors=red,green"
910331697,Rivals,GG Rivals: Season 1,GG Rivals S1W3,95055731,90890134,Gladki_Alex,TRojasHenao,2026-09-04T15:00:00.000Z,"https://www.carcassonnelab.com/#/0/0/pNq-9fT4yEiQGaH0u_9Vb6NLE87mEtoWV56vrbZTv8YKLCOJ6k1uKKT/12b222c023c033Z034c121L221113121123131J013Z032r022q233s042r132J342K133J0132034H152r044K062q024K044a235Z241J161K136a035L1141045J072q222L132b242Z054c03220414352L053K0153243H422423321423153Z043q114b034t023J162J282r463L063t073r0512053r0611062b0621426a0431344r171J154q06332723472c045s054L1?players=TRojasHenao,Gladki_Alex&colors=red,green"
910345074,Rivals,GG Rivals: Season 1,GG Rivals S1W3,89754915,90314669,Carquinyolis,Nallerheim,2026-09-04T15:00:00.000Z,"https://www.carcassonnelab.com/#/0/0/rOljB9IgSTPuMIHA1ulT8ZzlfkUBtmJPybJFWdqRsCla8XhMWjgNAP_/12a1212113b02242324021K03332422243334414532322q0121131J0631145313412542122H0412013402424253114316220554022Z0511042b214Z0722241K242r042H051J043L032J023H224r0314144J034J0644053J023b043Z033c044b2824353b0711063a115Z2654016b262c024a354c2812064c072a2924025a055Z025t093307423753034c2841032q1?players=Nallerheim,Carquinyolis&colors=green,red"
910392418,Rivals,GG Rivals: Season 1,GG Rivals S1W3,90890134,90314669,TRojasHenao,Nallerheim,2026-09-04T17:00:00.000Z,"https://www.carcassonnelab.com/#/0/0/qYa7Ti_6ljJTDla5bXW4cXf1iIC1uJBRkr1eh8W9lR2E3YkQUaN-wDl/212122a112b413Z223b232b224Z325b126b242b034a315Z114c124r343a152c0223223q121K016a053c0231022L0241062c11310123032K263b133J072b325q0333034H024H026s03120711243408142421036t1614046r273c164b074a05220444044a022t244H0544447r035t033t048t134r023J032q14510352049s042r075c043r045r125K184a0153033a5?players=Nallerheim,TRojasHenao&colors=green,red"
910425663,Rivals,GG Rivals: Season 1,GG Rivals S1W3,88813461,41973045,Ext4ur,Lawyer,2026-09-04T18:00:00.000Z,"https://www.carcassonnelab.com/#/0/0/pwg3GplBz6tvuD61IhgqctEZ_SaqDsCA4aRkceW6SUUTY7C6yXbxsso/12b1212222s2314021L222Z13233412213b132s233s0124123Z024c1511014c034r2524042Z215Z124t252b042t0614033405320631031J0422132J0431016a043b033b032Z117c123s034Z025q125c126q136t053Z135b237t054b263c464c145a1232027Z037a041H151L052s062q063r062c238r142L053r046b461K036Z038c118Z247Z056Z128a019Z229q0?players=Ext4ur,Lawyer&colors=red,blue"
910526394,Rivals,GG Rivals: Season 1,GG Rivals S1W3,88026513,96923333,FauBaRR,mashumaro_daisuki,2026-09-04T22:00:00.000Z,"https://www.carcassonnelab.com/#/0/0/o8GjY55md4GJi1bkUUdWVo7XgVDzc6eRGm0dWaBteqdk29L_uXr3U_N/12b1212122r113a022Z014Z223t024Z233r015b0312025c035b032r134s031H044r0122032K033H225s022L243H132b034a145q144c023H143c042t044L034H242K035H353H253a154s154b353q045a055r256q264q252Z063s124J0144163H063Z362L02413134164a043s3151116a4321026a054H141K055H024t265H0161225K026t136a0234461J073H226H5?players=FauBaRR,mashumaro_daisuki&colors=blue,red"
910590469,Rivals,GG Rivals: Season 1,GG Rivals S1W3,94481545,88813461,BDDL1,Ext4ur,2026-09-05T02:00:00.000Z,"https://www.carcassonnelab.com/#/0/0/qW05eO8iagAp3bpzAm_J9UBMeW3yJ4f60BrQMg3c6F91weUKFVPlH1r/21J112b131H241L221321231222022q132J151H032s21310311422b042q133q142L313b033H04122423342a0231033115220621152a0611032b0141062c2514123K043s0324134L035H025K122H126K133Z127K145J028K143L152s036H4173214Z034r035s025q044q129J045s024H3342318402AH01A4039H223s138J023a2164015a348K33AK037H024t04310?players=Ext4ur,BDDL1&colors=green,red"
910593421,Rivals,GG Rivals: Season 1,GG Rivals S1W3,94481545,88813461,BDDL1,Ext4ur,2026-09-05T02:00:00.000Z,"https://www.carcassonnelab.com/#/0/0/oky4A13fPI8QY4LE9O7jSv9F32GRUIs4nfd0xbIKjz8ukQ6lL48kZw8/12a222r123q1212221J124q213b031L214a025t034r1121223b135r033q033b244r036s0314022b041J026t032K142s033K116a243K022L232Z326Z051L027a052H125a052s062q2133363t234H024c0232328c015a362J072r024J038a029b0323063J0331273r043b339b236b042Z154t053c055q052a062Z045r165t0513166q076t217a244K354J034b044Z1?players=Ext4ur,BDDL1&colors=green,red"
910609034,Rivals,GG Rivals: Season 1,GG Rivals S1W3,94481545,88813461,BDDL1,Ext4ur,2026-09-05T02:00:00.000Z,"https://www.carcassonnelab.com/#/0/0/pbFGHSs4FhEqAdtlFbyjOSVHiLiKjErSQcMm8N0ul_T_0lJeZYJWgVN/12a121L1121113c0222122a2322132c033a22123132023K022r14240413042a2232052a151404310521144103410143122L134b053b462Z023q044a032q172Z031H045Z133r023Z054c134r164b074c073b0614124c0712041L044t125c024t043t0812142q1724015c4621153t054s026c052r025r135Z165Z17310332151H062r0632126q363r3351061L127s4?players=BDDL1,Ext4ur&colors=red,green"
910781109,Rivals,GG Rivals: Season 1,GG Rivals S1W3,93792706,97890683,butron72,honda0510,2026-09-05T13:00:00.000Z,"https://www.carcassonnelab.com/#/0/0/q-3ZFNrj7Jf4eCogTzCJ2aW9Z3uI4zLMlAYf-XYLBcPvaXjHN8CI4Rx/212121J112b222J2123132J22230312122s132a032q2413142Z133Z042J041K023Z0422013Z0514043b253c033K024b233t042s134K043H225b023403330242152b063a23241521264Z165Z074b023K04322614071206210534052K062L352t044Z043q045Z334Z126Z046a172Z036Z037a231L044s035b163H054s038b044J054H073c024H135H136H414116342?players=honda0510,butron72&colors=yellow,black"
910791288,Rivals,GG Rivals: Season 1,GG Rivals S1W3,93792706,97890683,butron72,honda0510,2026-09-05T13:00:00.000Z,"https://www.carcassonnelab.com/#/0/0/orMFOcPBZ3QkUYBqrK2cFScdl3_rECxLgOhAdYhdy-DzncUsvXe77zB/12a2211221K1122122t013b23110222014Z123r124Z032r134a123c032c233q1321034s044c045Z015Z235s016b224q025s031J146b055a145r136q156c142q165a143r055q054b036a053Z275c064c285a241K047c084c042L151H266b043H076a052b395c452s062q053t053J096Z3A6Z022H033L043a035a217Z072r348Z097b4331037b3A5Z494a126t673r0?players=honda0510,butron72&colors=yellow,black"
910946685,Rivals,GG Rivals: Season 1,GG Rivals S1W3,94481545,96923333,BDDL1,mashumaro_daisuki,2026-09-05T19:00:00.000Z,"https://www.carcassonnelab.com/#/0/0/pDzjUxj2V4e6ySv3ath8EVh9efzHuSUTKdPh5q0Fo3UUpSALBswIyrn/12b22121123122J022s123q013Z2132133r014b022c015a232J032Z132r033a033J025c034Z016c025t0141023c124H1231244Z142a043L252a153c054a135a062c053J0313244K4413143c02242614024t145H064a145c1514063Z146a0241074a1622084Z075b056Z076b086c033304230724031K023H135r036b334s0713285b3731377b142L278Z072Z063H4?players=BDDL1,mashumaro_daisuki&colors=red,black"
910957852,Rivals,GG Rivals: Season 1,GG Rivals S1W3,94481545,96923333,BDDL1,mashumaro_daisuki,2026-09-05T19:00:00.000Z,"https://www.carcassonnelab.com/#/0/0/ov2J68EiCH40OdVnvZZtZhUI77yRRkesSUVTosePnS3zqpHJ1F-zdqo/12b113a122c012312210131023q123H214203210211024H325K134J0232033H135K244J122q022L132t032H021K342J241H236L051L145H255K156H046J1422137J047J057K148K066L323c052t027K061J053q024a043H124r071L234r053L062r0524263J0624033t052H038L028J018441720164214b32742512239L0611062b152Z0533243r1542071205523?players=BDDL1,mashumaro_daisuki&colors=red,black"
913515989,Rivals,GG Rivals: Season 1,GG Rivals S1W4,1259869,41973045,yzemaze,Lawyer,2026-09-10T17:30:00.000Z,"https://www.carcassonnelab.com/#/0/0/o3gu7XIwMy4W7urxc6KSETVcWR9P8N_0Uljd2e9dj2ro5Goh-R7qyGd/12b113a122b022q132c2123133Z121K334a024Z031J1222135a03110234236b046c237b027c256b045c026b057b032r066c017b241K044a142t423r0331054c024q033t125s234s015a027r035t016a045r164Z04320412038a226q146r036q165Z047s052r0324048q437q155a018Z728a143b248Z076a086c177a078a055q057q0442149t063Z153s062c059r0?players=yzemaze,Lawyer&colors=yellow,blue"
913522726,Rivals,GG Rivals: Season 1,GG Rivals S1W4,1259869,41973045,yzemaze,Lawyer,2026-09-10T17:30:00.000Z,"https://www.carcassonnelab.com/#/0/0/ql_S63SaBmo7vioY6Y5uoHz766bcRD2hhFAO9ALstx3lAUJmnBIlXFl/212312Z2222122c123Z122r121L2312132b232t113c233t243s134q042r0411041H1233224q0124151J042H043J042Z322L0133023r025r243b4322033K124c031H033403411422323H034J244q035q233c152q426q2524227q0534024K037r047t236s052Z053q062q372t063t0512353L053Z154K055L164H054Z2632056H057r365K055c164a245a065a15421?players=yzemaze,Lawyer&colors=yellow,blue"
913534886,Rivals,GG Rivals: Season 1,GG Rivals S1W4,1259869,41973045,yzemaze,Lawyer,2026-09-10T17:30:00.000Z,"https://www.carcassonnelab.com/#/0/0/rOAhvcnaVVhAEWCKogSt8fC_rKX_WIIe5v3NyYFqpSXSsOpqbG7-C7W/12a12112221121L2312122H032Z131J032t423L2132033K032J134K143J141J142r051K2123033s423r0414253H052r022r124L244H043t135H045J054K036J026K042J11410153046K237H056K125L357K1241038H048H063L0321058H347J033b249K243c022c234c362L24AH03AL05AK253t072K068H071J069K028H029J282K063q078K039K027J242c073K1?players=yzemaze,Lawyer&colors=yellow,blue"
913984884,Rivals,GG Rivals: Season 1,GG Rivals S1W4,84713215,90314669,71st,Nallerheim,2026-09-11T15:30:00.000Z,"https://www.carcassonnelab.com/#/0/0/qhTbu6ROQVBFEX4i_iAjGIXv8r784z8CvYGsnzWLk2fHISc3a1Ic4Oo/2121121112c2221121L0311132121341334332b022Z042234141432031H223K022r051211410242013Z052Z032K0342141J0442145412520531051H052s1544014b452H132s023q2352053r042t062J0263146122720473048143830284053Z0183024a043q361H444r124H045s034J025K134q2374024q0294035s253K4163263K063s055s354K025r043K015c0?players=71st,Nallerheim&colors=black,green"
913994316,Rivals,GG Rivals: Season 1,GG Rivals S1W4,84713215,90314669,71st,Nallerheim,2026-09-11T15:30:00.000Z,"https://www.carcassonnelab.com/#/0/0/o8D_3My2PlEI6RwCJtRj83EJGzs0ffvxoakOezstH9m16aGesunLz7E/12b1212121L222q023t0312122L032Z1223132r04131321042b1333243a024s023H042r0133033t131J033b013a134t153b0434014403440421143r035105110523063Z3612064b174c244r035t1451036t052s032K023205312552122c046201524654046q0161033J0263075b26621251053q2473017214811713073Z02433763012107711384026r262b056s0?players=Nallerheim,71st&colors=green,black"
914004188,Rivals,GG Rivals: Season 1,GG Rivals S1W4,84713215,90314669,71st,Nallerheim,2026-09-11T15:30:00.000Z,"https://www.carcassonnelab.com/#/0/0/pocMJZ8-qonYDeOmQTNjq9KcZALzMuM6Hvj2cCzFDxZrgNi7o37Fuf5/12Z213b114Z123a222b223r032a115a0313125b042a033Z1322134b0424052a043b03331222041314320512124q053b054a033t343s162c042q044q15340543134406110354052114510552063115610361045t054q022t1732355r0724056s08222243057r032r192202512811063Z4A21221J0A13241J153s372Z025t0931042J1B12435Z3B240A320232535r0?players=71st,Nallerheim&colors=black,green"
914193816,Rivals,GG Rivals: Season 1,GG Rivals S1W4,88026513,97541762,FauBaRR,Townsend17,2026-09-11T23:00:00.000Z,"https://www.carcassonnelab.com/#/0/0/qYBIk-Pg08ZKbyd7S6fFs_na06k-_TbhDJBBzTKGlA7tzkCcFO-Rxz0/212112b213Z114Z123c024q022t032t034q015b033t225q131H216Z424Z135t225b241H126a142r027b144q252s253t221K042L052H063r051J022a135a045a334a062J437a032a033b017b047b028a145s231221230131261L143r436Z022H232H053J048Z158Z023443320323029a049b268a039b142c02241411038b067Z043J146q256r047s363K071K223L1?players=FauBaRR,Townsend17&colors=black,blue"
914211341,Rivals,GG Rivals: Season 1,GG Rivals S1W4,88026513,97541762,FauBaRR,Townsend17,2026-09-11T23:00:00.000Z,"https://www.carcassonnelab.com/#/0/0/MhN1aSN8NVrUh_C315CrnpE6mPrXQes8y2Lu6rJr/12a2121122a1222121J023a013b322r332t142t13210313031K033a04230432032K141H014b415Z133H0133223K0534024K116c0633023s124t1141025H2542043q052s034s024b262t034a042L025r152J152202121513061H026s01540621043a0614032c0?players=Townsend17,FauBaRR&colors=blue,black"
914234684,Rivals,GG Rivals: Season 1,GG Rivals S1W4,94481545,90890134,BDDL1,TRojasHenao,2026-09-12T02:00:00.000Z,"https://www.carcassonnelab.com/#/0/0/rPYnRT7W0Tcywv5JGrI2xujF1I6TB5tqL_jyB87E6IGbMncOuhhHDfi/12a1211122c113c022q114a023Z133Z1224224t232Z11222312134a1233135a224c025r235t225Z045Z026b4413244a0512126r0422134r0332046Z127Z017c137c143c036Z044q05243622038b055c065b042b266a054t145r015c118c2633148c054Z0611064r253b233r067b057Z0714072Z364Z021L027s075Z132r0721043426420531085c062Z1744328r0?players=TRojasHenao,BDDL1&colors=green,red"
914246510,Rivals,GG Rivals: Season 1,GG Rivals S1W4,94481545,90890134,BDDL1,TRojasHenao,2026-09-12T02:00:00.000Z,"https://www.carcassonnelab.com/#/0/0/qb-wzwfL3qqbdbY2OoB_PESST_d7-kc_mZSjEH-JMqk28Z8KfOa8LhK/212112c122Z022r213Z132c023Z323t014Z115c024c0123124r032s021H01320141133b1241023J133q134Z031L233L1344024J03310324043a232K053a141J063c043J542r0222151L152H243t061K052q262J053s271J054r444J163K072r234q062q135q245H436q237s245q073s064t054H052c042H074q154Z226q044b034L264b064L173a084r062Z063q1?players=BDDL1,TRojasHenao&colors=red,green"
914248593,Rivals,GG Rivals: Season 1,GG Rivals S1W4,94481545,90890134,BDDL1,TRojasHenao,2026-09-12T02:00:00.000Z,"https://www.carcassonnelab.com/#/0/0/qKl1P5KLh1YryUfXagUMSZgK86ivJhd8hAA7XpA1zUq4nXgMVlRfd1Q/12b422a121L223a131J213Z132q122t224Z1212225c033r032L342H115b052H053K225t014a024s063H235q026b273H254H062K083H116b082H017a093L11221A3L151L042q034c01310224052q0313044Z053t061H133a071K0A4H0B3J041J143J362s281K023H0A2J024K033J094K0B2L191J0233035b0A5J032b174K0414264H244H443b054Z055b026r034H1?players=TRojasHenao,BDDL1&colors=green,red"
914393637,Rivals,GG Rivals: Season 1,GG Rivals S1W4,94669974,86771532,Berna1871,adrear,2026-09-12T11:00:00.000Z,"https://www.carcassonnelab.com/#/0/0/qYxWPfkgjT7AX15hDxM4BEeB83ZodqJXfBDJKhVu4436tCi1-pnX5_9/212122a03120321012b423Z1422122t1412013c052106232532023r1514033c042b034Z1721024r0734232s034q0631342s425q014a135c26110123121H3131062Z0224144c022L331H023H133H4231132b145b015c0142016a043J041H024J234L03330544052s1443025a043b053L051J044K1153035J0254253a172a063Z026q154H052Z145114622553227s0?players=adrear,Berna1871&colors=blue,red"
914397010,Rivals,GG Rivals: Season 1,GG Rivals S1W4,94669974,86771532,Berna1871,adrear,2026-09-12T11:00:00.000Z,"https://www.carcassonnelab.com/#/0/0/qZpcLoOMVptMiFiki0YpDnaMhxaLfH_RCoOE98Kx3JJcRIF6H9ltKCS/212122Z112Z213b114a115b121J323s032Z125b031H032K231213231411133H024Z023c016a141L1514052c034c022H126b032q136b042H252L242t062J061K072L152s082H033s153J044b046Z024r037b045c043a033b042b051J353s325q235t234r053Z044q262t154t047b056a148b055a092J045t243K027c062a173J071H191L0331266c0341038Z134H4?players=adrear,Berna1871&colors=blue,red"
914403566,Rivals,GG Rivals: Season 1,GG Rivals S1W4,94669974,86771532,Berna1871,adrear,2026-09-12T11:00:00.000Z,"https://www.carcassonnelab.com/#/0/0/pEE1jfxTnfMG_h8pRZ1Ew53IBLyp2T4XRqHzVkamHg56C9MDJ3flciQ/12c221K1123131L122a113Z022r0212023a214Z023q032a222403120131242c124c234a224r043a015b034q125s033q123K0412024J0232153c2242044t1322145t035r046r126r243q056r244Z054q033K066r064r0332042t0424125c0512053r0432035b2522344405310542165q267s176t04520254075q057t285q052b06220614225H032H486s022H196t0?players=Berna1871,adrear&colors=red,blue"
914417002,Rivals,GG Rivals: Season 1,GG Rivals S1W4,97238273,84114808,A1egat0r,Megot Noskill,2026-09-12T12:00:00.000Z,"https://www.carcassonnelab.com/#/0/0/qe7s9NWP1RokKjEZyBTvRj8n-aTbDHJDpPxxLYD2eXL3AQYZDUs4RI4/212112b222r1123121H022311332324231L133101420244032q1314122J041L132K2232013Z0253122Z124L014Z024t14330444433t0541023c124c025Z153326422653126Z123H227a017Z028b0342133L232a034c042H05240414043s0152143J042a143b052Z062a0421151H361L0611053L052J015Z053b2512253r025t033a316b263q163b073r064b126r1?players=A1egat0r,Megot%20Noskill&colors=yellow,red"
914428262,Rivals,GG Rivals: Season 1,GG Rivals S1W4,97238273,84114808,A1egat0r,Megot Noskill,2026-09-12T12:00:00.000Z,"https://www.carcassonnelab.com/#/0/0/ooWD8CCtfxOxp_rPa8KBV_Gre_f_PoSp4_JlCkWayRmBtbubFwoU03V/12a21241223122H02113131023K232J021K131L122t041J032134211431214142311413032q133K134H05110333152b224301530344025K013c014c022c032c024r034q1442035r015b051J4613224Z243L053J052q025c016Z0624026s162r0532035Z027q136Z237b2161053a062c054b434Z463c144a133c142Z223t064a043c145q226a246Z072q037q038a0?players=A1egat0r,Megot%20Noskill&colors=yellow,red"
914435963,Rivals,GG Rivals: Season 1,GG Rivals S1W4,97238273,84114808,A1egat0r,Megot Noskill,2026-09-12T12:00:00.000Z,"https://www.carcassonnelab.com/#/0/0/pm7xN_InOk5l-qfKqPpuYVKeqz91EPMkqCAi5_BbprZqQikWK9jI92b/12Z213b222a2123114a221L11320224023t022r032c033a0212123c324Z043a125b232s134c015b032322340331016Z0433253c2342142c0422023J3533352a0444014204515511033H022H1353032K043J131K12512541344H25533651142J0463142t034K061407130241052H4622053H0641251H05610743024J135J04710362033q07320311163Z024q025q0?players=Megot%20Noskill,A1egat0r&colors=red,yellow"
914487237,Rivals,GG Rivals: Season 1,GG Rivals S1W4,88813461,96923333,Ext4ur,mashumaro_daisuki,2026-09-12T15:00:00.000Z,"https://www.carcassonnelab.com/#/0/0/qX9wm_LdPDUVAw_ABtdCn9PIrU_OrMsX2fB-yLibv_7FR6GTXT8RHQu/21J112b213a122a214a024r025t126q116c035q0212122113122413231J032c023c0121141L234s115b125b024Z042205210511042c036t032L022H042H2431243H252b233H0132144H317Z1141427a134Z037Z1321138b036Z046c244Z018c054Z028r051J032t1334053L035c055a124L054J064c074a061L162a043a056b275Z065Z045a066b145s367Z026b0?players=Ext4ur,mashumaro_daisuki&colors=green,red"
914492166,Rivals,GG Rivals: Season 1,GG Rivals S1W4,88813461,96923333,Ext4ur,mashumaro_daisuki,2026-09-12T15:00:00.000Z,"https://www.carcassonnelab.com/#/0/0/qeRRgBHChpLuICZdcrTcM31TvPJ4rES9qmVSlcimwzi1l9tfeMZw8JR/212112Z221J013a131L422q114b024c015c224r222Z325a423c034q141K022H142H232t032K235s045s236r033H032a034H126r034Z152L144q016c433b055s224H033r035a123K045a054r044K035L1141037t047r238q042q023q139s043t144b049t0123059r043c053r258s017c13132412255b042c257q245J048s167r052r04Ar052c069q053c146s163c0?players=mashumaro_daisuki,Ext4ur&colors=red,green"
914502363,Rivals,GG Rivals: Season 1,GG Rivals S1W4,88813461,96923333,Ext4ur,mashumaro_daisuki,2026-09-12T15:00:00.000Z,"https://www.carcassonnelab.com/#/0/0/rKVLqO9AH4vlo6_5Y41JKNBR-WeLsqRDniZNEf1hn97_b_0QgW1tskb/12a122q121L1213231H0222113Z123a114b033a132a324a222L325Z122c115a242Z026Z052Z162Z053b316c034b044a045b163Z054Z01211412073Z064c065Z023H1231332J42421323025t1143066Z074Z156Z03120423175Z143c0153225L033J1432036Z025203510534016104420513045404620541034J072c224L123t027Z135Z176c033r067c286a017c0?players=Ext4ur,mashumaro_daisuki&colors=green,red"
914519102,Rivals,GG Rivals: Season 1,GG Rivals S1W4,86771532,90890134,adrear,TRojasHenao,2026-09-12T16:00:00.000Z,"https://www.carcassonnelab.com/#/0/0/p9W71qEC-Nw6HFN5hwqOOQ44FUcZn1RPGOn7stPpqas_XerTaNHnDdl/12b21241222122Z021J123c1233222J031J423K041K0323031301310142024H2424015111610522134K125J0242026K127L1344044H2441245L2531036H1251042q045203520554037J055L0414056J0213432r14640561052t062r142J052H1362062K072L0332082L232Z032L133q273K053q053H033a292J143J147H043c044Z324a028H018126310621053b0?players=TRojasHenao,adrear&colors=red,blue"
914525051,Rivals,GG Rivals: Season 1,GG Rivals S1W4,86771532,90890134,adrear,TRojasHenao,2026-09-12T16:00:00.000Z,"https://www.carcassonnelab.com/#/0/0/otCL6BRdedCbfmXxQ6lUje0hN6GyqXCnQyaqYqCaJKM5cA6WCccnikb/12a222s113b023b133a122Z032a024Z142Z025a132r152Z043c044c145Z1214235b05132411036a054a164Z24232221055c065b2323031K132K022L041L13330431253304413341256c033s042s063b042J05220633014Z024r06240542034q043q0232115Z252r053s063q054q016c235t026t036r166c137s075a36122714045r064q226b047r417c155r056t0?players=adrear,TRojasHenao&colors=blue,red"
914530779,Rivals,GG Rivals: Season 1,GG Rivals S1W4,94741318,93792706,Grizli1981,butron72,2026-09-12T17:00:00.000Z,"https://www.carcassonnelab.com/#/0/0/qeetH2ncTpQXFy8kTTrytHPYMfe9JWkHVUKKkEQv9qpjMOztX9DbY3H/212112b12221123121L0314031L1414122t132t13240134022c0512241K05220614042J052K062b271216220632053J1731222J032Z2423362H023K07240433233Z333L334H154L035H072c023Z051J436K024H034a161H113a142q12340141035b043H264L04411543325c014b032L1822344c254a043c063Z233r024b343r0832452q045b053s124s053a282a0?players=butron72,Grizli1981&colors=black,blue"
914540695,Rivals,GG Rivals: Season 1,GG Rivals S1W4,94741318,93792706,Grizli1981,butron72,2026-09-12T17:00:00.000Z,"https://www.carcassonnelab.com/#/0/0/pLqbEGHrF6TrQ0f0LLFpFVStCeJ7rlVmhjyFQHNM0BJm4EuwLIuL0oW/12b2212122s121J022c023Z032a131J013Z0223133b034a232s044c054b1234053b1314164c0414042c051441241612262c0711042q114Z041L2323351J06233814032K022L05231534043403311424145b21341144024c055c365Z123L046Z0342025c24442821072b043Z052Z136Z0151073Z0451382b0542152H292Z383Z184b133q334s294Z042J1922333L0?players=butron72,Grizli1981&colors=black,blue"
914557493,Rivals,GG Rivals: Season 1,GG Rivals S1W4,94741318,93792706,Grizli1981,butron72,2026-09-12T17:00:00.000Z,"https://www.carcassonnelab.com/#/0/0/pdKKK1hy0mQy6XtWJU9OeNClSPfjeAzxzQpaccC9nH-AJrM2CSb3vf5/12a113b023r022a1123214Z122r122L033r023L032s024s025s135r21320221145r044q036r046s031H055s134q137q242q152r033H024c043r023c054r138s021L125b053t151K063t052K064s056r015c062H242L066r065t034Z244Z062q243Z042c061H128t0234732c375r453J372J043H173J033Z072q254H373s345Z141L135a2311344K1413134J14230?players=Grizli1981,butron72&colors=blue,black"
914830342,Rivals,GG Rivals: Season 1,GG Rivals S1W4,90518474,93792706,milo300IQ,butron72,2026-09-13T08:00:00.000Z,"https://www.carcassonnelab.com/#/0/0/ppf8do50cVk-c3-EFIj-6IoYxUD5EO_4-T_5gEJp376kouZ8tikZzi2/12Z213b414Z424t123a125q122q023t3211133r215c0124122L125a223K235Z033J136Z121K337b2132047c324H046b02222233134J056c2324255Z0241044L254b044b035J132s0251065a2312032b1152057b0414266b231H2341026q042t035s054H043J064H042J052J041J067Z152r242Z245K052Z04410422032J348Z027Z228c062L1331049c116c03531?players=butron72,milo300IQ&colors=black,red"
914841430,Rivals,GG Rivals: Season 1,GG Rivals S1W4,90518474,93792706,milo300IQ,butron72,2026-09-13T08:00:00.000Z,"https://www.carcassonnelab.com/#/0/0/qT3jGtidQsGOi3j9R4Mc6DGYwCmD2aem-Pns38YMVekG9K7F9nUdujf/212112c2222122r23241234023q132s1331012312432131133s01430253113b02610154134r223J024s0431034315310442023a12722354237421740181043t124L125H034H033Z026L032Z024c021K044J033L027J045L436J032L042J037H214a038K128H042q222a153q048J044r039H034b263t225a035J043a173r335Z126a274s0422083t027a036203811?players=butron72,milo300IQ&colors=black,red"
914843987,Rivals,GG Rivals: Season 1,GG Rivals S1W4,90518474,93792706,milo300IQ,butron72,2026-09-13T08:00:00.000Z,"https://www.carcassonnelab.com/#/0/0/qX1Jy23KrSaPESvoSY0k7B2FWwszGZaHkJjvCMjlQYLC_F1aHAH42Us/212112b421L231L141J013c123q122H133r022a151L123a324q134q122t024c142t042H0311043t061J035t053q023K425s062r052r225Z163s043L262L063H0323044r032t273H044H053J034J045t035K033K025L134a233Z144c0132324L0142136t164L326q073q274t283q074K293s075H394s082q072t043Z316a2A3q032a027q085L065J183H037r042b0?players=butron72,milo300IQ&colors=black,red"
914896844,Rivals,GG Rivals: Season 1,GG Rivals S1W4,90518474,90839284,milo300IQ,RabbitRain,2026-09-13T11:00:00.000Z,"https://www.carcassonnelab.com/#/0/0/pgLkZOp5R7mh72PjMPVkUfeUrf2eDpIpwJDs9YgDZ35JOlx-5liKzxa/12b122c1211422t123a2223232t123s242t143s0312141123232231033Z053t142b04231432121H25210511024Z013a11211242022J124q24410141023K052a054s263r062r014a015Z025s0332161K041L025a031H216b332L134r035c251J152L262K1344063J236Z335q034c062Z036q072q245b053Z052s037t027t072J045q064q264J1152365s046q254L0?players=RabbitRain,milo300IQ&colors=red,green"
914901645,Rivals,GG Rivals: Season 1,GG Rivals S1W4,87903300,93988481,nazario77,Martisango,2026-09-13T11:30:00.000Z,"https://www.carcassonnelab.com/#/0/0/qYmK_95R7XySQTvaw_HOK6sAV7YiegIHG73-5-YKjs8TkRzv5lnywqM/212122a0124132Z112b2221113203212334031324210232023Z1242133Z0341042a343Z2521023H0511024J0141013a134a033J022q0152121L232J0353114b015a025b0533126Z2363324q22630371244b227b0463044204714272352c254a055c01640632026H127L062Z063c05440173323r036J035K01822193253Z132q029H024c045a134t435t033t02511?players=nazario77,Martisango&colors=yellow,green"
914906693,Rivals,GG Rivals: Season 1,GG Rivals S1W4,90518474,90839284,milo300IQ,RabbitRain,2026-09-13T11:00:00.000Z,"https://www.carcassonnelab.com/#/0/0/o3Xzzr1LjACXPhMO8GjYExG2toK7kmA-1LgDrv0Pg_5oqJxTL7o1pHn/12b1212221H122s1122132q133t213a143q042t253r031K322c052r0221051H232K032a2311052H042H0132033c061H244t162t171K423J014c024b045t224r035r015a023r142Z081J046r055r182r072H263t034t064t091L143J092L053K0411152c053Z062a0512463a341J223105242331016a047q064c126Z153313211243127Z337b173s328b038a047b0?players=RabbitRain,milo300IQ&colors=red,green"
914917351,Rivals,GG Rivals: Season 1,GG Rivals S1W4,87903300,93988481,nazario77,Martisango,2026-09-13T11:30:00.000Z,"https://www.carcassonnelab.com/#/0/0/qJmJETkPquwnLqqWU9g0lGpGJx9tDQAab9muMs8Abi9az3r1sKI5of_/12b413a2123122t223t122a133t214Z121K332r034q0132043r135s025r226r144t036q3231016Z11410212146r123H026c0244042t453q0334041K137t025a022K051L133K152H124q024a062J235c047s034Z017a431J034H043H427r048s242H132K118a063K024J235J044H057q073J358t072L027b028r0323629r0341067s049q064H045K366r038r11510?players=Martisango,nazario77&colors=green,yellow"
914949303,Rivals,GG Rivals: Season 1,GG Rivals S1W4,89548012,90314669,f kenta,Nallerheim,2026-09-13T13:00:00.000Z,"https://www.carcassonnelab.com/#/0/0/qyvL17vC6jBKFLMFhyhGHeKkkaQmGfi6Y3asZlPTWGhtgbIAE67YCsu/121112a2134122s123K0143124H032s1212223q234J031J125K124q12431232033q133K134t142t132H125s2251043K014a013b041H244J024Z125a043s153q052r254q221L035b126q016c027s255s051L045r036a053H023a042H145J054K033c022K1344217a362s163L037Z043Z546a034Z044b1441031304320322015c0411018Z028r026Z338a319b226H0?players=Nallerheim,f%20kenta&colors=green,yellow"
914957795,Rivals,GG Rivals: Season 1,GG Rivals S1W4,89548012,90314669,f kenta,Nallerheim,2026-09-13T13:00:00.000Z,"https://www.carcassonnelab.com/#/0/0/q_KcGMuN3F9w23mye4t1e_gxpgF67sIl8eI-igSt4GGDh2y-1kZnWzB/212121K112b113Z223r031213210411022a342b024r143b0221233Z033r0511025r232s415Z016b0522052c1622062b034r031H163Z3231472a0711032J0611164b441J226Z117a043r027q018a053Z0122028a026r029b027c0422019b014b338c142r039c32AZ4333148a035q145r053s044a245Z128q337q129s182Z338s08121131249c122q054r14Aa247q0?players=Nallerheim,f%20kenta&colors=green,yellow"
914976830,Rivals,GG Rivals: Season 1,GG Rivals S1W4,89548012,90314669,f kenta,Nallerheim,2026-09-13T13:00:00.000Z,"https://www.carcassonnelab.com/#/0/0/pxvrmsDJsZJPWphck1VADCtHmEAw8v3VhaEkaN3jIe1EFPh5yeG5u9D/12b12121312213Z1411021L0121142c0133223c022q1141051301520522025K223r1224122K0234032s1334031L014c03410254041J126H0422024H0614033b452a262c253a222b042J015b016c1323272Z073b1534232H233r04321712282c034J052L227J162J36210443024q024b0261072338140543164416320451046126510561243J025Z0552074Z342q1?players=Nallerheim,f%20kenta&colors=green,yellow"
915166558,Rivals,GG Rivals: Season 1,GG Rivals S1W4,68743351,87670119,LSC,migcrack,2026-09-13T20:45:00.000Z,"https://www.carcassonnelab.com/#/0/0/p2ZvD4ooo3hAPck5cSH_KU9PfU_zPHhC21WpJHSERzMw5VfXYSIS8Lw/12b221L222r231K141L022a142J432Z1124113c132H033J242s0313022J033Z0131223L11420234134Z232q2221114Z134H043q135b023a044L2333035H0344142Z025K2212126J154J0411015323510432424H3241033q027J137H1171047J23240451357L03620264456K04623564228L238K0164058H067J0371053q139H248J168H249K269J077K178K05311?players=migcrack,LSC&colors=red,green"
915175274,Rivals,GG Rivals: Season 1,GG Rivals S1W4,68743351,87670119,LSC,migcrack,2026-09-13T20:45:00.000Z,"https://www.carcassonnelab.com/#/0/0/qn0zqoxXuLigyKsC8Qua26moPljIrqKxpI0tZRVUguTjHJfjSBM9LkJ/212322Z121L2124131L112c122J522t123q113c02221134124r1232033r032r0142042r124K023Z214c0151034L052t025s023L253s226r262r061K015c216c0241135q427q124b051H052K232J034Z341J035a126b2343032Z0353227a043r437a045r0361163t125Z0454272q23714261436t044q128a046r044J054r047r037t038r048t035H158r025H029a2?players=LSC,migcrack&colors=green,red"
915181160,Rivals,GG Rivals: Season 1,GG Rivals S1W4,68743351,87670119,LSC,migcrack,2026-09-13T20:45:00.000Z,"https://www.carcassonnelab.com/#/0/0/pwwl1FjGuGKbueJlRu9Az_qUCDT9sMA5P5_TbTOrgrEsuYqdpivmSr4/12b1212222q122Z123s0314232s013c021J342r043s031K241H232H014Z0321124r452q224c023b233t1423134a3413133a151J0522161H234s144Z05310431042a032c152Z063206240612071L343a044t215a2122025b045q13310734022206423234022H1133254r244305430552462K1832042K084121413852074139510242035a264r2653055q263r09430?players=LSC,migcrack&colors=green,red"
915500259,Rivals,GG Rivals: Season 1,GG Rivals S1W5,96923333,90943003,mashumaro_daisuki,qazxswedc,2026-09-14T14:00:00.000Z,"https://www.carcassonnelab.com/#/0/0/pRHElRB2unakT_-jyQQrVnR1Q_4WAUDG9tL8eLPrIcjiCubU6_kA_VM/12a122Z121L123b033c124b222L014b0212224t0221032c122r0321023q432q234r044r0314043q225t045s04232431233r146q1524023L2133224L034L0414035s026t01421233262132410632272407340642253q061315120821113b042b134a025K144a033K01212832036q1741043L242J053K244K0154235H043Z126L25410714154a045H032J0163155Z1?players=mashumaro_daisuki,qazxswedc&colors=red,green"
915504352,Rivals,GG Rivals: Season 1,GG Rivals S1W5,96923333,90943003,mashumaro_daisuki,qazxswedc,2026-09-14T14:00:00.000Z,"https://www.carcassonnelab.com/#/0/0/p_Q_vjkefaHxw1eKnH8Fhp-QGbAlbgp928W9MN-eSC4lM-8OuV4UVjg/12b222Z132a1212221H231J113Z423a122s141L2122151L123q224b052r432q114c0131062t015Z053t043q024r034t025s026r125Z135a072s036a071H2232035q242K026b042r044r116c0221036q117Z233r127a163t218a037s028q029s452J02Aq119b046t237a061J162L138r227r028b229Z181L239t248s082H132J083L091H047c1A1J3311033b022J1?players=mashumaro_daisuki,qazxswedc&colors=red,green"
916020699,Rivals,GG Rivals: Season 1,GG Rivals S1W5,90518474,83998002,milo300IQ,0607,2026-09-15T14:00:00.000Z,"https://www.carcassonnelab.com/#/0/0/q5D6cOLFOtOkH5Mydg_9PHcpGukefmtqQGAAQbsI5Mxg8kIi8Ug8dXE/121112Z122313210213022r221L1331022H0131123L432r033K024L223s243L124s032J134J022Z1312131H114a042J042t144H052q053H015c153r062s051H054J063J0421062H045J241H124b01430342072L223101511441025J0433182J073L271J23540531235L05440451216Z164J392J436H283L037H093J147L457J0244026J246J038J0414023b05240?players=0607,milo300IQ&colors=blue,red"
916028599,Rivals,GG Rivals: Season 1,GG Rivals S1W5,99226938,91626681,hullqin-dongya,chawin053,2026-09-15T14:00:00.000Z,"https://www.carcassonnelab.com/#/0/0/oxcuaexASLTWUq8MBnDOtVuv0YqUGmvqoaakJTnsZa_yjIvOV-1bvdq/12c113Z122s0123122a1224022H013103220231014Z232t015a031H124r024Z032H0312016c017Z426a127t028s025t02431333129r237s019a11AZ136r018b029Z01Bc02Aa03AZ03Bc01CZ02CZ034102Cq025Z138q24Ba139b339t328a141L02Db22Br026r13Cq34Cs149b24Ds051K04Eq035c021H03Ds13Db234c04Bt036a346a22Dt14At256Z237c023L13Aq1?players=hullqin-dongya,chawin053&colors=red,green"
916031199,Rivals,GG Rivals: Season 1,GG Rivals S1W5,90518474,83998002,milo300IQ,0607,2026-09-15T14:00:00.000Z,"https://www.carcassonnelab.com/#/0/0/oh2487IvNXxjzsKep-uQ80JH3zbuOC8kcqAJGTfCjdNq2eXPi77teyl/12a21211132022t1232223t022J033s032r131J013b2241122c034402541142033102240264223L11620351342q1151143q344s125L026H035J143103230421034t045215540311234L0464024t1543014c15610641052t0361223Z16610654027L051H25743474236H432c0673261J037J025r045H026t0682062s363q05833591049214A1235t0784016b27740?players=0607,milo300IQ&colors=blue,red"
916033189,Rivals,GG Rivals: Season 1,GG Rivals S1W5,99226938,91626681,hullqin-dongya,chawin053,2026-09-15T14:00:00.000Z,"https://www.carcassonnelab.com/#/0/0/pq5_pSgrNaYurHwO7Q0bh4G8Lwk0Ne6ePJIJ3cvR4m1No4heqrJ0vZe/12Z2211113a13132411132Z123Z023q022q124Z034Z1224225c024t021K04221233215a035b0332116Z2122126Z127Z237a138Z217b039b028b3322436b126t147c3341046c044a036q025s03520513245Z0612148a052Z256a22520152054c257b467a0143064a055b065c263b075c076b037s166c043a047t029c185Z173c057r23Ac056s04Ab055q127s049a1?players=chawin053,hullqin-dongya&colors=red,green"
916058102,Rivals,GG Rivals: Season 1,GG Rivals S1W5,90518474,83998002,milo300IQ,0607,2026-09-15T14:00:00.000Z,"https://www.carcassonnelab.com/#/0/0/pNQgr9ud16ye9tqGLifCvKmeydktbZeoHe10c9P_anzgzipRMVkRYYn/12b222Z021K022q223b213Z032c023q232s133r142t143s014Z142b044t024t02111411041L42233311343Z2322144c045r035r025r234a2424245Z151L126q115c025a355q336r061K035c236Z016c062H071L026a181L037a146c031J247b054b027s072J048c1124256r065t017a053t349Z158Z138a018a037q052K239a063J029a453H027a152r03Aa056Z0?players=0607,milo300IQ&colors=blue,red"
916135181,Rivals,GG Rivals: Season 1,GG Rivals S1W5,88500055,84291236,majkls,JnNzr,2026-09-15T17:45:00.000Z,"https://www.carcassonnelab.com/#/0/0/qYYfdvRiorncxDv_vxMtDaLpIsjQWAqCLb7xf12poIPLqJD9d6va1Qx/212122a123Z113Z0312232a224Z133a24142221032225131424012c225a042c135Z115Z026b0431036a022s0532127Z037b243Z045c023t1332025t016c017a232t044b747a031L054a452c023406140623026r164a134c063217244641036s25431552035q246t0124037r462c056r065405620571027r024q0673045r057s055q014b134s055a154r038r056a0?players=JnNzr,majkls&colors=green,red"
916143108,Rivals,GG Rivals: Season 1,GG Rivals S1W5,92416909,92724402,TanyaUA,King Mauri,2026-09-15T18:00:00.000Z,"https://www.carcassonnelab.com/#/0/0/rOssNw4GhcW84T4mN-jqKZJEE3rk26lokvPPqcsw4cLW92ZQSL8EcC5/12a121111231223022r123201312322222J0141132q231H123L042t133s0153033J034q023q034H243H242K222Z03130411042b052a035q153K241H054J043t213Z044t123b035H062b214b125t236r015b045L024K136H024s032K226H072a227K337q125K128H2612038s03320182329H042301940172063L3241052J062H161L0521054q024Z216c127q047r4?players=King%20Mauri,TanyaUA&colors=black,yellow"
916143300,Rivals,GG Rivals: Season 1,GG Rivals S1W5,88500055,84291236,majkls,JnNzr,2026-09-15T17:45:00.000Z,"https://www.carcassonnelab.com/#/0/0/qDjx6yHqFItxqreNzU1Ces0nkfTpTwpUbA73gxX1QqWbLbaQcMN3yze/12b222a013b121L022t231H1121041H242s243q0222051K023q032K132r544r014Z252H561L324Z153K143L215b233q134a225b026Z025q063K133K144b042J124t053r452q054c062K334H045b022K053b123K155b062s144H21330142063r052Z073t254H272t172J083s093t082q074t192q064H0A2r0B2r1A3s091K032c333a0311082L145L055L042b063c2?players=JnNzr,majkls&colors=green,red"
916147100,Rivals,GG Rivals: Season 1,GG Rivals S1W5,92416909,92724402,TanyaUA,King Mauri,2026-09-15T18:00:00.000Z,"https://www.carcassonnelab.com/#/0/0/qW3o6He9AtnR_9C5nyAj0fVsrjCuYiGWO4ZddAyW8eNx7QEdwApm7ZU/212112b121L022J131H222r232s442t1312232c023q241K0121142a1221152c0132032K223L013a124q133J024L2512023103320142152122420532032206340152053a243K163a125r054b051K015a123c024a026s034J034b235c114c253H027q016b026Z035K062a073c034206141352045J055J046K244H064a347H436H0424274c275Z345Z1441072Z133q1?players=TanyaUA,King%20Mauri&colors=yellow,black"
916543058,Rivals,GG Rivals: Season 1,GG Rivals S1W5,89754915,99226938,Carquinyolis,hullqin-dongya,2026-09-16T13:30:00.000Z,"https://www.carcassonnelab.com/#/0/0/qArmw7xzd3X7DS2CWyYCPk3KzMymZXTl6obre0F_pKoeUbm5FnoLz4Y/12b2212421L1122131H132r042s1311041J0221052q232b053q163t262r3231154s373r233s044r022K142K034s0242255s151J1333042Z032L0344035t033a056q045t164q065t174t275r066r076s023q085t057q083t42542144023L046t11340352033J193s024J025L295r092t0A2q036t0A1K072t1443247q025r137q126r061H294q243H162J034H153H0?players=Carquinyolis,hullqin-dongya&colors=red,green"
916544723,Rivals,GG Rivals: Season 1,GG Rivals S1W5,68743351,91626681,LSC,chawin053,2026-09-16T13:30:00.000Z,"https://www.carcassonnelab.com/#/0/0/pO2DHYKT46DmPjFFpxI5sfcdPkkCPgISfIJ0qmP1b1KC67obV6_lgEP/12a122a1212123b0312022s14140223142c023s0121033Z024a214b225b02320243022J0341124q332J033t1334021L242J034q241K042t0132144q052L035c245a251L145r054q025q044b053s064r255Z074r056Z166a057b031J075t15124423132c0611062b072Z0714046Z284q047a076r032q134c158Z143t285r352q263Z265s226q136b459b3523283s1?players=chawin053,LSC&colors=red,green"
916546723,Rivals,GG Rivals: Season 1,GG Rivals S1W5,89754915,99226938,Carquinyolis,hullqin-dongya,2026-09-16T13:30:00.000Z,"https://www.carcassonnelab.com/#/0/0/qncdS_B9Rmc3KnLjPPlorAn_PcaMbblw3bqo2Nh_k3LnGgO0uhEiHAf/212312b213Z114Z123c022r121H032t224c115b033c524t222K133r334a243a235a134r025a022Z045Z246b126Z131K043q041J036Z037c151J055c052r054b165a027a066a038a028Z229a019a064c048a063a039Z03Aa249Z074b042b159b21AZ05AZ052c073Z04Ac158a24BZ04Cb1314075b068c4511057c069a33Bc11BZ02At044t052J053c062r053r185Z0?players=Carquinyolis,hullqin-dongya&colors=red,green"
916558950,Rivals,GG Rivals: Season 1,GG Rivals S1W5,68743351,91626681,LSC,chawin053,2026-09-16T13:30:00.000Z,"https://www.carcassonnelab.com/#/0/0/pqLDKZz_uXiVFBkz7By4rz-QK2Jp-Do_2w8HGqch_zMcaRbMc18NEX3/12Z2122022J113a122a123q2132122r023J124s2221032t433q131K332J042r034r1212141J4323235r0333032c043q133L13420242024H021J114b042K045t236s225L04220413037s0151034K023c043K153J015b054J052H055r054s052q156s024c062r0311063q04311163042Z1264043c035L173q126L272s0171233a2271065t275r245H157q262J146q0?players=LSC,chawin053&colors=red,green"
916568172,Rivals,GG Rivals: Season 1,GG Rivals S1W5,68743351,91626681,LSC,chawin053,2026-09-16T13:30:00.000Z,"https://www.carcassonnelab.com/#/0/0/pwRNvZ-JvNBSINLONGjWLWphvQKVlDTqF5x2SQd1pFEU8A46zSLeqxj/12b112312230131122L021L222Z013Z232Z014a024t115b234t123t224a123H016a025s134c026t026a136b046b031K024K122s027s423Z034J2212133K044Z043b436q144s046r045s0232143r025a047s2242042b032q0254025H035Z0144337r037a243J056a042J127c052a1511345Z017a255Z142t038r34140322065a057b067Z0343062Z248t028r052r0?players=chawin053,LSC&colors=red,green"
916610241,Rivals,GG Rivals: Season 1,GG Rivals S1W5,93988481,86771532,Martisango,adrear,2026-09-16T16:00:00.000Z,"https://www.carcassonnelab.com/#/0/0/rL5EQNSSJfuH05ZlkiLZmrITTJdu8iGraqvjySRPQ_U3PEevJfzQ5lj/12a1121121H22240212022s1132132s1141123q0241033q124J224t134q143q1152044s034K035J053s022K132J0163036K0262152s026J2274114Z045L2364022c023Z033c025q242L051H023H026s0232031K0322127J0331035s1281016a133J017234240354041K136t043a0462437r354q3382228J038s2474055s128s042b1181044c034a146t035Z056r3?players=adrear,Martisango&colors=blue,green"
916627020,Rivals,GG Rivals: Season 1,GG Rivals S1W5,93988481,86771532,Martisango,adrear,2026-09-16T16:00:00.000Z,"https://www.carcassonnelab.com/#/0/0/qhf5yQcs5fY1LHDCwuT8BARRg0DcR-Lp0EA2iImyOvUS1xJA4wcyD0m/21211211222112Z23221132122Z023H213b222J0333232c023a022t233Z114a2341043a134b04420241024H0422132r015a125J132J035c121L023q145Z0521025q0531025c016a046Z226b0621042L2313047b124c1251056Z053Z066b065Z131K167a068Z077Z087c042s0414048b058b063b054a0152388Z052L024t0263135t353H445r169b2614073c075a3?players=Martisango,adrear&colors=green,blue"
916743703,Rivals,GG Rivals: Season 1,GG Rivals S1W5,87903300,90839284,nazario77,RabbitRain,2026-09-16T20:30:00.000Z,"https://www.carcassonnelab.com/#/0/0.45/pzLXcJPqpLkBOM_ICQBN7sLdRf0xlPLPFRkmd2sBc2wnidUBJYTPdl7/12b122Z1121123a322H0211021J133c213a124Z2133423L133K2313124H025b22231414034J026c043b327b034Z0423132L31420244243101510342033401614251042Z152a3511062Z043L363c264c254a655c045Z025L046b242H053b135a115c252J451H052q132Z141K0531022s031H3612037b073b365a332t023q075c144c085a084c035L117a426L1?players=nazario77,RabbitRain&colors=yellow,red"
916751465,Rivals,GG Rivals: Season 1,GG Rivals S1W5,87903300,90839284,nazario77,RabbitRain,2026-09-16T20:30:00.000Z,"https://www.carcassonnelab.com/#/0/0/pzIZkmbamCiE8-pvBP5OuV2mXI82E3ZF5KvLdJsXnbJkks2ph5huE0R/12b122Z121L231J022q113b114a215a225t132Z032s025c032K116b133K124q233s235r022K123a234q233Z235Z344t12121313034H043L245a042H226t042Z0324043b036r444a023K034b01240332041H246a051J2234036Z0412126a252Z442s1512052s062t053K053Z023q06143431127Z1622253q063a062a0724372c052405310632054Z1343042106410?players=RabbitRain,nazario77&colors=red,yellow"
916760748,Rivals,GG Rivals: Season 1,GG Rivals S1W5,87903300,90839284,nazario77,RabbitRain,2026-09-16T20:30:00.000Z,"https://www.carcassonnelab.com/#/0/0/oogsOW9y8ukBZmljTyQW5ZAkbD4wR7FcMhRWYh7GCybpLVOikFTHx_J/12a2123122Z122s113b1223023t224s1234134q0333132t023c021L124Z042s244q114Z033a115a143q216b045r025s425a131H034Z0324046q147s032K026t035c036Z352r053q151H0341033r454q142J222L023L037c226b1444037t063q061K043K224K044J057r062r234L055t025L035q2311265r273q064q0243245H072q2252321211520354027a54210?players=nazario77,RabbitRain&colors=yellow,red"
916947684,Rivals,GG Rivals: Season 1,GG Rivals S1W5,90518474,84713215,milo300IQ,71st,2026-09-17T08:00:00.000Z,"https://www.carcassonnelab.com/#/0/0/qC5SFtcG4K22NNbeNAhiHn0buJ4AB_dmlVUxDbdE9HIpLQVoMtTm6IR/12b222Z1123223a1131033Z0222122L1232122t023r224b0143114b024K143c0243025a135b044c133s034t043r034a115Z353a354Z145Z116b163Z1342164b233214340251013c225J074Z026q04210322042b227s175b1313085c052a137q428r036q05120351023K025q244432630162217b144s526a045q027a029r042t335r038r241L132r332H018b042J0?players=71st,milo300IQ&colors=black,red"
916956301,Rivals,GG Rivals: Season 1,GG Rivals S1W5,90518474,84713215,milo300IQ,71st,2026-09-17T08:00:00.000Z,"https://www.carcassonnelab.com/#/0/0.4/qXN8Ph2thBi443Tlru3fFKdylE1DirvUW-FdWlBJ3FCvuww_0hHl4av/212112b222r1124023r222H1132032J013Z231K042H124r0312033r014b043q042s041H144q32211232124a251H225a234a135c336Z015Z234s145c033L016c144c033b1143217b035q054s124L043Z055q155a254a165Z043J066Z1412067a053J063J077Z068b062H032Z261H054J371J356a052s221K064t162r472L081L127b282t226a044L252J172t1?players=milo300IQ,71st&colors=red,black"
916994857,Rivals,GG Rivals: Season 1,GG Rivals S1W5,94669974,90943003,Berna1871,qazxswedc,2026-09-17T10:45:00.000Z,"https://www.carcassonnelab.com/#/0/0/qXbN9DVQ9HssDmIaBhqM3BXxoDwlgEuOEYNuoqwTAvkHUbBHcFfsvvu/212112b2312213Z221K023q032Z022c1414223b224t133a1421143Z2431044b034s122t024Z125b015c144t125r035Z233r054r242a343t226a152c235q232q053a331J155s062a265q042q036s072Z0443041K0533232J036c05230634222L132413431731064r35422723233107423552153r1232052t014a062s1222142J0654051H016c072s0664171J045Z3?players=Berna1871,qazxswedc&colors=red,green"
917002023,Rivals,GG Rivals: Season 1,GG Rivals S1W5,89754915,84114808,Carquinyolis,Megot Noskill,2026-09-17T11:00:00.000Z,"https://www.carcassonnelab.com/#/0/0/rMUg-vonlzLumFYprjXD4rnFMgFHT2_ngBqAa6K7HbzFEfalTIAjIWA/12a122q113a0123122Z021H232q142r223c031H133t033Z024b025a015Z2224034a023s034t041H1322043r014b126Z316b0231025s152q224223444142017Z132Z3314142a053q144r051H0132035q2422042H036b252K326r043J252Z032K023H31534513061H063s024t153K1251033113531442016114310362024H0263045r034H044K146q054J127c125K1?players=Megot%20Noskill,Carquinyolis&colors=green,red"
917002895,Rivals,GG Rivals: Season 1,GG Rivals S1W5,94669974,90943003,Berna1871,qazxswedc,2026-09-17T10:45:00.000Z,"https://www.carcassonnelab.com/#/0/0/puRGrdivFQGTQWRrdIDMsvF6r7OQqxsiUeUNcP-uyv9Z1kuXguiIPcq/12b1213213a322c123r121L032a23131124022s142c252b032t031H241H042r052q243s044q133t022H145q142L335q054q055s024r043J132J014c133H125q023H165q0133036s015a043a016b0321023c225Z134J044K124K025J253b04140512024Z0231063Z233c135a0611064b273c226H054c155Z0524045c0533174c054102442432064346210742134a1?players=qazxswedc,Berna1871&colors=green,red"
917012771,Rivals,GG Rivals: Season 1,GG Rivals S1W5,89754915,84114808,Carquinyolis,Megot Noskill,2026-09-17T11:00:00.000Z,"https://www.carcassonnelab.com/#/0/0/ql9SXL0OFJM-MiAkhoCwNL2nXelnjn--ZODGy2h9wx6Ox_VL7V6l8RK/211112Z221L013Z214b1124123b4224415b116c225Z024r225r026r222r236r227r137r126b535c217a0133018Z136a023q0234233Z346q038q034a032c2323248q02410312139q044a022H02540142046a1152028r027c23Ar0331224L3421125H135H026K032L043a022b124c033J033t045q029t0432044q058q034K044L04Ar054J053J055K143r032s156q0?players=Carquinyolis,Megot%20Noskill&colors=red,green"
917180276,Rivals,GG Rivals: Season 1,GG Rivals S1W5,41973045,93988481,Lawyer,Martisango,2026-09-17T18:00:00.000Z,"https://www.carcassonnelab.com/#/0/0.4/q8yDBZJf-52yfbXrzPXQz4xkH2dhZgretXWSToXAQLSVzSQ9ArDknBA/212112b121L1121122Z113a13110134014a123H224c024H025c041125110423152a033L2222132L032Z033b043a0432033405222441035a02321342245405332552025H0654154106320623066206411241073107640723042L215313210743435216141361422q026H0161032q0461214322531472748315611383252J362J136J3582051J035H053K046K0?players=Martisango,Lawyer&colors=green,blue"
917180414,Rivals,GG Rivals: Season 1,GG Rivals S1W5,94741318,97541762,Grizli1981,Townsend17,2026-09-17T18:00:00.000Z,"https://www.carcassonnelab.com/#/0/0/q9uzI_KE2suIjcPIRzBsLj5PdgcgWtoLfnQ5t1VZ1UportJMvBTKufC/212112b222a021L1313122J23223424113Z152322210432022q123Z133Z2534043Z032L432b324c0413144Z023r214a032q015b054a042J233q0541042t252J052r051J424t062t163t043H231H343q134s061H241K171J081L035q042b272r0642045q082H183H1514092H052a082r091J36220124164t01320144084H262L193J063J064K092t154q273r053t0?players=Grizli1981,Townsend17&colors=black,blue"
917190004,Rivals,GG Rivals: Season 1,GG Rivals S1W5,41973045,93988481,Lawyer,Martisango,2026-09-17T18:00:00.000Z,"https://www.carcassonnelab.com/#/0/0/qsC-sTt4P-mDDjEYk5SoyuCn8EGt8mMIsjB3WWEZHWG9t0ae9OKJN_E/21H212b2212022Z013Z123c033a124c022q232c1312031H241H242a0221152a153a054Z0121032r033s242s1231162c0321022L1132034r1333144Z1241143q1141024r143c023H025q025a055Z035Z056b042L272a253q046b033J182c052q054s247a0432044r0344043K345q435s0534146s0542063Z1642162r056q073Z0741066q0634315Z066Z174Z17330?players=Lawyer,Martisango&colors=blue,green"
917196664,Rivals,GG Rivals: Season 1,GG Rivals S1W5,94741318,97541762,Grizli1981,Townsend17,2026-09-17T18:00:00.000Z,"https://www.carcassonnelab.com/#/0/0/qBo0L5MzMW2mHcqayn0WakW7sOL_OFdX96QUb2Q0nQjTLzhSkys6mfn/12b222s121L223q232q1123121103120221122H031H1131223J032J142q013a042L023a343H433a02340141041H153L1151044H045K151L234K024J222b22421331161J062H024r025H133r054H064H071L126L252K035H181J072L274J027H036H182K083H2163155K056J184L3172093L057H047L091L052r225403520263075J046J294H143a085J033K266L2?players=Townsend17,Grizli1981&colors=red,blue"
917206462,Rivals,GG Rivals: Season 1,GG Rivals S1W5,94741318,97541762,Grizli1981,Townsend17,2026-09-17T18:00:00.000Z,"https://www.carcassonnelab.com/#/0/0/pzKoJm-19-J0qM2iJ_VvoK1MPjzKr_4XA_Z0lmXaFGc70NNEqROAcVc/12b122Z11220222422L123a122q32110232032c1331033c223t232q242b23110433033q034Z0242044Z1421052Z113a0513354Z214a455c024b053b0531024q335Z125r0523156c036c026q035r025a0622016c064a127q0722045a066a036r0442037b017c037r123H046b36321823226a357c047q338q033K224H028t2324046q043c1341065b148s039q227b1?players=Grizli1981,Townsend17&colors=blue,red"
917222692,Rivals,GG Rivals: Season 1,GG Rivals S1W5,88500055,92724402,majkls,King Mauri,2026-09-17T19:15:00.000Z,"https://www.carcassonnelab.com/#/0/0/qYda-kiim7kYH9TuJIjPrEcRKMmnWcV9x5jB4ZASyU-tOIGsmsd2sd1/212122a13110223112b42340124132Z2242022s122K013Z123K114103332132224H332J432q123t223c131H142q233H043s12520353033b342H442a43240432341J0262052J342213410452124Z062H25330541233s2152114b025L263K144t0521072L334Z054t034L0444044J245J2512054K046J036L053q043J015Z05510563161J0462052c0612235J06510?players=King%20Mauri,majkls&colors=black,red"
917234941,Rivals,GG Rivals: Season 1,GG Rivals S1W5,88500055,92724402,majkls,King Mauri,2026-09-17T19:15:00.000Z,"https://www.carcassonnelab.com/#/0/0/qf_PyflCRjD8FWkM3royDmK9UHD4fDAzL8saW9z60wLv5vzbaYvbtnO/2121311012c113a041312221422123t15140612022Z021L422K0122132K0622123106312524231H0331232s042t1711081206410341033K352a142K152r051K052H243K023a0134034H072b024H053K062J124q044H234q053b025K145L261K022r062s472J032b063b055J154H172t164L241J31430731382L0443435K173K063L1434033Z0741442Z1723265J0?players=King%20Mauri,majkls&colors=black,red"
917573271,Rivals,GG Rivals: Season 1,GG Rivals S1W5,97890683,84713215,honda0510,71st,2026-09-18T13:00:00.000Z,"https://www.carcassonnelab.com/#/0/0/q0RTORKEPVO_YjEOqH-tr6g0ZEQiTaAsuYOw9kqacnzP-ELJCSCr3aO/121112a1213213c022s0133114b4234023Z024q2222133112412432121K042303140141023H031H022Z03440521015Z134t122H1621223r0613432H0321033q1631232q16410543033K344s034K1442135H025H045K036K065317320411335s043q154r545s2353142b4253066307423834032Z033b141J0932246q046J056q057s153r171223630A34047t126L0?players=honda0510,71st&colors=yellow,black"
917582701,Rivals,GG Rivals: Season 1,GG Rivals S1W5,97890683,84713215,honda0510,71st,2026-09-18T13:00:00.000Z,"https://www.carcassonnelab.com/#/0/0/o7OgqNsjLzQmvHNd1jGxBx0ER16cAmQTwcDTWyOSsbCRj79YreNXDa6/12b1212422c1311032c121L323c0414033a022K434Z044a235c2223125a022r245Z024Z126a054Z027b053Z137c055b243c0233052b123H042b05111521162Z3423014a023q115Z017Z225q026q427t236q413c136b033r034r132J431H246q216Z137s056q018Z057q019Z0622047a038Z046a128q045s2323148c2433047s229q0442224t039Z357Z329b056a1?players=71st,honda0510&colors=black,yellow"
917593302,Rivals,GG Rivals: Season 1,GG Rivals S1W5,97890683,84713215,honda0510,71st,2026-09-18T13:00:00.000Z,"https://www.carcassonnelab.com/#/0/0/qvuVTLu7KmPknqFrv1li3dSQiIcsdM3kScMClumT4s9nf400C3fTnqb/211122Z121L23111221112b4233013c122s1321023r24111422132q0432142a023a043Z131J0332422H0343132Z15242243114Z132K033H1534044b224Z045a135a2144033a055c0621154a1252054104440452064c04630632051113610561056Z065b075c2663055413730574263a053Z1381274Z072216510612033t3824057a112114710752052b143r03510?players=71st,honda0510&colors=black,yellow"
917681514,Rivals,GG Rivals: Season 1,GG Rivals S1W5,1259869,90890134,yzemaze,TRojasHenao,2026-09-18T17:00:00.000Z,"https://www.carcassonnelab.com/#/0/0/qgelOd8KKKJ8L3tmItq3yG1A0UG3WnubVt1bnQ_PsUCfxEMkIngTAO3/2121313022Z021L222q022H023J032c132K0412424K033H032q033r14231511143L2614053K152b054J042Z353Z142J041J064L054Z034t055H0712156K224r055Z143t253q052q054s057H044K166H062s0811043b145a067K0522047J158L137L012b123q123Z064b268J038H0914224a3921034c1A12235b133a114a225b14320533145J16345722052L135H0?players=TRojasHenao,yzemaze&colors=blue,yellow"
917692513,Rivals,GG Rivals: Season 1,GG Rivals S1W5,1259869,90890134,yzemaze,TRojasHenao,2026-09-18T17:00:00.000Z,"https://www.carcassonnelab.com/#/0/0/qLSVTLIQOstQPtSq86Kgel3w-08Lk2Yb--C6SxtZ76JkgzvKAzOW0-3/12b4123122a113a223Z232a1314014Z122102311332022t14120434021H215Z425b0323224a024r02421444031J216b033b434Z125404540352142c0153225L235J035Z041J044Z1341034L0543242r0261026K345J0143036Z1461037Z027J027a036H038b048Z0172254a147c064Z0162044J055Z343H146Z1552337K165c04730273346K053b052a0571175Z0?players=yzemaze,TRojasHenao&colors=red,yellow"
917709912,Rivals,GG Rivals: Season 1,GG Rivals S1W5,1259869,90890134,yzemaze,TRojasHenao,2026-09-18T17:00:00.000Z,"https://www.carcassonnelab.com/#/0/0/qVPoABnAvZx_vkgAXqPDUc6oxaQKqLWyKOp5JevokZltzm13yIwb12E/212112c221K01211132022r0312032Z23210233033b032t1412023L133J123q334Z132J013Z123a043c0141143J0151144K1161035b024H0253022b345H024133420224026H222J02611172035J336203712183127H0191329L02810422054L053J0434039J052H138L151K03AH348J0381047J0471364J362J044b0273154Z02AK036H0294249H241L14AL059J0?players=yzemaze,TRojasHenao&colors=yellow,blue"
917711062,Rivals,GG Rivals: Season 1,GG Rivals S1W5,1259869,90890134,yzemaze,TRojasHenao,2026-09-18T17:00:00.000Z,"https://www.carcassonnelab.com/#/0/0/pMoQOjB-C5XT5SNx4FAKk2tqgyTZTC3C4CSy2lpN2cie7gKZSi2HloC/12b2121122s1131132t122c0212023r2311023c023202232331024q213a025q124b234s115b016c14140323034Z026s035Z125b136a014Z4342037Z0442221J0421017a25440523253126245552322H0563223J027a1244044c246Z3572024J018Z343c025K015405833591156b0141034J145b138c055b06420163153Z0744148b044t231H132c158c236s04840?players=yzemaze,TRojasHenao&colors=yellow,blue"
917848716,Rivals,GG Rivals: Season 1,GG Rivals S1W5,94156886,88026513,XmikeZ,FauBaRR,2026-09-18T23:30:00.000Z,"https://www.carcassonnelab.com/#/0/0/q3o7j0VWFFAbtoCmIrS4sP_X-WQDNFrmQvJNwhXeveuXnsulhQtuu5j/1211212122J121J312c131L2223132q0232022c022q141J0334023a0324423K2344332a233q124241440442324J143q233a044s41510252234s0311034K3162326L3352033H042a042J223s024Z013c053r052t235H051L03630461043a052c04310413062a043K052J035r051105210611044H053c054Z072c125r014Z062J063b032L073a072H171K282H025c4?players=XmikeZ,FauBaRR&colors=green,blue"
917853640,Rivals,GG Rivals: Season 1,GG Rivals S1W5,94156886,88026513,XmikeZ,FauBaRR,2026-09-18T23:30:00.000Z,"https://www.carcassonnelab.com/#/0/0/qhslDTHQNw7DCq6rOwcZ2PZD-fkjilPAeS8cbGQ58WpiWnXHphAll3D/2121121112b113322231234023L122L022Z01410334021L2314024102542351113c014a023q124a033r032r21540431025H14420423032J042L242r2411043s25231542224L026K132116440511024s236H144q152J06310624145r03432611334K1161055s044H035J046s034q136r027H0364046H052q2553341L0652162Z335t153q063t023c237L0371115c0?players=XmikeZ,FauBaRR&colors=green,blue"
917861866,Rivals,GG Rivals: Season 1,GG Rivals S1W5,84114808,86345496,Megot Noskill,Besson00,2026-09-19T00:30:00.000Z,"https://www.carcassonnelab.com/#/0/0/qhsfdnlbQPklgMtOhaS3QDBMCgDgOtRN1yxwJuUDgrKob07fAY20aGP/2121311112b132Z033b223Z143c024b021L2323231K033204221222032H043105210622022H1614141325331711022r4124163201330641234a2442023r233s113c1734043t353Z054b263Z0231073a0511074c083a152b193c0344223L1744075105410551055c065a042J0141043L066b044H064Z0562175c045a484c182a346c076a036c086c133H045J185a1?players=Besson00,Megot%20Noskill&colors=black,red"
917868362,Rivals,GG Rivals: Season 1,GG Rivals S1W5,84114808,86345496,Megot Noskill,Besson00,2026-09-19T00:30:00.000Z,"https://www.carcassonnelab.com/#/0/0/q0rbtU_JEsxpqBfnmLsiCmowf1R5oo-V-sb0ByvpzMXX5D2BS61VZap/121112a122q221K123s013b022a114a113322122231123a0141232t023J0314033L422H132Z142Z22231331043J043c044c134Z053a432H442t041H063Z042H164a043s253t051H034J145b024r052s025q061J152L231H065c066b054q024c056a024L154Z075b034q225K025Z0432162Z062s233r067a077Z087a086a044q1151071J181H063r276c073r14442?players=Megot%20Noskill,Besson00&colors=red,black"
918246314,Rivals,GG Rivals: Season 1,GG Rivals S1W5,41973045,90890134,Lawyer,TRojasHenao,2026-09-19T19:00:00.000Z,"https://www.carcassonnelab.com/#/0/0/pE8wOSErthF6SOqjW9kURR0Zt2sQTn4VOn_DXXX8qkvufuiEc7qqYsW/12b212112121131122c3221121H22342311123K0144122J131K132q133K243L432a044K032112413411045K254J032H335J025H142L15110423046H042Z03340431424J226J1154064H055H063L153K073J065H266H113Z622t175J233Z074L014a023a184J341J444214532164027K083K137K062J351L067J052Z061J282J0174076H052q085H0273433t11820?players=Lawyer,TRojasHenao&colors=blue,yellow"
918252414,Rivals,GG Rivals: Season 1,GG Rivals S1W5,41973045,90890134,Lawyer,TRojasHenao,2026-09-19T19:00:00.000Z,"https://www.carcassonnelab.com/#/0/0/px6AAjIsNnciWKs9s2cFcCoRkRmN9oxz_wbz-NJEeqgPndkrhm_-mEg/12b1212122r2312221L222b113b132r122H032a233q0221114a024c033a042t043a241L053b052Z0512232K033H1121063Z061425220621043J0323062Z154Z04130331172Z073b2432052t0532224q215Z1634264a023117130133382a123K11414543092Z0241144H245K025423430351435L265a0263175Z054K042L051L025L046H193Z036H0722356H034Z0?players=TRojasHenao,Lawyer&colors=yellow,blue"
918266194,Rivals,GG Rivals: Season 1,GG Rivals S1W5,41973045,90890134,Lawyer,TRojasHenao,2026-09-19T19:00:00.000Z,"https://www.carcassonnelab.com/#/0/0/ovRmho7ixmKk23LusuYlcmNSEEX9lbszXsxc64envXKC1pYIscoRhwB/12b1212212211321221022K2141113a021L323H022c0233024H1244032H234H21541342131404120321035H231J236K126L232s142L244J2164033r043L027H0252045H254J053K064H041K037H051H065H0351025K042q152r155H053t163J028L262t0263043q352J022q044s473J066K22711281175L062H385J25122372234q13310172183L338J032Z163s1?players=Lawyer,TRojasHenao&colors=blue,yellow"
918575098,Rivals,GG Rivals: Season 1,GG Rivals S1W5,97238273,96923333,A1egat0r,mashumaro_daisuki,2026-09-20T12:00:00.000Z,"https://www.carcassonnelab.com/#/0/0/rGTMBgqmv1-xifAzKoU6Vc3BBM25n0vSB_BS5mClNDRhUx64vB8aQln/12Z12132121121K431212210134023H231L132J022r224J022c023q142K132s143H141K153K022J034J025H054H035H123c042q213c145J133H126H351H055K161H243s053r036L262s014a037H338H152H744J047K028J056K048J033r058L0141032232410342039L268H067J059H134s035q049H178J025s063L144r257K027K217323AL164L15AK065H029J0?players=A1egat0r,mashumaro_daisuki&colors=yellow,red"
918597601,Rivals,GG Rivals: Season 1,GG Rivals S1W5,97238273,96923333,A1egat0r,mashumaro_daisuki,2026-09-20T12:00:00.000Z,"https://www.carcassonnelab.com/#/0/0/ptwz_VSUiOkhqh6JIu752_S8Ai3byMHQZuesO6sO-lZ_m1fnW9iMC3e/12b1123122K1223121H1231022Z1132023H0141031H132402121331031424231524013a422t04114243342b332s024L134K11540341133q125H034q124t242t223a044H045J035q1443226K236J052c033Z0541137J041J043r124Z052r253Z038H054Z035J027H032b028L247L148J029K236q346t037s12AH039K244r026r054s0161132L1261042H027406211?players=A1egat0r,mashumaro_daisuki&colors=yellow,red"
918606454,Rivals,GG Rivals: Season 1,GG Rivals S1W5,88813461,92416909,Ext4ur,TanyaUA,2026-09-20T13:00:00.000Z,"https://www.carcassonnelab.com/#/0/0/qWtU9KD3Yze4uI7iOG_MrLD8lB-t3qbN8lH70-F9QWEG-KUB_j-R6A8/212112b13122222132b042Z222q152b121L243b022H03220414032t123s022b253b224r063a254c173a1511172b262c374a083c013Z133a014a033403422233252314330711031J024c093b084c0813023c392a12412124133q164Z3143343q044109113823041J024L023J044t0A3b055a09230A110A23265b2723034b2B23045Z4A31035Z175Z225a1351436b0?players=TanyaUA,Ext4ur&colors=yellow,red"
918611010,Rivals,GG Rivals: Season 1,GG Rivals S1W5,88813461,92416909,Ext4ur,TanyaUA,2026-09-20T13:00:00.000Z,"https://www.carcassonnelab.com/#/0/0/rQqtVnbZV2uLvAVjZjyP1c_ZhDfmvQTrF7Fm65KKo45EX-t87AZeAE7/12a113c022c132Z123r0313114Z142a215b023Z143a052c062Z0511272Z1712282Z1811092a1412173Z1423244a024a074b093c084b2A3c475b0431394a134Z276Z035c054a3123083a2322016a236b026c027Z195c028c025s217a2212018a224q019Z21Ab229a021J02At053a15210911025b139c2334038Z0441333b028t1232086b13Ar034407213621145Z0?players=TanyaUA,Ext4ur&colors=yellow,red"
918614159,Rivals,GG Rivals: Season 1,GG Rivals S1W5,68743351,85405883,LSC,Vainiria,2026-09-20T13:30:00.000Z,"https://www.carcassonnelab.com/#/0/0/pqS5aeKGc-HFjw47G7Xz4f9zrhlwwEQ_F6ItlaDCWRXHF2nkfCcFRe_/12Z2211113a222a122s123t114b0314124c0222034Z033a143a142Z0233041323342122032r03240432022K051225240133123c153a044142410531014206222631232L042J163c05411732062Z272a0724054a07140822073Z29210A24234436130741031J083Z0834074b233q0811143J323H015c042r0931144J044Z153L034L1844224r2422045c054J535Z0?players=LSC,Vainiria&colors=red,green"
918633891,Rivals,GG Rivals: Season 1,GG Rivals S1W5,68743351,85405883,LSC,Vainiria,2026-09-20T13:30:00.000Z,"https://www.carcassonnelab.com/#/0/0/qJj9T65fonW1Y1T4KVUUVhOC1v4fr4mCyqH-zAOn59VwISJxJVwZcxv/12b422q21231221022Z132t2213032a1322131K332H233K023t1311013Z14111424042r021K323K0432023b142J03312511042c043Z03431532153Z063Z064Z1634033b024q344b314c243r434r574a165Z045c0242034c035105440451084c035Z083a025r425a033r093c053t126r036b236t015Z092Z046a0A3Z027t246q037r243H2253141J047t256q052Z1?players=Vainiria,LSC&colors=red,green"
918636212,Rivals,GG Rivals: Season 1,GG Rivals S1W5,94156886,84291236,XmikeZ,JnNzr,2026-09-20T14:00:00.000Z,"https://www.carcassonnelab.com/#/0/0/qc5j7y6_A_WnIWLKKdtni9cQ8gwH1vtlOPawRqg55AP2cZbahmeQUmY/212112c222Z222q023b232Z113Z123t221J032r033s034q033Z014a0311134c024t235Z025a043s131J026a441L043b0223051L244Z161L135t036q045r036c044r055t354s152q062L046Z072L116c1323071H024a181J082K073H453a042b025r0411137r0123137a417a063a052J164r038Z128a046q163J147s048t129b183H039b027Z149a392H448a12Ab2?players=XmikeZ,JnNzr&colors=yellow,green"
918638769,Rivals,GG Rivals: Season 1,GG Rivals S1W5,94156886,84291236,XmikeZ,JnNzr,2026-09-20T14:00:00.000Z,"https://www.carcassonnelab.com/#/0/0/pzLkfLPuKIdq451KY9KVCgNbJKuvaaoZOUlpbVlq3GJUEIha5hKoGk8/12b122q1124021J122a1211232Z231H033b034Z244a035b024b132r123q142q133s024s043c053b232K052Z013Z125c115Z043t033H253r242c316Z344s054t023Z141L034H025q063q0222014c164r355r4412143L065s1323236a3332245a017Z027a218Z03430231037b046b445t475t1512347a0442028r323J051H062s252J061H0352053J027q034r052r0?players=XmikeZ,JnNzr&colors=yellow,green"
918642803,Rivals,GG Rivals: Season 1,GG Rivals S1W5,68743351,85405883,LSC,Vainiria,2026-09-20T13:30:00.000Z,"https://www.carcassonnelab.com/#/0/0/qDXjTggTrIn6bVXvZ_Hl_p_7emlMp4qr7OnApCmSGEPPFd48mB3P6ww/12b2123113Z2224023r022H0234223K1243124H0212121K124s0131014c023Z0342432K024b033J033s0312232b0414234b022q2444342Z043Z235Z0421025a236Z245c253a1351454b031L042K015c163c046c0363147a0323152104330513122Z061424610254115201620712041J4532143J1722034K037b0331043s332s152K134q372b135H336K226c38121?players=LSC,Vainiria&colors=red,green"
918717148,Rivals,GG Rivals: Season 1,GG Rivals S1W5,85405883,88813461,Vainiria,Ext4ur,2026-09-20T17:00:00.000Z,"https://www.carcassonnelab.com/#/0/0/qAK3ST07iw1-EMt1k17VMP4oQnRKmbAegbJDwfVbcabNhAXNJHri3fW/12b213Z223q114b024t015a133q025Z025q135q026q223a422t12121314033c043s144r034a143a127s053t117Z063r024a216c042q026a018b027b037r042a364q322a252Z147r046q048r149r2221141J032a139q019Z231J0121028r035a2511222K037a01Ab029a0323038Z0422044c0612053c023H1621063Z024H057q2144073Z039Z072a052r071324320?players=Vainiria,Ext4ur&colors=red,green"
918726828,Rivals,GG Rivals: Season 1,GG Rivals S1W5,85405883,88813461,Vainiria,Ext4ur,2026-09-20T17:00:00.000Z,"https://www.carcassonnelab.com/#/0/0/puVzzzE1EjXE1glhlNIUTSU9VFqz_nl_ONlmeQZ4fxDtqMsh6KMtjOx/12b1213113a0222223b022q114Z223s1121221K2231022Z215a033c316b03240423224Z04113332017a132a027Z132q128b037a025t224t438c034r047c04342242026c01313143335r323H018Z046a045r2341019b226r2151228q245a035a046t231H036s033q129b127q025J3314144a033H441J055t038r334K0253047r039b022L034a029s23AZ056s12Aa0?players=Vainiria,Ext4ur&colors=red,green"
918738387,Rivals,GG Rivals: Season 1,GG Rivals S1W5,85405883,88813461,Vainiria,Ext4ur,2026-09-20T17:00:00.000Z,"https://www.carcassonnelab.com/#/0/0/q3EtJb-VJmb0MaMZJ7rI5sVAYjLIbmnKOnSwXIsV65KbLMW2avw3FOn/121112b2133122t222K022a223t12121313232q023J0223133q232K124q021L043q014b042L124a034s113a115c125q141303240231032c1422133Z134a0512226r061105240431042b235r044Z045r262b0443043a053c144s027t317a036t025b2543026Z3343054t172Z016c173Z064r2622065s042r355r052q0713123c05313641136b246q174b283Z345a4?players=Ext4ur,Vainiria&colors=red,green"
918741406,Rivals,GG Rivals: Season 1,GG Rivals S1W5,1259869,94481545,yzemaze,BDDL1,2026-09-20T18:00:00.000Z,"https://www.carcassonnelab.com/#/0/0/pYfju3Xs6Vdtf6Mwpl2lDVGmPkJNDZ7nrbzcOuSaJIMuQEx6laxiSsW/12a122b221J023b232a022q124c123s034a032q144a142q054a133q164Z031K365a014b043Z043q075c085Z053s144q176c084c415Z145t025r046s086Z1211441K326q077b034s035q167b263a083b355a056Z078Z025a279c024r073c288Z057b247Z345Z242c069Z048c216c047r027s07Aa089a038a239Z437t037c098Z049c3411062b059c04Aa035b128a0?players=BDDL1,yzemaze&colors=red,yellow"
918753801,Rivals,GG Rivals: Season 1,GG Rivals S1W5,85405883,88813461,Vainiria,Ext4ur,2026-09-20T17:00:00.000Z,"https://www.carcassonnelab.com/#/0/0/q0_y8-ZJVL-rBaVaVyLxF08OqxyphmfD9LMOBU_xEsVs_JUSTj45RLf/121112c222r222a121J313a231L432K2213132t122J132Z023J023Z1221242t0313314a024q224Z134c025a041J215Z042a043b043q151K052r233H3412124K0131034q0231135a233s025r044r0422044Z145c153r026r053a355a035t063Z154c154q064a073c046c074Z045r052Z146t055q056r0524065Z15310332433b047q362c263s172Z166b137t173r0?players=Ext4ur,Vainiria&colors=red,green"
918758916,Rivals,GG Rivals: Season 1,GG Rivals S1W5,1259869,94481545,yzemaze,BDDL1,2026-09-20T18:00:00.000Z,"https://www.carcassonnelab.com/#/0/0/pI4vSHCre-TfDIC5zMSeTX1kgRH-CqPu5vW65hb6zc7ej70RUbjQVYl/12b212312241132014403221231222r422H113Z423J1212023t132J122c014b032t421K133H2313142q032Z234K1424033r244K252r042L1431352J253s045J053K041J0241051J034q342Z052245110624052Z26113413043Z124K055J035L0254225L056J157J04421261016101722351036H047H062q023a0274262Z0181063b073b0152027K3372128103830?players=yzemaze,BDDL1&colors=yellow,red"
918768264,Rivals,GG Rivals: Season 1,GG Rivals S1W5,1259869,94481545,yzemaze,BDDL1,2026-09-20T18:00:00.000Z,"https://www.carcassonnelab.com/#/0/0/q_dAktbCzMgi8mliTzztSJg7LEtNS91R3DJh7NFDewCIb8b1dLfG76a/212121L322q132q122a0121123Z223s02211313124b022K134Z114c042s052t132a041H053q112c042Z132J035b231H133L2133063t1414015c044Z045c3422054t042L234H0142064s023H0523024K162q074s175s473r0533052J046b025Z454125520321055a1444035K034215110453065c085s12340642343L1351076q1151013c526Z3254284r1261056a2?players=BDDL1,yzemaze&colors=red,yellow"
919261924,ETCOC,ETCOC 2026,Round 1,85762488,84656152,kissemo,c00kie,2026-09-21T17:00:00.000Z,"https://www.carcassonnelab.com/#/0/0/qgkikLGDbgWxBk1OWGZ4e6YYb1wdoFGAVTlu5uD-66JwPFqqjsm1Vq4/2121224012c1313122r032b023q024t113Z125q326q115a014b332t021L242q036q0321023Z037r142b252b1414027t024Z141K047s248r228s035t046r017a249r029s042H0513122K019a03333422022b0524043J1532132J029a118c038t0622027c043216343234364115440614344H062c024122510132473103430141065307411723239Z02Ab216Z17120?players=kissemo,c00kie&colors=green,blue"
919262924,ETCOC,ETCOC 2026,Round 1,84841929,95855359,HarveyWH,DoNotWasteMyTime,2026-09-21T17:00:00.000Z,"https://www.carcassonnelab.com/#/0/0/qejEtS6cF_-CCeF8LcHMpCxLIOXfCfNWSsja_sseS0La_mV1mTUhA4v/21K112b122s022a123q01210133431L2232122L1141023K241J032K033r234s042s023b051K132Z0211044q235q233c01544163025J01731261124b035L11831364442a2242345r052J0252124J02731283036J062H046J045J037212920384261J134132A1052Z044K03A104832191071J04912592327H1582262c0682035107841334152r07911443277233123?players=DoNotWasteMyTime,HarveyWH&colors=red,green"
919264924,ETCOC,ETCOC 2026,Round 1,87123480,98480336,kissduska,The_Pink_Floyd,2026-09-21T17:00:00.000Z,"https://www.carcassonnelab.com/#/0/0/qI9FzvyQy5Z_qt56X4tNTyvGLlu04xfqHOKUCfoZJDwod4XGegPQvji/12b422a123Z132Z224a02121124121H222K131J134b014Z125b032r223K13120132115b024J041J0234024q025L023r033r235H043t2323032L026H036J051J052s03320164061K044t062q0342142a033H022t2222116Z025t126q043c072t04240441145t036r334J2242127J253a026Z235q037J046L227s044H227b043K136a0254217Z354H218b2144171H1?players=The_Pink_Floyd,kissduska&colors=red,green"
919265924,ETCOC,ETCOC 2026,Round 1,88730461,84412216,SilexSaxum,AnnenMay,2026-09-21T17:00:00.000Z,"https://www.carcassonnelab.com/#/0/0.41/pwQ7NQB0yg2xLjsebhMDKd2Annmu1al8Df3clRWJO18Fqbli_aq-_aw/12b122a123Z213c122q132c242a133Z321L023q152b014Z022L424r132J515Z131H1211124b0312125r216c035r026c217c342L136s234q044q036Z027a035c046s052H043K037a247Z238a148c026s049c051H041L057a34Ac052r03Ac046Z028Z039c03BZ02AZ045q232q055q237q054t053t064t074r033s029a063r11Aa253a019c134b025a165s018Z1?players=AnnenMay,SilexSaxum&colors=red,black"
919268924,ETCOC,ETCOC 2026,Round 1,84534148,40727257,Rikky-chan,Someone_you_know,2026-09-21T17:00:00.000Z,"https://www.carcassonnelab.com/#/0/0/pEJkQhZ4KQsPK31xsWYJhkw0xONRFeKMBC4D_UfHv6bPuJkYLUKm05_/12b2213212313112224132b02310243214102531353122L223J142c133H4261034K216203610462222c0561044L04121324143L235K05520662052c021J05120132062a03323543076444410754072Z023Z153b054K243b14211534044a055J034206410522042J245Z034a032K054c064J0744352H0851186218422671236J146J09441952133c17710A5119312?players=Rikky-chan,Someone_you_know&colors=red,green"
919274144,ETCOC,ETCOC 2026,Round 1,85762488,84656152,kissemo,c00kie,2026-09-21T17:00:00.000Z,"https://www.carcassonnelab.com/#/0/0/qf_1cNN7PPQIfzR3-cJ2K-uphJ1fHH2xH3-Q7WIb5tmFa3KLmjpE7kd/2121311112c113Z122Z023r014a0123122r132q233s0131024a225a235c123c024t133c415c1224116a331K322H025s035r026r242t226c045t055q244q056t027r045c017Z144b018b066r027a119a376s236a1411065r241L028q037Z0321047Z0231038r055b021K357c039t329a258b039c256Z01Aa042L22At066c059c02Bq0332065Z032Z464a33As154Z0?players=c00kie,kissemo&colors=blue,green"
919274944,ETCOC,ETCOC 2026,Round 1,88730461,84412216,SilexSaxum,AnnenMay,2026-09-21T17:00:00.000Z,"https://www.carcassonnelab.com/#/0/0/p9JHeY8waQfW5wwVs5lTU9jnRcYMu076k3TTThDF-0dD-Ot5L7qe8oA/12b2123122s1131013Z021L12320213122J122c13321321232a223Z142Z041302211434043b052c01425344044Z1313234a032r254Z364a045a063c023t014a032H024J033J025J046c024c162Z136a035H125a037a045H044L472b2614233s034L142r241H043q01531622155H03510453027Z33612254038b2243043K056J028Z039Z05520524065J03Ab017b0?players=SilexSaxum,AnnenMay&colors=black,red"
919275224,ETCOC,ETCOC 2026,Round 1,87123480,98480336,kissduska,The_Pink_Floyd,2026-09-21T17:00:00.000Z,"https://www.carcassonnelab.com/#/0/0/qXazhF4E1qVspgFOinYRhJA6jbqhs1bXNa4QyuEYs0-uMtc-FilHjcb/212112b222Z113Z3124122s222K032a1311032q032K0222123b223r4131033b034c1411221L01420424024J043c23220523134J014a0431215Z2623031L433q142c042t142H4631052r0512116b0611125b052Z141J062b051H035c026c034t062q1722272r082408313644073s0714145Z446b15432332053r072Z044a2551255a135t227Z371H243K0451333H0?players=kissduska,The_Pink_Floyd&colors=red,green"
919277392,ETCOC,ETCOC 2026,Round 1,84534148,40727257,Rikky-chan,Someone_you_know,2026-09-21T17:00:00.000Z,"https://www.carcassonnelab.com/#/0/0/o6672aQGUeKCQcMr7jS5W1fKdonh5Yu6RppnOx0IJ3gP86hLjwbqdg4/12c121L222L013c11241134132H223r042J233t241K031K042s143K0222024s03222234032s02440212043t352H462H051H061H052q1142253q154q163q063J062t055t073q074s0422165r0153024H222r134q133L744q183r0412025q225K134L1252126t035s1524042a3311145r043Z02610362223Z353J216a044J217a254J027q035H014a1353055L084t0?players=Rikky-chan,Someone_you_know&colors=red,green"
919282397,ETCOC,ETCOC 2026,Round 1,84841929,95855359,HarveyWH,DoNotWasteMyTime,2026-09-21T17:00:00.000Z,"https://www.carcassonnelab.com/#/0/0.10/qW4yOfqvCXxDN5cTEZJQUPWlc1uOw23rjpOI5gJnaYrM0D_WOr__HFo/21J112b122r1212023q122J013Z132r132L2222133t13140122142q024t033H034t241K0411143q234J0324023L022b0513252Z3521252q1233025r443J0242024L035J223a051K042b01440153033c024a115a252J062L026q072J042H053q043c025c063H035s045q014b171H462s054s225L026Z382L031L064t316c127r283H093J136r263q044a637t1?players=DoNotWasteMyTime,HarveyWH&colors=red,green"
919290254,ETCOC,ETCOC 2026,Round 1,86169474,91930519,Niangoflow,PushkinBLR,2026-09-21T18:01:00.000Z,"https://www.carcassonnelab.com/#/0/0/qhcjycLczNDIjlSAyc7xlvIwVT9bN6cf9SXjhjkYB9wCYptSxjMd465/2121121122Z012b223a232b013c222t124c042a0411034b033c035Z221L432q044a222H052a123K133J033q162Z034s024t025b063b042r036b044t242302240233035t136t154r055t056q2334145q225r143r126q257s045Z137Z246c038b015b041K051L061J253s371H02431141072K0151443K281J072r027a454a282s363t117Z324L092q032L052J147b2?players=PushkinBLR,Niangoflow&colors=red,black"
919292254,ETCOC,ETCOC 2026,Round 1,83909717,95055731,defdean,Gladki_Alex,2026-09-21T18:01:00.000Z,"https://www.carcassonnelab.com/#/0/0/qqEplFSIgZrXsrYtcjhZvUMkJopMd4DGiFM7t8IXYv_Xrd1IjIEaDg8/212312a121L2121131L113a041K0224242H032q152H022q123q114Z142q062J063H015b243s061K024a273L052q022K0311032Z071J023c034Z033r444q342Z044Z035Z0322154c055a056c072K146c083J216b025q064J023J066b265a284H075a0231454t165J053K075L094K035t443c036q072q2243237s146r295K027q228s174a2143047q051L176b053b1?players=defdean,Gladki_Alex&colors=red,green"
919298154,ETCOC,ETCOC 2026,Round 1,95498212,91955662,ErDeIvIt,detraid,2026-09-21T18:01:00.000Z,"https://www.carcassonnelab.com/#/0/0/qg3-N9SUqC9YenEZ19us01BNMwibYdUWYuyXeX4sJwhGQn5imqUQMql/212122101241311121J012b2132032b0234214313341343123K142Z022J11520254024J0241033H24320442031H2322043H042H0263134J03640411022Z03714271223a132r0452035J136K033t026K043q0423153r233Z523t03541472141J032K252t352K046H062r147K424q248H063r0524264s044t025s013Z161K245q373t134q142q174r083r346s027H2?players=ErDeIvIt,detraid&colors=black,blue"
919301586,ETCOC,ETCOC 2026,Round 1,83920993,84974742,danisvh,Ivaks,2026-09-21T18:01:00.000Z,"https://www.carcassonnelab.com/#/0/0/p9nN5QN_LvmlpjICdv6Oqx3j59gFRTbWzhALuDjhNyy40wpZzGdLK6r/12b213a21231212023q2312222404140131023Z024s032Z224a023H221H234Z025r025a044a015Z045Z022r433q1232032t122K216Z142t122c141L033b032K152r051H062q217Z063r1321153t064t173s13311432154a027c028a0512352Z042a0611261K0622127r228q172t035s0724074r037r038q065q026q066s137Z071J135a031J339t064a1711053a1?players=danisvh,Ivaks&colors=green,red"
919307865,ETCOC,ETCOC 2026,Round 1,86169474,91930519,Niangoflow,PushkinBLR,2026-09-21T18:01:00.000Z,"https://www.carcassonnelab.com/#/0/0/pBo2B7NkivEiBqKkaPAHUU_udK4r4_DEg8Z6nQXRhbb0e2hAngxlPOg/12b2122222c022321331324021K023L1232124K131H0144025J032c441J132K234H042J0331044L152L453H045H042r0241154J1344051J2251063L2431143K0351073J062J055K056L026K066H167K076J046L257H064H0532122J34420164065K152116330642032q1733042206540741084124140551031416220753068H0762072K072225132712275J48340?players=Niangoflow,PushkinBLR&colors=black,red"
919307932,ETCOC,ETCOC 2026,Round 1,83909717,95055731,defdean,Gladki_Alex,2026-09-21T18:01:00.000Z,"https://www.carcassonnelab.com/#/0/0/oruYYqfYMyUAQytbPES0GGJoeOps-1N99xesc4TQeab63nev_hQqx0-/12a222t413b2212122Z032a0312114a223c223q115Z042Z0221124s125Z032s031J021L242r034q043s025t2121032L122L233H0133124c016b042J2234241J151L152q0334052J035c061J253J062L0242053s1321071K043b063r02510422152a126322710374062a143J0512044K0164073q372c034Z0363274s463b275s434K172s023K245J083r1351324J0?players=Gladki_Alex,defdean&colors=red,green"
919308154,ETCOC,ETCOC 2026,Round 1,88053112,84856818,Quim VS,Stanislau,2026-09-21T18:01:00.000Z,"https://www.carcassonnelab.com/#/0/0/orb9tsEass94oW4eoww5_RqrNvGfw6evcVoufWYeyGxab_rBCF4USiQ/12a2212213b023a223t122r114Z032t133q0314032a433Z015Z016Z1324224b042c234c025Z142t152Z017Z434t052r024q126q062a127a235s037Z143r045q072Z036c028a063Z1422073Z025s1433183Z018b364a046q035Z038b047Z354a143b255b044r362t263s074c154r057c075b019Z145b048Z0511041H042H0224427s146a037s151L036t121L144Z1?players=Stanislau,Quim%20VS&colors=red,yellow"
919308497,ETCOC,ETCOC 2026,Round 1,95498212,91955662,ErDeIvIt,detraid,2026-09-21T18:01:00.000Z,"https://www.carcassonnelab.com/#/0/0/qYXb2UWo7AXA0Vc3llb5mKCUbL5ahHGC8zFwDj6zZmJpJFoqVoJiPiP/212122a123a113a123t021J033Z032Z0312442Z224a043Z034a133r035a045a131L055Z053Z012b244b056Z1321165c02211422064c252a4123074c036Z046b0132163b032q075b22310244154b0341025c04310511085Z1523162Z072Z282c083a03512361026301610271076Z0153273c026J427J1252093c284a292a322L224t114b186Z247Z0811153228210?players=detraid,ErDeIvIt&colors=blue,black"
919308970,ETCOC,ETCOC 2026,Round 1,83920993,84974742,danisvh,Ivaks,2026-09-21T18:01:00.000Z,"https://www.carcassonnelab.com/#/0/0.9/qJB9FIEfAqo2V_tzfKy4NnlfuFFK1k68O4Hjt7ttWTE1_maoicUflgT/12b413Z122Z11211212222J1314014Z0321023t0133015c032J0422131K0522141313322513042J12340622143K252J0633233H044H272218230432154J062L061208310931021H6A3213440A2329430B24032q38122A140A42082c072a0911142b0B41052Z0C222C422D210C330C51071215310C110542062b1A2Z35530A3b0B332D14043a033c045H2D540?players=Ivaks,danisvh&colors=red,green"
919315793,ETCOC,ETCOC 2026,Round 1,83909717,95055731,defdean,Gladki_Alex,2026-09-21T18:01:00.000Z,"https://www.carcassonnelab.com/#/0/0/pSUas1Fb8Dd13QdPb2fB4Qgr0jHALQWYw5OHGiBZKebO0wET4gwieDU/12a1212413b021L122c1123232c4314231H132r033s042q014Z152t232J062r024r015c233K051H023H0131053q222q054q1222155t164r2324274r075s073q163s156r372r025r066r067t1143345t04121154165r044t0244284s094q095s023421610253296q093r083q0333182r057s033Z147r046t197s234H276t181K026K082K287t583H272J293L224c0?players=Gladki_Alex,defdean&colors=red,green"
919318734,ETCOC,ETCOC 2026,Round 1,86169474,91930519,Niangoflow,PushkinBLR,2026-09-21T18:01:00.000Z,"https://www.carcassonnelab.com/#/0/0/pA2t1_r_3-brbJsCT0N41XNgnbMd56kzHOpn02kuC6lfitNixZzdEDC/12b2121122Z0224021L122J023b0322023K4312132b142322333132124K1414133Z14312532124a0211042Z033214410243113Z134b3512043c144a133L232J143J254c235b045b046a122s142K014c032t1524025L042t036c023q026H041H044H2622064a065a054L224q164J333t1344225s037b053K156c231H0544051J253Z134H435J134s047b063H11431?players=PushkinBLR,Niangoflow&colors=red,black"
919320316,ETCOC,ETCOC 2026,Round 1,85298294,87714234,Asx3t0s,g3rappa,2026-09-21T19:00:00.000Z,"https://www.carcassonnelab.com/#/0/0/qHbmMbpxHREyzv9PmRyox1oeBRlpB5j4lkOQxicLWAx4hasbDoa0trm/12b4123121K122a131H113a223q233s122t034q2211023Z132t014Z0223032Z0233244r042c033Z024s025q242s052t024141310322051J254t126r0413015a253r024b055t027s036q052b2144335s046q143q125Z034a364r044c162r052H042L037q063q143Z145Z246b216Z022K165s028r241H056r256b354Z073t029q119b2421118c226c072q383q147r0?players=g3rappa,Asx3t0s&colors=red,green"
919320416,ETCOC,ETCOC 2026,Round 1,92738595,41973045,Carcharoth 9,Lawyer,2026-09-21T19:00:00.000Z,"https://www.carcassonnelab.com/#/0/0/py-KSk26KlpKTc34DsjeTnnc0igT_4ENMQa3K02R8m9YRXVnqjRN9jI/12b122Z121L123Z122t11220211013a022H132J0222033c023K424c024J025b015a0312225r124t01440231023t3414232Z14220513142Z134r2334643a1343153Z344a2521026Z335r035Z3321127Z344r36222631034b1732063a052b053238311433045t0721054t0744036c045c093136422842075317110654082408112761272b2613155Z231K046b062Z0?players=Carcharoth%209,Lawyer&colors=red,blue"
919321516,ETCOC,ETCOC 2026,Round 1,84819326,85089263,amires21,viv-,2026-09-21T19:00:00.000Z,"https://www.carcassonnelab.com/#/0/0/p-CWC87_YEtBM-TmkdxvcrdCrmo40JWwzIV86Ob7xkK4PwWd3cGW0y9/12b2213213Z231303211411014Z121K2123232a133b142b013202310141052b015Z123J024b223s516c022H026r217Z025q036q123Z118a028t022r138t132s034a048s047t033H532K133t158r05110521043H246q049t125c0611024r259s056q027t0711042H052K142r052t143b0723045r019Z041J026a0813022Z14Ar331L135a036c162c029r027a045a3?players=viv-,amires21&colors=red,green"
919323316,ETCOC,ETCOC 2026,Round 1,86131528,87780646,Rico13mpatsoni,Ervin_G,2026-09-21T19:00:00.000Z,"https://www.carcassonnelab.com/#/0/0/qZK1M1SchsOuycygSYIJuooZVjZz8uQAe_lKv6GUjZkR5eX5D1eilcJ/212321K112a1123122r1313232t232a031K032133340132023H033q14220141042s0231122H141L032H034s224K242Z051J252H061J2413335r024t071K162L133a043Z272H353L013a053Z073H163K133L043J044K044b054K145K055J164J372r434b0512334J356H0241015402514163052t0262154c081H0171325J1272082H065H224Z4343074L075H15232?players=Rico13mpatsoni,Ervin_G&colors=red,green"
919323516,ETCOC,ETCOC 2026,Round 1,84915248,83987400,Meami,valderic,2026-09-21T19:00:00.000Z,"https://www.carcassonnelab.com/#/0/0/q3XhkahbPUBwOu05e-0bZWntxyN-kJeo6QDxmy2PaYZfbJu0JHhCy1y/12112121221112b2233222r013Z022a1241032q1134132Z0322233t04240434034233521144242r0151023J133Z04510332043s025J25530312233L1411143J0163034J35320364044J45110562032J042a01720523045K25414634055L121L26230651056K041H065K0253252Z042J075J264H453J4731057J0741047H046H348J252L158L059H35AJ049J037K0?players=valderic,Meami&colors=green,blue"
919324416,ETCOC,ETCOC 2026,Round 1,84216333,95704683,obiwonder,Random_23,2026-09-21T19:00:00.000Z,"https://www.carcassonnelab.com/#/0/0/q3O_rpCtBOT_45Fe8V63KHuqBanfYclWd3E3mLmK8kJxcDU3jZ5BUgd/1211212112b1312222K1224123K2413021L0421024J01311522125J05130152134H11620432033203430242042Z326L135K03220442236K01720452037H146H022Z05441271038L12831371128H02340351048K0472149H059L269H068K032c145J0551131J067H06AH057L278H233c034a06BL079K07BJ013b04AJ062113AL26140644233K555K354L123s144J4?players=obiwonder,Random_23&colors=green,red"
919324516,ETCOC,ETCOC 2026,Round 1,1259869,88094750,yzemaze,Jadiema,2026-09-21T19:00:00.000Z,"https://www.carcassonnelab.com/#/0/0/pj3yxR8eeNesf2BNkva6vHT8cg1yqicOV9P1Vz6X2VtBVyRGxLAUKIt/12b122q122b21231223021K322J1132032c031L123J132K11410234023Z332411510244025L042c135J0411034H2252045L455J024a013a014a065L154K024t225s166K034s075J223s185J034Z246K235b0422056H057J144a047H045c236a415c058K116b033q025b137Z027a068J078J155a054a0522026r035t045r244r376K074J346s064L028Z327q053a0?players=yzemaze,Jadiema&colors=yellow,red"
919325316,ETCOC,ETCOC 2026,Round 1,97707371,84069307,Ste-fa-na-kis,game__over,2026-09-21T19:00:00.000Z,"https://www.carcassonnelab.com/#/0/0/pvz9rJRooNrYrXvMc6uyMkttESYCY3Qu8bWN4rKZE2Wh2xjEMkIXEj_/12b122Z12122223113a1321131432312134423b21442122021L422H224L332J025L1423235H133J033113421352033c22530241115204140452122r032q0163042H042a341H024a045J042r143q051J052Z043K352r133s0552034a0264044r0171043Z0362036H037J045r046H032c146q04340273127L444H053213720474247J238K255q136q056s047s06520?players=game__over,Ste-fa-na-kis&colors=red,green"
919325416,ETCOC,ETCOC 2026,Round 1,90995279,87903300,Learn to fly,nazario77,2026-09-21T19:00:00.000Z,"https://www.carcassonnelab.com/#/0/0/qmzezc5lyuEpoRePMOpDvismpU8oUKHRLxBhNwAeF0aasKNWmobH2kj/212312b23121221121L02332321041303322242025203540144132b04340343036314420531033a023Z243a1543126124531273124b06332524144b06211162025Z145Z026c0733224H0152016a223K0463034J226s025q025K134b136b0561213Z224r4572044K0642053b035J045H355J223s03710652042c036t415c034q0744046r0842017Z014a127Z11221?players=nazario77,Learn%20to%20fly&colors=yellow,red"
919325516,ETCOC,ETCOC 2026,Round 1,85191103,85363185,Leuschi,Blitz,2026-09-21T19:00:00.000Z,"https://www.carcassonnelab.com/#/0/0/q85q9p5h72sl5oUt8Nm9LAAwhSeui-aiKy_TKHLx3hvVEmTzdVbWRb1/212112Z221L11212224013a122a1231132Z0321023q042a0412243a15140333152124331341153Z063a054c024q1442023c024b034c125s064c015c035s274Z035a0241045Z04521552114423531651066104220751074106430842124H045q025J0152125c07620313223H0733134J234r0863252a361217740562033J057205310722073Z1871362c131J18511?players=Blitz,Leuschi&colors=black,yellow"
919325661,ETCOC,ETCOC 2026,Round 1,95498212,91955662,ErDeIvIt,detraid,2026-09-21T18:01:00.000Z,"https://www.carcassonnelab.com/#/0/0/qfc-2dmHorQDmPiHS2Bqb89DRwSvfb4W2JIxA7X7zRHXrop2nz4KB8h/212112b4223113b121J0312131J0414022Z23241231042Z25130522132a16140622214Z06320421041K0432033b034Z444405420341044a045a0531142r224r234r033q052q254Z152Z035t044q051K136r045r0121135c022H025a226b062t172406440131036c07310453343b3243016b062c023K2462123b03521363115c024H2561034K0661027c237q435H3?players=ErDeIvIt,detraid&colors=black,blue"
919326316,ETCOC,ETCOC 2026,Round 1,94832730,84961243,JohnMav,Geo100,2026-09-21T19:00:00.000Z,"https://www.carcassonnelab.com/#/0/0/q3GsapsXHwRWl6uXYKSqVj4YoCU-OhsjvksXpBUZQzmuMLQTOMP6-EQ/1211212112c2224121H031H12330322013313122141023H024K122J0334032b041401540252325J234211620444042b026K143Z052b234J01730421035H0542024112712522153c013c05342182464213731352062307440281061106311842185109440953283207240292128L332r03640391029K3191423Z02AH223r0653147104820733039L18231551122s3?players=JohnMav,Geo100&colors=red,green"
919327416,ETCOC,ETCOC 2026,Round 1,1133242,97238273,Defdamesdompi,A1egat0r,2026-09-21T19:00:00.000Z,"https://www.carcassonnelab.com/#/0/0/q2XADap7l0e4qDhIvau2ootV8p2e_LB_1JLqp-V7rVVhwmnDhC-rMT9/121112b221K131L2212032q1312241K0321033r0411032Z2333043s12231134034s433b222L143Z032J044t023L053Z042b035q134a254Z133J2143224H02420253125J264c0151044c0161245c055b334121734261036103742444046404530182136t023c242q152c426s013a014a116a053t015b025Z063s025r017Z0552026a136c022c162a126H051H05434?players=Defdamesdompi,A1egat0r&colors=red,yellow"
919327516,ETCOC,ETCOC 2026,Round 1,91570293,87209664,Randall_Flagg,squallus,2026-09-21T19:00:00.000Z,"https://www.carcassonnelab.com/#/0/0/pevUiehwI4rfvQPJNEDDxV3DfrKpySqdeBbVDOXZlpzJ2BJRNHMinH7/12b122Z213a121L232Z222H031H032s022q123c024a2313123K034Z033K032J042H233r235a042t1323145c02220412024J055a0332054a0212053c043a05124341264c152c374b23540614052206220531014c0361065c036c0441263Z156Z2711072Z0431157b0424125a267c0121266Z2451042a1132126a224r06320642076a358Z247Z0811386c0821033b0?players=squallus,Randall_Flagg&colors=red,yellow"
919328416,ETCOC,ETCOC 2026,Round 1,65246746,86771532,CraftyRaf,adrear,2026-09-21T19:00:00.000Z,"https://www.carcassonnelab.com/#/0/0/qiOHpdTSuCpM8n6KMXSs7H6ljqAtnT141e3JqDMAIr-3MrZncysnSOc/212112a121L213c122Z0121122q11320311023b033b032q1322033s0224123J043b2412114a234r042Z015a0232024c152a1241035r025s226r025a2511036s153Z046t354b037t161104240331027q064c028r118c029s047r239q23As274Z024H073a024r345r183c223s162b082c243q144s092b2813254q093a0911082138321931063Z033H132K294Z353s3?players=adrear,CraftyRaf&colors=blue,red"
919329216,ETCOC,ETCOC 2026,Round 1,84642763,83856872,dark_passenger84,cipri82,2026-09-21T19:00:00.000Z,"https://www.carcassonnelab.com/#/0/0/qYEspeBU7jF5FF10s-_eW112JkUmqq20dVe1L91JOC4Wd937XTQ2t5A/212112b221L213Z231J022r022L041L2121151L042q061J0312014Z142K01342221115b024Z01442233225c035a33310242145Z143t153s052t055c033q01540411025K124H0161035H026J0321151233442262045L116Z244K026Z1423036Z1433137a244b238b246J047c2532047H028c046b057c027Z037L056H258Z055L234b023s366L023a162H017Z032a0?players=cipri82,dark_passenger84&colors=red,yellow"
919330614,ETCOC,ETCOC 2026,Round 1,84642763,83856872,dark_passenger84,cipri82,2026-09-21T19:00:00.000Z,"https://www.carcassonnelab.com/#/0/0/qTehGSB_3TZ9WfcWSOIziC3ZcIS4NjDN6pMuf4sDVslFLCL6_Zg4sZt/212112c221H213c114Z123c024s023r03120122115a133a025Z034a225q126Z134q0221027Z137Z128b038b235c018b045b243b044Z022K046c056b435t055c026t0133116a045q023101410412046s0242127t037r138r0512019Z029t02Ar228t13Ar031J033q052Z01Ac144s048q039s348a357c058a268c467b13Bq039Z036r124L232t159a03Cs04Bq242s0?players=dark_passenger84,cipri82&colors=yellow,red"
919330697,ETCOC,ETCOC 2026,Round 1,84915248,83987400,Meami,valderic,2026-09-21T19:00:00.000Z,"https://www.carcassonnelab.com/#/0/0/qkBOErf3q4_cqmTeFsk6CniIUiLrX4wpl1snQ1lEnzb5G7a1NtygigG/213212c121J0314131L2411032L0423122q023t041K032r024t232Z034t151K242H052H043J0512252r235s042q243r061H122H123J045q062t263t12230132072r0123071L182q072H153q133H054r146r0523156t0611082H052Z1323173K2714062b062L172Z163L074H544K064H084J065L2231033r381J064q291K253b013b336q025q183J292t066r14310?players=Meami,valderic&colors=blue,green"
919331291,ETCOC,ETCOC 2026,Round 1,84915248,83987400,Meami,valderic,2026-09-21T19:00:00.000Z,"https://www.carcassonnelab.com/#/0/0/pA807QHVbeFeg0FRf6vO26xNkfo_izCD3XMsPnWXv8sL9j35-9T2VEn/12c2121122t122a123t122J2224013c232r232J033K223J033q124q132Z0324033Z021L134c124L034t043q134H043H023403120414143a1421235H044s345H024Z0142035Z3331044J02131343042L114b015Z036K1511241L65240612251H046K135q053t05322431025J042q06310714052a0724063r054q073101324444055s135104521242031J156J156q2?players=Meami,valderic&colors=blue,green"
919332185,ETCOC,ETCOC 2026,Round 1,92738595,41973045,Carcharoth 9,Lawyer,2026-09-21T19:00:00.000Z,"https://www.carcassonnelab.com/#/0/0/o6sjAS8BvYSClBIVa7MQwg-XOPp5mSYaR05e1arVwUlNm9jXbpZcthH/12b12112123021J1314122r123q131J032c2224433q132q234t142q244r222J0234233Z023Z032H1322034Z123L035r452t441K041224210514054t022b042c143t025q045t042J052K243J024s044J045K162L446H072H036q146r1331114a871K054L037s082J063L055s164s147r053r161J2242024H083H065q072q2132363q034K074s462s056s033H192J0?players=Lawyer,Carcharoth%209&colors=blue,red"
919332413,ETCOC,ETCOC 2026,Round 1,97707371,84069307,Ste-fa-na-kis,game__over,2026-09-21T19:00:00.000Z,"https://www.carcassonnelab.com/#/0/0/q9_cICW2Zt5dPSg-BGvOzH2WuwajuDXP23JTm5M6xeIaMQhKKXHjCBx/212112b231322231123123203230412432b022L1134021K122c151205241242214103410252142Z1352132K045423640462033H0421033404710623153105520724124J0153534L322q37310161425L1651054407124642013c157205640631175106611613223r223a043a014Z126K024q08530481025s133Z243K0823052Z235q253a144a226q254c316Z363Z3?players=game__over,Ste-fa-na-kis&colors=red,green"
919332705,ETCOC,ETCOC 2026,Round 1,84819326,85089263,amires21,viv-,2026-09-21T19:00:00.000Z,"https://www.carcassonnelab.com/#/0/0/pxsYrdCqg1WcuKYtmRF2jg2zsy8G_obMacz7slk_4ag4xnn7MkOwPdx/12b121J1212231L4222032t142q133t143q223q232K334q142J135r045r053q054q125t046r443K022b213b152J051J032c0232062L014a024Z133c063H063q2131023a134Z025Z035b026b223K0143173K2241024H125H1332044a372J036t064t022r034L283K216Z356q0434255s147q382J0314045b092H262t015b0124117c3254027Z0321035H036Z01510?players=amires21,viv-&colors=green,red"
919332757,ETCOC,ETCOC 2026,Round 1,65246746,86771532,CraftyRaf,adrear,2026-09-21T19:00:00.000Z,"https://www.carcassonnelab.com/#/0/0/rSm5nRdJZvvTgAGwQi5lH6eThdSOwVOKokSF5MDb5EUMwipE8_OZLjc/12a1212222t223q132s121K21221313022K213312232412132a0514042Z1424032L033L431H042L141J243J343b0143024H052J0151044L0231053L054J244c153a245K223J145Z233c046H051J062K123c156L166K061L0251062q172q024q013a024a0244064J052c136K234c126J162Z027J073q047J183q333r0611072a063Z063q082r074J193r571J192t0?players=adrear,CraftyRaf&colors=blue,red"
919332833,ETCOC,ETCOC 2026,Round 1,86131528,87780646,Rico13mpatsoni,Ervin_G,2026-09-21T19:00:00.000Z,"https://www.carcassonnelab.com/#/0/0/qcwQJYhXo4TaJ8JICN1wZq_kzltHZSmhP2g2JhbWkML3nmP9dwdCe-9/212112c221L2124122Z022s032t123r013c032a2223142Z014b4323015a243b025a03320412034202310353116Z236102542152217c044a131J034a453b224a142r052Z218b023a162a032H072Z0162073a0141074Z026a264a283a422J025t184Z193c094Z033Z082b092Z027b171329142314236Z0721285b0A3Z133t0A4c037Z073108212A2Z228a024H143s0?players=Ervin_G,Rico13mpatsoni&colors=red,green"
919333075,ETCOC,ETCOC 2026,Round 1,1259869,88094750,yzemaze,Jadiema,2026-09-21T19:00:00.000Z,"https://www.carcassonnelab.com/#/0/0/qma-KMzB_tsIdUFCSAmLnqJE5SgyDDFgkQ3_BUMp51EMdDnCMPJGwpS/212312b23121223122q032b023q1233122a013b123b024a124r134c033q044a143c054a14140241233b1512052b064Z155Z025Z025r065c034t053a362a032s331H1251014Z0341321K042q243s145Z135t1334026r03240121116Z253q054s444r032L0523055q066a056q036s146s065s027s076Z047r152q217c063r374c273t157t167r267a11440131172q1?players=yzemaze,Jadiema&colors=yellow,red"
919333596,ETCOC,ETCOC 2026,Round 1,91570293,87209664,Randall_Flagg,squallus,2026-09-21T19:00:00.000Z,"https://www.carcassonnelab.com/#/0/0/pkuTT2XOui0RQqqUajqj5yM_2-OUsyBaCMQq7QUddYWdUDC3tfmr7r-/12b122Z1211132Z113a122t123q1314433q0322124r032r331K443r14123223342q1514152Z041L151K225r221J015c232H035s014b053t25240121236r063r044q062Z363b1612142H0714073Z262s072c082b216c025a152J033L022J335c043H153H136Z064r044K054s045H155K056H065r023J024J317a0144018a025L065J063H019a0154066J027c067J0?players=Randall_Flagg,squallus&colors=yellow,red"
919333939,ETCOC,ETCOC 2026,Round 1,94832730,84961243,JohnMav,Geo100,2026-09-21T19:00:00.000Z,"https://www.carcassonnelab.com/#/0/0/pKZyhOCUkxd7DL93jy6OMQWqhSsvFK9cjDhzGuni2-9YYR-p3-MMgb5/12b221221231314021K232a21331321022L013Z02332332123c042a132K1242031L233H042L052L041H062J443L052Z02210143051J2412134K053a062a163Z0343073a1433063H464K061H0533071H272L064c065b0514055c072c022c075Z2424172r0152081J462t082H0351054b0444065L016402610521075K373J174H0171082r283L043Z225K266H14530?players=Geo100,JohnMav&colors=red,green"
919335059,ETCOC,ETCOC 2026,Round 1,1133242,97238273,Defdamesdompi,A1egat0r,2026-09-21T19:00:00.000Z,"https://www.carcassonnelab.com/#/0/0/qR8jptcyYWJ2AIlmk3e8Q_eQKFTyBXvZ5P_UO4toIeddyaHfdDr0L_Z/12b2121113Z1212122H123t132H021K014Z133r215a034t043t124r242t041H035q033J042J144s023H136t016c017c037q0134151L0222025q143H252K354r032212310421022b432Z042a152405110612152Z034J053b026r063c033232440431132t0714062336322731044308320724045112531461172Z335404712414044K28132563473a3554054205740?players=A1egat0r,Defdamesdompi&colors=yellow,red"
919335379,ETCOC,ETCOC 2026,Round 1,85191103,85363185,Leuschi,Blitz,2026-09-21T19:00:00.000Z,"https://www.carcassonnelab.com/#/0/0/pvd8cxY9ipa_Z6xsjM8RMS5WC54coGrtQofZnEHpCx794ERjVxw7HMg/12b122b223a132a1212213a1313014a024r442Z034s015Z033Z023t025q124b04140222221L0121231H032s035q041J1511432J0131433J023H244q052c053c136r026t124K146s043L125K04220321054t237r0143055r038s051H047q122s116a139r264q065q074r227t143b25243231245r166r073r384r075r085s476q086r267q183r552t434a154Z035a0?players=Leuschi,Blitz&colors=yellow,black"
919336985,ETCOC,ETCOC 2026,Round 1,85298294,87714234,Asx3t0s,g3rappa,2026-09-21T19:00:00.000Z,"https://www.carcassonnelab.com/#/0/0/pozXaEB6f5Rs1neoSF-vGjh1K8Pgd8VsYpirG-5VyKJhS8JC7LnYNhm/12Z213b222q323a4211232q021L122H123H231K033J0121134L144H043K041J035J032H322c142H232c425H03111131054J3144023t02320324064L153H224a065H074H073H134Z225c084K072K085H026a042a036c027a044a045c052a245J366K035a056H036K0411154Z0511043a0422043205230242033r255b0252062L228a029a051L014Z276J252K367H0?players=Asx3t0s,g3rappa&colors=green,red"
919337677,ETCOC,ETCOC 2026,Round 1,90995279,87903300,Learn to fly,nazario77,2026-09-21T19:00:00.000Z,"https://www.carcassonnelab.com/#/0/0/rOvGTxdf0GaulnSyhthBy4KfqujQ6XG3mIUISmsNZ1a_A8jutjLo900/12a1211113b023a2124122r124Z121L032q133c032a02232131023s124q134b125b333s015c144Z043t131H035Z041L2141051H053r254r052t063q036a061J073q074q1241046c262L244t371L384s016Z0231094t247a442Z045Z0A4r022K042q2314022c032L23411322052H233K142J125s245t2413035q083s036t04430424246r124L034H134r2B4q264t0?players=Learn%20to%20fly,nazario77&colors=red,yellow"
919340622,ETCOC,ETCOC 2026,Round 1,97707371,84069307,Ste-fa-na-kis,game__over,2026-09-21T19:00:00.000Z,"https://www.carcassonnelab.com/#/0/0/qZ4eI_Q7To9IV-XsdLMUL0u3DarNpD9-Dyf6XkAj7E2InRTkpWL1YtA/212122a123a113Z112c232Z121H023s214a131H2221132s024q022L234r135q125t1311032J041J051J023K015Z024H224b052q044t022q034c053q033K133q042H242a1324033Z044b1421142r01221413152a0433316a03331132045s03411241053c055q063b0522065q073a172a0621082a0611054Z083c0531145c064a192c091207140A2a26320B2c465c0?players=game__over,Ste-fa-na-kis&colors=red,green"
919344494,ETCOC,ETCOC 2026,Round 1,85298294,87714234,Asx3t0s,g3rappa,2026-09-21T19:00:00.000Z,"https://www.carcassonnelab.com/#/0/0/qaNKHltozdxIjfZBgmIVTiKnmKw2fQpfQEtbgLmYxfKLjdX9j7xMVc0/212112Z11241221122J022r0312023H1131032L132Z123s033b042Z142J223Z121H313c052H034a043c014b0412524b015Z124K243J024q262H061J072J082K071K034J081L125J116b232403343144025Z126t0243017c0251053Z044b2354026b031K0262033H273J0151053J345Z116423641272037121731382326L04811182035J132q242r0461322c036b0?players=Asx3t0s,g3rappa&colors=green,red"
919346048,ETCOC,ETCOC 2026,Round 1,65246746,86771532,CraftyRaf,adrear,2026-09-21T19:00:00.000Z,"https://www.carcassonnelab.com/#/0/0/pjveJytINlkR4XhzzvxISJWZj7NE6IJvk_r1-8rZYoMG3VRzXEW8j1v/12b113Z123b02123223122q022c421K314Z131J141H032Z142q152q024Z132J022L033a123J042a143s033r0131124r053t363r212213220234025r015b316Z034r326Z025c033H224L035Z027c026q2241027s0141143b053Z044b0152352Z064r073s054t217Z028t023t128a0411135t0162025J054b045r163c0253151L255q272q062a072Z036t245a144t0?players=CraftyRaf,adrear&colors=red,blue"
919349001,ETCOC,ETCOC 2026,Round 1,84216333,95704683,obiwonder,Random_23,2026-09-21T19:00:00.000Z,"https://www.carcassonnelab.com/#/0/0/ohJ-UfUUzHMWMHc9Qsueb7Bm2qd9jOAnO_dZJ9KU-Z2OtlWNFRNNVm7/12a2212221K122H122t023s0221023L132K213413221333014204332424131H1124132q133J033r0244042H234J1153025L0161152L035J145J442r051J034204110441024H3531036H243t062H2254222Z06340542141L153t0553237K026K06410263261H071K063K138H147J0562057L067J258L077K024t168K065406630751076401743184132c045412740?players=Random_23,obiwonder&colors=red,green"
919349125,ETCOC,ETCOC 2026,Round 1,84819326,85089263,amires21,viv-,2026-09-21T19:00:00.000Z,"https://www.carcassonnelab.com/#/0/0/qN-ho3czEszn85QCw8IMA-vSxmRC441JwR9tOG4rni7Q0sWgHiZ0N-3/12b213Z122a222r114Z132r015b224b025Z116b232c033b0311242t026b036c035Z027Z146c047a257Z117Z167c027t23220413234a528r045a166a056c0222048Z137b055b143a249b068a254Z018a144a137r324q0421065Z019Z039Z025s264a334t044r274c429Z035t043s22AZ152r228Z145t029r02Ar123r041J338q053q062q01Ab054q151J021J03311?players=viv-,amires21&colors=red,green"
919352037,ETCOC,ETCOC 2026,Round 1,85191103,85363185,Leuschi,Blitz,2026-09-21T19:00:00.000Z,"https://www.carcassonnelab.com/#/0/0/q9NKvBAMlixesmH5XD0OhtuATbRFUwrAYK0Y-vPZmOPuDjEWyeZOcJO/212112b121L122s1124431J022213221232142323120242022H243204410143022Z1343224H013a023K233J22520534032Z025L035H03510634032t123c242r033a043t2644053q041H024c042H063r034b242Z135c133s044c014c023r032H134t015Z025r026s234J035q044q136J054r045r1742336s26241731155q0543016b073r252K46510662043c025Z0?players=Leuschi,Blitz&colors=yellow,black"
919356836,ETCOC,ETCOC 2026,Round 1,1133242,97238273,Defdamesdompi,A1egat0r,2026-09-21T19:00:00.000Z,"https://www.carcassonnelab.com/#/0/0/q2rPq-z6V_gllOJ0b4VgkdaAoX7B-TbRGy9vzgjGgWdROhbpQctGsfn/121112b4212122K122q223t133r013Z121K334q131L135q143t142r022Z124q145q036s052q062t253s014Z126s415a044r232a363t072s061J155q246q464q047t156s057r032J062H032t123L124L1141034J0154242K025J071H043H226H0161051L0224048r0232024Z0134016a033c082t117Z166t118b038s072J126a036a092r073q281J1251125s183q0?players=Defdamesdompi,A1egat0r&colors=red,yellow"
919358814,ETCOC,ETCOC 2026,Round 1,90995279,87903300,Learn to fly,nazario77,2026-09-21T19:00:00.000Z,"https://www.carcassonnelab.com/#/0/0/oto_Be0qKKNIT17QGCN3roTJ8Oh0GXdTf_mGoJ43YiXc4eQ9MePdgFP/12a2121122Z023b032c022t331302231412223r233s1511152b022H134s0134032102310143262Z01520252232q113c124L2162034J032H01720354035r0183243t123J225L127H024a231J153r033K454t13640371028202920191042q021K241L063r028L237J024q036H0342025s444r155r064r035K145L215a029H025Z116a053Z0452043L134a0383243Z0?players=Learn%20to%20fly,nazario77&colors=red,yellow"
920240492,Rivals,GG Rivals: Season 1,GG Rivals S1W6,68743351,41973045,LSC,Lawyer,2026-09-23T13:00:00.000Z,"https://www.carcassonnelab.com/#/0/0/qmbY8xZJfWLKo1mYp-g3XHCghhSxbYZxZLIuqT4IAzQEMqAa6hon5Ts/21L312b231L113Z232H014b023Z142H122a032a315Z025b033b124b035Z242b0311226Z443c045Z025q146Z126t0411136b0322044c0224037Z141K036r052b256a057b058a268a235r027c051K143L017b052J078c138a037t018a045r259Z132q047c046q4423261H3522049b062r167b4432062306330212253H253Z055a064405340541166c2443022K05520?players=Lawyer,LSC&colors=red,green"
920252411,Rivals,GG Rivals: Season 1,GG Rivals S1W6,68743351,41973045,LSC,Lawyer,2026-09-23T13:00:00.000Z,"https://www.carcassonnelab.com/#/0/0/rWKNiG4VHYPDKd5sN1Ddgjen1tfATg3xhJ8FcAQyAm37pEHdelwTh63/12a1212122q12241321123r242213331434122Z124r225r214c023c023203122341015a14420353125b0541052205522641213a033a043Z06332121134c02530564474224620131053a022H026a221K032H023H132r1841033q335r0241133J0942142t1A41024H0A32035Z0A23083309532934165138243722485301520B2337112922042H09111752016a445Z0?players=LSC,Lawyer&colors=red,green"
920352885,Rivals,GG Rivals: Season 1,GG Rivals S1W6,94741318,92724402,Grizli1981,King Mauri,2026-09-23T17:00:00.000Z,"https://www.carcassonnelab.com/#/0/0/pSsVfeyQ68SCKK-jbnwZ1qLv91Sc37BtGy5LmFcx5LcT0qQ5tPmUr3W/12a122a213b0123222L221L132K1132033H042L123a123J1212322r1222132a131J141J014a024J023q032t251H024t2311134H041302340324034r225q043H242q153H043s342Z0421033Z0431433q054H3441052r034a335Z043c025b062t0242035q036s445Z053s044c153b046t3542155Z0644052Z2652026q0452562a056a463a064H057a052K0512162K0?players=Grizli1981,King%20Mauri&colors=blue,black"
920361028,ETCOC,ETCOC 2026,Round 1,85447228,83832219,Glovir,UY_Scuti,2026-09-23T17:30:00.000Z,"https://www.carcassonnelab.com/#/0/0/p_HCEUJEyN2eBKk9luK1xbJGtwveTuWf1FQFkPvSx2WiM_umPwZ2VLQ/12b222b223b132c013a242a122s3211233b2412023q232s052c053a154c042q031K163c024Z143q014Z144c333r034q132H222L433H335t024t021L225s073c236t025a034Z0514074Z045Z045q0521172c062305332422032206310732342J061201220541026Z023H08342821046a2742136b06432811024L2932183b025J155r037a046s0221144r127c154t0?players=UY_Scuti,Glovir&colors=red,yellow"
920362028,ETCOC,ETCOC 2026,Round 1,17108593,84360558,Priskus,Gr3yDeath,2026-09-23T17:30:00.000Z,"https://www.carcassonnelab.com/#/0/0/piwJy4y-0d3MgV2v7cFEOiE6dL-SYjyJ5QskZQtLEbDamSBkFId_g1O/12b1211121L4223122L232K1122122Z132c023103210331042a1412013a122q043a2343231J052b0433044b023K054a033Z042J024H1311033L341L3134143L224404410253253J21520513153c063a525K05340163234H13540141163L2361054L0371045c152K02740282173J0171055J045H046J064c065J136L075J165Z032r266K223t134Z014c264K024t0?players=Priskus,Gr3yDeath&colors=red,green"
920363028,ETCOC,ETCOC 2026,Round 1,92686959,93117867,leodavinci,pricci,2026-09-23T17:30:00.000Z,"https://www.carcassonnelab.com/#/0/0/qgk3BvZfw1SsPcTF0AyQKNUGvsN71sxR4aEEIFYWyKwSrhGI7Gof9YJ/2121314012c1412242Z1514022Z0124322K2134113c0323123s014Z123c021H243b3141032b115412530422025K03541361044c034b0611132L215a0373216b0272023J01620282033H0291039402211244034H222r04911472032r044J042s142J059223810334045K23430183152J052b051H046H053J0231153Z147J333Z462a157J131K061J237K125q336K0?players=pricci,leodavinci&colors=red,green"
920364028,ETCOC,ETCOC 2026,Round 1,83925004,90878893,Sportr,kspttw,2026-09-23T17:30:00.000Z,"https://www.carcassonnelab.com/#/0/0/qJZBlwD8c39lP8-pRq-vjL5wmTMBcHmXszTlS46S6c3VHtM7CSqCMsj/12b42121121122a222t223b033b2223134b123t135c033q043b021J045a243q232r1321042Z053q055c044s053b063r262t132Z072r071J0411031J382q141L051H073r274r072K052J062H054r084t292r154c042t193t0A3r2A4r0A5q095r0A2r224r291H294r044c182K283H092J024Z064a325c075r014b025r222H052r123H053J013113340232093H14211?players=Sportr,kspttw&colors=red,green"
920365028,ETCOC,ETCOC 2026,Round 1,93739167,84689146,DiogoAntunes,TerranPL,2026-09-23T17:30:00.000Z,"https://www.carcassonnelab.com/#/0/0/qYtRLt27Rx3SADKphLX5l0YqfOKv7s88AbrDD52gtPVDvqESmkRirfu/212122a1123122L1132123L0233023Z013b024H223t014Z322s133t1242034H132r025H242r043r031H035J136K153q163r154q0312033H0334052s022114320531155q434103520144065q045r356s066s245K137K044H047K0421027L043K163423632263026H0462046J356L232K02510153157J054H05622371073404520642367q3652246q37420541262t0?players=DiogoAntunes,TerranPL&colors=red,blue"
920369344,Rivals,GG Rivals: Season 1,GG Rivals S1W6,94741318,92724402,Grizli1981,King Mauri,2026-09-23T17:00:00.000Z,"https://www.carcassonnelab.com/#/0/0/p5hZENvNuHnPJkqUMYNpKRfazUx68OlgyAl_v5_Ri_hltCwqAJvs2iB/12b222a123Z1124121L032a4223213Z0313323r0413214b0233113101410333031H015b024b016c1241225Z032K042c022s132q123J041H133L126t152b2253025s122K035b033r043J026a034112111434036r027r037s3351142K151H052H261J153L052s2511263H134H0612142s153q064K062Z144J0444034r054s13622461224H045L0153073H056404714?players=King%20Mauri,Grizli1981&colors=black,blue"
920370348,ETCOC,ETCOC 2026,Round 1,85447228,83832219,Glovir,UY_Scuti,2026-09-23T17:30:00.000Z,"https://www.carcassonnelab.com/#/0/0/ok24XO2ZWFnbWykct8GY2UtalDAg4jRQIcaxR7kpfUlhR907oy73n6s/12a222r113a023r124r133q221J132s322Z042s1121134t123c044r014Z145s2212033a025r226r1133143t0234254q015c0242027q136q228s017Z3224155q014103120322124H231J032L341J033H238t03421254037s224c135s143L246r048t052t023K142H153H134K152K054H263L02632421073J129q065t044K333305234443022K164K132a258s247q1?players=Glovir,UY_Scuti&colors=yellow,red"
920370587,ETCOC,ETCOC 2026,Round 1,93739167,84689146,DiogoAntunes,TerranPL,2026-09-23T17:30:00.000Z,"https://www.carcassonnelab.com/#/0/0/o8NZAH7R59D_vMonXum0b7zAsMmGKmeRpIqdDySL6I2EbJfGHIqocw2/12b1212122s113a02220312023t021K032q132c233r023Z231L13213421024Z142c022K043t014a052b2511132H025b043Z142J162b235c033L152L144q151K252s043H024r0414045q1434246r053J047s044H034t0521055t162J265r072J045H054q235J146K215c025K041K024J0144426J042q1154225111640242116a044a056r026Z266r027L054c06222?players=TerranPL,DiogoAntunes&colors=blue,red"
920373347,ETCOC,ETCOC 2026,Round 1,17108593,84360558,Priskus,Gr3yDeath,2026-09-23T17:30:00.000Z,"https://www.carcassonnelab.com/#/0/0/qJLepFjXCQe4xSYfh3DTn-3VLiCXXSeqvnOjEgt2xv-MOB3wOf1b02B/12b422a132a1312142Z023Z033b024Z23230121013Z114a043b052a223t053a044a225Z154b055a064b04141212274Z063c021H335Z126b384c0512075Z1612276b085c094Z195a096c1714072b077Z387b024t0A5b0B5Z0A6Z083b136a056Z0812034Z186c067a2A4b2A3Z078b179Z362Z345c166Z189Z169b031L165a199Z052319Ab088c122K1621123K06346?players=Priskus,Gr3yDeath&colors=red,green"
920374648,ETCOC,ETCOC 2026,Round 1,83925004,90878893,Sportr,kspttw,2026-09-23T17:30:00.000Z,"https://www.carcassonnelab.com/#/0/0/qInkhl-c1ev23DvItn6NaJlRboGi7gBv1v8sZfgQr__CjpMwLBgaad_/12b41232133122L222r122c432t021J01421212142q231K341L232K052s1231223J333q023r153r2241033H2341043L23310323434K253J254K244H064H055H352J063J035H065H113Z2152373J0251072H082J036K181K0422234q044r062L024q061L014c0351082q162t072r071L0222073t183r025t254t045t0452026H0411256H043s124H092L2461183J1?players=kspttw,Sportr&colors=red,green"
920380659,ETCOC,ETCOC 2026,Round 1,83925004,90878893,Sportr,kspttw,2026-09-23T17:30:00.000Z,"https://www.carcassonnelab.com/#/0/0.10/qgInsVRcfuVJURcmcrtyaBUlPNSTsgrhPE5tMi9SIVUesossFqjUEFZ/2121311012b432Z442a133b013c223b0411122s0513114c124r1421152b0221025s1432015Z2331035q136r016b017Z226t027r253Z132r034t037t021L0444038t018c039s029s0612128s022H062b2521024Z022Z472Z147q046s056t049t123H0121124H033r01410151257q058s0241048r025K03Aq145q267r063Z14As06232631273Z1232343a055s3?players=kspttw,Sportr&colors=red,green"
920381834,ETCOC,ETCOC 2026,Round 1,84441803,84450915,krisna,Quabatrarz,2026-09-23T18:00:00.000Z,"https://www.carcassonnelab.com/#/0/0/qPOKFsLw-fItmsCjjCoFFng6s_7ajRp7rPrn7KID5tkSweq1G8YMSqK/12b213Z114b024c023q122q224s032s142s031H333q125Z115Z116b034q217Z243q027c035Z034b133a244c044q018c025r041K328b053q121K227r037q136q238q146q429Z022a139s019c048s321203As2314445Z029s049q054a222314120232053c043c054t047r04Ar22421332026q064Z045s1131422K028r01Aa0421455r052q3342065b5351051K137b2?players=Quabatrarz,krisna&colors=yellow,red"
920385095,ETCOC,ETCOC 2026,Round 1,93739167,84689146,DiogoAntunes,TerranPL,2026-09-23T17:30:00.000Z,"https://www.carcassonnelab.com/#/0/0/olNAOZQv_f3kXdU8M4EsfRWv1sau1__Pmyh3avYpjyM2lSfe4BPh-QR/12a222q222Z121K113a032s123q142r133q152q224q151J052J061L014b2123223b0132032c0232133c034a171H062K031103330411043c072t053t041H253H043H054t044J135a015a044a124Z042K5423025c145H0213334t045Z032J026c016a217a025r127c218a255c055J534K256L3522046K133H044r254a035s055s264s236H065q045s043t023L054J2?players=TerranPL,DiogoAntunes&colors=blue,red"
920386734,ETCOC,ETCOC 2026,Round 1,94238979,93748701,Afrodite333,Helge_H,2026-09-23T18:00:00.000Z,"https://www.carcassonnelab.com/#/0/0/rPRqGGCjk0UFZaGrC2L9dkiqBwmgqylwC1GFhUy5YVNzFSuHWswG7l-/12a121H222Z0121113a023q114b024Z1222132Z233Z142a4311024s2411133r0422234t1431044r043t222J1524025a031H252c034Z135q121331320231043Z345r236r0441432K123c023L132r1243042t437s046q053t147s257t5514055t0451027s038q263r041K115b026q164t2531126a025t036Z063105510544065q052r058q174r037a14630731066q0?players=Afrodite333,Helge_H&colors=red,blue"
920387734,ETCOC,ETCOC 2026,Round 1,85334680,94032736,Norberts96,jonben9603,2026-09-23T18:00:00.000Z,"https://www.carcassonnelab.com/#/0/0/pTQlmNMfk2SoWBDTYSktgp4RbPpWpusS99hTaUy9bLMbGs76K-NHbrD/12a122c113c123t021L131H122H032J133q0213222q242K143q041H224s044q251L133J1124154r0134023K0314145s02311332232Z035s04120421024H242s0514232s033c352t136t143K2222037q164s453s063q044H253H2243123b034K142a046r245J134Z054L055H163H025L056J264J062H065J043b047t066J075L146J236L367K137L053Z0344174H1?players=jonben9603,Norberts96&colors=yellow,red"
920388225,ETCOC,ETCOC 2026,Round 1,17108593,84360558,Priskus,Gr3yDeath,2026-09-23T17:30:00.000Z,"https://www.carcassonnelab.com/#/0/0/pyN2imx5J6f3YsAfXl4CxH5RNkO3Ja5lYaFTClHawSsb0R9YrnqxraW/12b121111211221013Z121K0131223s022q1233514b332222431424234404310351223J1362033L232L243K024L033t024c02541152044H225L0261132t045H042J315Z416a0164226b026r031H017c037102710332222a032c236Z023b227s035b0174034t234H322L035H0314146c053K136H043r037H054J038K05213513542r0454027H033Z341J0441142a0?players=Priskus,Gr3yDeath&colors=red,green"
920388734,ETCOC,ETCOC 2026,Round 1,97499561,87693531,Robias,skvallret,2026-09-23T18:00:00.000Z,"https://www.carcassonnelab.com/#/0/0/qZw5S90t7vDQXqC0ALxM4xkdt20I5Y7eBErzOtRavaHOdzs0XovX5wx/212122Z121L032Z112c123a2312033Z122K313Z022r132L124a134Z335c142a232t152Z033t043t025a043Z136b244Z134r062Z046Z353a047b0411033H2423163Z172c064c026Z042J024r034K425s031H043H245b057Z335H344K155Z058c036K037c148b127Z049b256b216c028a059Z014c126J018c0162065a15Aa14Ac075Z123r074a076b16Aa067a217c2?players=skvallret,Robias&colors=blue,red"
920389070,ETCOC,ETCOC 2026,Round 1,92686959,93117867,leodavinci,pricci,2026-09-23T17:30:00.000Z,"https://www.carcassonnelab.com/#/0/0/oyaEPkb0S1Sr5nacBBpZsPmUou52iU3rhI8dyVRSTsUUz9dw13AI3sn/12c113Z122s0124023Z022L024a014c122b115c032b0131016Z2313142a025r017a033c123r126a418c119Z152b043a221L024r328t153Z027Z336c046Z0414031K029t138r039r22Ar429c32AZ0514025a3611034t441J133s243r044r01Ab032r13As032J054b01Ba423L03Br226q224H027q133J042H037a128a052H364Z03Aa074Z051L237q043H255a047Z3?players=pricci,leodavinci&colors=red,green"
920389734,ETCOC,ETCOC 2026,Round 1,90355270,88984406,Zone222,Modig fruktsamlare,2026-09-23T18:00:00.000Z,"https://www.carcassonnelab.com/#/0/0/pDmPF5LRJQxg_HF0tS88tSIkwPYAYmo7uCtbpLwXNOXopztspminQTs/12b2212122r1223132r0324222Z023s12310132023b033t133c0312032b143a013a042c142304320521414Z1242052b1122121H0512034q034221412622142t423L031K132H1252141H052q02622334442H162r043J0533252J03510364015Z04540541044t0642044L354J155K262H053J072K173J0613344Z024H2712071J072Z065J082H081K053b024a222K1?players=Modig%20fruktsamlare,Zone222&colors=red,green"
920393904,ETCOC,ETCOC 2026,Round 1,97499561,87693531,Robias,skvallret,2026-09-23T18:00:00.000Z,"https://www.carcassonnelab.com/#/0/0/rTYRbFpS2HoTpbyWvkQ3anp_yAoB9ywWQDf889qKR_9EdzqH1tZnkTg/12a122r113a021H122Z031H014b024t132J023s142K152L151J162L115Z024b232a1212033a225Z234b143c263J025r0124072J016c026a035Z036Z042c327b028c038b041H022J4413242t143s053t044c013101411312063r034q062r261K153b272r046b047a082t281H057Z167b058b037c3232245Z277a466Z068a055a0334024J248Z0241023c073H387a1?players=Robias,skvallret&colors=red,blue"
920396715,ETCOC,ETCOC 2026,Round 1,94238979,93748701,Afrodite333,Helge_H,2026-09-23T18:00:00.000Z,"https://www.carcassonnelab.com/#/0/0/o1iHZY_Rl2dxQprOhr0PpuOrK9YAvsW3xm_Y5ihmSUYqE-uMv3hOKWV/12b122q122b013a1122021H3222122K0321114c023q124c025Z133q234s234Z033a035r025q236q145q337r015b016a043q038q1211027r055q254s132c044Z242b032q165s035Z0413231J026a042q147q027Z056q053r063r036a023c141K066t376r124s039s0313352a12320422267q146s148r257t0512144t345c049r268s478q037b051H0522064s446c0?players=Afrodite333,Helge_H&colors=red,blue"
920396966,ETCOC,ETCOC 2026,Round 1,85334680,94032736,Norberts96,jonben9603,2026-09-23T18:00:00.000Z,"https://www.carcassonnelab.com/#/0/0/qrbM2LU_BB9Y57QG3DMP1BmQVh1mXGqhRRV-WiNmlaP5zdLF9yTBaET/211112c121K022c113Z122r014c024Z1124125b023r032a0223142a0322223Z2422134a0311152Z4524053b02340433162a263c372a1531082Z073Z124r074Z084Z3412183b092Z115b55110622154Z2132043b023J031J032s133K094c116Z2441026r034t035s093c026b075b085a1812095b044Z1A4b045q2A3Z232H486a041H064a0A2c2331127t142q137r0?players=Norberts96,jonben9603&colors=red,yellow"
920397632,ETCOC,ETCOC 2026,Round 1,90355270,88984406,Zone222,Modig fruktsamlare,2026-09-23T18:00:00.000Z,"https://www.carcassonnelab.com/#/0/0/qPRuzd-eu1184MZ3ZY5qdwfpAO5DwJRgm87SpWw87uga925JMyDmn7w/12b222a213Z122s112311310212032c0234222H223r224t0242023c0344042c114a133a024Z14110312325s015b043b0512444Z0611045Z155c035Z0714016Z326b027Z123J3141236c126t056a053b037Z0224133s157b032K33220523128a065b0332064Z021K224L031H23532452033J035r262a03613154047Z137144621552034a027231612472067c043K1?players=Zone222,Modig%20fruktsamlare&colors=green,red"
920397709,ETCOC,ETCOC 2026,Round 1,90355270,88984406,Zone222,Modig fruktsamlare,2026-09-23T18:00:00.000Z,"https://www.carcassonnelab.com/#/0/0/rOsFJv1QCLuhuTf5pkbH4Br2MD-Gt3eIF8XOqcZHee15k4VfePaWupw/12a1212013Z123a121J1312132a023r014b0414031J042a143a153c052b054Z244c033Z1511063Z1611173a262b155b072c024t134b0624224a225b325q035a082b422s226b026s034t032s036c165a027Z46320711016Z037Z117c022Z038c0642018b0734353253230521044r243r241L042t052s219a039a054r053q0542163r0833055s08440742042H27230?players=Modig%20fruktsamlare,Zone222&colors=red,green"
920398064,ETCOC,ETCOC 2026,Round 1,84441803,84450915,krisna,Quabatrarz,2026-09-23T18:00:00.000Z,https://www.carcassonnelab.com/#/0/0/Fd/2110?players=Quabatrarz&colors=red
920406488,ETCOC,ETCOC 2026,Round 1,85334680,94032736,Norberts96,jonben9603,2026-09-23T18:00:00.000Z,"https://www.carcassonnelab.com/#/0/0/qCQlEIPnaP-UNg8er-NPdheysTg86N8M1gWohtvvS494BYxQfUYdMLg/12b221H222L2213223H1221032H0124131K142J03211231113111423331133L11511431024J231212442162025J025203510363222Z137122730464035L24410342032Z145J05640551042Z044K0473152b0483134H046K043J052K2422051K036L0492026H05120584243Z0454155L153H1594041K362J24A4269227920782213Z0681123Z156J114Z065H061L0?players=Norberts96,jonben9603&colors=red,yellow"
920410815,ETCOC,ETCOC 2026,Round 1,88672769,11329731,bormar,Zokanero,2026-09-23T19:00:00.000Z,"https://www.carcassonnelab.com/#/0/0/rYG75cxuGBVC6aa4vnTDWoix1BuRPtsh3sZ77WS1vR5-vOV4FBmrCb-/12a113Z021H2122122q0224023s024r222K231L232s134t123c033b02124322124a144q034Z0422425q032c223H0524033H015b025a2414143K044b033t016a226q122Z127s135Z242H034H026a154r253t053H063t054J214c2132143Z132J055K2232156H245K066J0142036c024L052H242q045Z043r135t164q062t4242046J365L345r074r362J073q163L0?players=bormar,Zokanero&colors=red,black"
920412815,ETCOC,ETCOC 2026,Round 1,85379310,93988481,martypartyouje,Martisango,2026-09-23T19:00:00.000Z,"https://www.carcassonnelab.com/#/0/0/pvH30QMY_rjaflpKaktLgAFqZI_UD5YbdyMm4Eu3ExToiJCTCmW9sJq/12b113Z1212221J122b01232221031L02321321222J11310243223Z032a133c042c0141232t2334223L1422123s041J024s0313024K051J042r0153243q01631261014Z132K23620274215a024c161L2172035202844524034b025q1251134q326H025c135r136s226t044b335c162K071H027J0514126a045t027b445a0383216a152t137a455c1411046b027t0?players=Martisango,martypartyouje&colors=green,yellow"
920413815,ETCOC,ETCOC 2026,Round 1,88500055,91831749,majkls,Temrak,2026-09-23T19:00:00.000Z,"https://www.carcassonnelab.com/#/0/0/o9xLymJoYfhjr__BSs2JK-eBOS34d0_-AVZIdtg1ACgY8CnAvzsfEx7/12b122Z021L213a131K041L432r151H042t061J232J071J281K372H182t072s022L233K442L262t282H191L323J162L163s083H024J073H083q052K0134063L064q074q034H153H4144093L235L1241032b0253233Z043r045K0A3J352s154q0A1K0A4H036H074J194K073t084K385L086K243J146H095J284s4B4H0A5J0B3K293r023b044H2A2H194r026J31211?players=majkls,Temrak&colors=red,black"
920414815,ETCOC,ETCOC 2026,Round 1,97508902,86256371,_Lyanna_,Loku_elo,2026-09-23T19:00:00.000Z,"https://www.carcassonnelab.com/#/0/0/puuJveH_iEI3I5EfLgb1xsW-9LTROMYB6rHgBNXsLnTaT7cK2qSp0Gr/12b1212213b121H1121122a022s131J322K141J032L21321231132q133H0143114Z0243242J2223424a1251024H0152034K1312134c023r123L1352025L042t033Z052H2411042a052r1162052a136214641373143q153q063s054s224q134q055q345q0514043a064q025r06121263146s253b074t054a062c025a053J172b16210723064Z2711065b275c035s3?players=Loku_elo,_Lyanna_&colors=black,red"
920419715,ETCOC,ETCOC 2026,Round 1,88803329,88262806,Simaster 1991,valle13,2026-09-23T19:00:00.000Z,"https://www.carcassonnelab.com/#/0/0/qYxXe15AeeZDN3PmRWUdQYFeUscrTcUNh-WA9DGF15l48hRee6yYI37/212122a121J032c122q1312032r222H031K033t1124123H1224134q024q042a2411112b014a052a124c033Z315b225t14240321113Z0431462Z025a032K05111132063a033415332633035a062405222722072c0141033J0231124214442253145333510363045a036Z043K042H06113552226102720461247301721184328J434c17121572029K1541041K144Z0?players=Simaster%201991,valle13&colors=red,blue"
920420558,ETCOC,ETCOC 2026,Round 1,88500055,91831749,majkls,Temrak,2026-09-23T19:00:00.000Z,"https://www.carcassonnelab.com/#/0/0/qPTZYcb7FDe19uR04RA76q4VKUuvxZp6WqmzV70GeaCNZguDllNXyc-/12b222a222q113a032r114Z223t132Z033s042r131H134q041L033b021K035r252r125t124a042L03132122032L042Z043s0132052b043b0323062q044a054Z122J053a02112331433H161K023Z163c2513223L162K0234134b036r263H172K153J045s137t147s051J073J0422224H025Z054L044J046q224201430432061455341633363t1544038q3521153s1?players=Temrak,majkls&colors=black,red"
920426296,ETCOC,ETCOC 2026,Round 1,88672769,11329731,bormar,Zokanero,2026-09-23T19:00:00.000Z,"https://www.carcassonnelab.com/#/0/0/pKQR7yUtrUDyUnWLpdULhGty6Ch2IePJ7GpasU9kKYVNbWN6rDDhyOe/12b2212222Z1314323a013Z222s114Z1222224r023t224c025q035t034a232b026q021L127q115b132t236t122K034q116Z125Z0232023H035b024J145c0124042r037t044Z033q133J145q017a126Z041K5142028s232J043L038q147q039s543q155r053r054r018a029r027c036a048t058r128c168r459t22Ar063t31Ac031J146s029Z065t251J066t055a2?players=Zokanero,bormar&colors=black,red"
920426516,ETCOC,ETCOC 2026,Round 1,97508902,86256371,_Lyanna_,Loku_elo,2026-09-23T19:00:00.000Z,"https://www.carcassonnelab.com/#/0/0/pe8paY0r2Nn2trdgvaqQbDd540jTJi1sC7LSycvg1BtOWCA40mw4bVc/12b122Z221K131H213a01221212422J132b233Z0314043a134c023b1322222s142404321133144b032q153c02320334041L142L2144023t032K133H1151041212442523225H3511042a151J061L05320251054323410622424L163a034K026J036J01631351052K0642046L1452043L052a045K0651036302642723024a223K12741824027J055K21720732354a1?players=_Lyanna_,Loku_elo&colors=red,black"
920428624,ETCOC,ETCOC 2026,Round 1,88803329,88262806,Simaster 1991,valle13,2026-09-23T19:00:00.000Z,"https://www.carcassonnelab.com/#/0/0/rYcnvbWbeB-ySpDyypmhKcriswdd9MzmqcTftTovvuBpMboLUltT9sw/12b113Z121K131L122J123r022Z014a032Z023b033t1314142c0411043r0513043Z144s034r053a032K035q154b0612252Z263Z044a073Z064Z034Z065b062a175a072b2522324t253q263t082Z064r083Z0711054s0624184a074Z365r08140423285Z166s086Z0431436t056q0724133122315444246s054102232631087Z3553273208342843473t074208511?players=valle13,Simaster%201991&colors=blue,red"
920434454,ETCOC,ETCOC 2026,Round 1,97508902,86256371,_Lyanna_,Loku_elo,2026-09-23T19:00:00.000Z,"https://www.carcassonnelab.com/#/0/0/o7H7uK9fa_ObERCIpK6VsHQ7zvRTdqongTUVR97vFFE9aTr2XqHRIjG/12b1211413b122t2223132t133s042t143s152r222c014a144s424c225Z224s234q125t026b015b232a0312133c0322142b14110231035a12410334016c143222540534253s15220443023r021L1624213104210352054401231514054t1552036333710642315202640461063t06540752245t174206640764045c041K023c07710612362Z1852042H0272164t0?players=_Lyanna_,Loku_elo&colors=red,black"
920436340,ETCOC,ETCOC 2026,Round 1,85379310,93988481,martypartyouje,Martisango,2026-09-23T19:00:00.000Z,"https://www.carcassonnelab.com/#/0/0/qYs4ngfuvFz0XnPue-TcDWB-Q1FykaXUgi27sSgP_zD_O_bJVYf1HFP/212122a0123112b232a222r113a223a314Z124c1131223L124t023t1221124H015Z23210141034a032q0232125a034r035a244a126b025s13120241042c235s031L0423022H036r233J03412411332L042H0333152a2521053b234J063c043H053H135K3152025K1534026H152J044H264Z073c062c06210611062H0253126111622271227L0443074Z145J13520?players=martypartyouje,Martisango&colors=green,blue"
920437281,ETCOC,ETCOC 2026,Round 1,88803329,88262806,Simaster 1991,valle13,2026-09-23T19:00:00.000Z,"https://www.carcassonnelab.com/#/0/0/qUSD3UIa7Y5Ud3oBdcWFoC4ESdRAj3flsqBWYNbGylgAzmdwCGQgKJ_/212112c121K022L2312022r031L013Z132t123c033r033c132Z142q034q414Z042c23211412124r235s032H041J243s136q125r052s042J244s153t143Z0424263r2432037s052J02211332127t033K13411513022b123L045q215c052b216b0521225c0121026Z027c217a224406222132128q4352062s062J061J029s218a0251036Z0443028a053b337a034Z0?players=valle13,Simaster%201991&colors=blue,red"
920442761,ETCOC,ETCOC 2026,Round 1,85379310,93988481,martypartyouje,Martisango,2026-09-23T19:00:00.000Z,"https://www.carcassonnelab.com/#/0/0/p5SLHjQjC5hrH3NNIisCegqwnlaY68ZUTR4Z-2Tyf6bGHkr98F8bIK9/12b2123222L0133122a21420231113a232c0314024J015122510244032101610342326J22232422123J036J04311523227L235H4333051402122624272406140634225L1532034L18222544064205510652146L481107413754023t147L2914057H06630924082b2413192b0761056J05620571055K0771042a062Z021L2A11048K128K0832084402611A2b043Z6?players=martypartyouje,Martisango&colors=green,blue"
920942046,ETCOC,ETCOC 2026,Round 1,100316475,100664761,OlaviVirta96,efeyavuzer,2026-09-24T19:00:00.000Z,"https://www.carcassonnelab.com/#/0/0/qZHRVE-SAwYLQjy2w3Uo8qAD0Bf9hAGtrx2GdSbQIUuLXdfuLpG3rlZ/212122b131204121322232Z021L0421322J042b022q123Z2224113Z033c131J023s034Z133s414a134q243q232q1431023K0522143a3122135s06240233053t036q1441026t016b046r056r126c163r073t344Z041L0131025Z0143025r045c015c045243340354151L4554336b05440533147t361K05611512045q062H05710151157t083r124b093s067r225J0?players=efeyavuzer,OlaviVirta96&colors=red,green"
920943046,ETCOC,ETCOC 2026,Round 1,87435630,97996051,Lapinkoski,denizci34,2026-09-24T19:00:00.000Z,"https://www.carcassonnelab.com/#/0/0/RWfsyHosxVvd_IONxf4oqdRt9H05pF/121112b0212121L21320144023J013a123r133J024K223c0232131H032q041J024s322t0222143L051J252q444K133Z014b1331015a062t124c025q0343053s043t032a034K072t034t144r0?players=Lapinkoski,denizci34&colors=red,green"
920944046,ETCOC,ETCOC 2026,Round 1,98038601,90147092,Tappajahaukii,melisagozen11,2026-09-24T19:00:00.000Z,"https://www.carcassonnelab.com/#/0/0/q3ShN3bLQBD6A6_wbDFJ8oxuk4GZzV9gAMuYTOu4p845PYaB-5R01Og/1211212112b2312022314122324242a02310244122t0142222b25140153143b052Z224L122H023K033L16121522162Z063a0624023r0423121H234H043J023Z264c154a055b0432044c034Z024t025J0712144J03410354014Z015b1812182b0912116312630A14032a192b053c0272132q0924072Z2452028203740182042L328J032J042r0171034q031H044q0?players=melisagozen11,Tappajahaukii&colors=red,green"
920947046,ETCOC,ETCOC 2026,Round 1,97285807,95141509,Haikala,samallgrey,2026-09-24T19:00:00.000Z,"https://www.carcassonnelab.com/#/0/0/q_wyCpJeECGYRVSAAorDUr2zgfOqeIJ5wqHILN7fG8Pvr4oMzVNuqs7/212121H212a122q132s222J122b031H213b014a241J132H351H324c052K023s142J033s032Z015a061H234b242Z016b044b133c023J134t0123052c0313133K224J343q125q053r042q144t052q043L253c053J063t044H0131024s364r023Z026b235r065r066r1222176r0324054r0331367r0423075t057r174s1341255t0231145t0411062q143a168s05221?players=Haikala,samallgrey&colors=red,yellow"
920949936,ETCOC,ETCOC 2026,Round 1,96610271,96173753,Larpaattori,steam4206,2026-09-24T19:00:00.000Z,"https://www.carcassonnelab.com/#/0/0/qQ60IiP7aKhH0Vog7P63vOaadeGyAsJQ3pcGpSI9oS2sNxoqWvBGSKw/12b2212122t22242123122H023s113Z11310232032q0334042r031J043s023Z1143022Z023L124Z1153225b0251014b13520342021H724q0161015c1452332H152t0433042H025q034q135t034Z136q233a137t146t044c051L045t0534243K126r2441125L138r428s044J0633045H016b017b0734047s357r248t143c054a0424818a031204143521053s23241?players=steam4206,Larpaattori&colors=green,red"
920958608,ETCOC,ETCOC 2026,Round 1,96610271,96173753,Larpaattori,steam4206,2026-09-24T19:00:00.000Z,"https://www.carcassonnelab.com/#/0/0/qDhheUqtGC9E4L8Bt-eswdKY5dQv1UlWfCzma_dThsi0BKFznYe06Ma/12b222a113Z422t114a024t0122025r2131123a11411222023K015c025c032213132331024H02410414032Z05111424052Z15211254062Z353b022H143Z032q026q232J027s053236331543054a0211072Z034J025H042a364Z0711015113520441036421630721026J03710262233t16410454135K133c026Z26131461136H234c143r0474037J1552462115720?players=Larpaattori,steam4206&colors=red,green"
920959478,ETCOC,ETCOC 2026,Round 1,98038601,90147092,Tappajahaukii,melisagozen11,2026-09-24T19:00:00.000Z,"https://www.carcassonnelab.com/#/0/0/pLXQHZ8J0iWHswHxmtb6SKl6QXiGiPkzMYlSDSzsOiNymKtmxxTgXaa/12b213Z023s123a122q224r1123122Z024a0221014c022H0131033Z125c043Z135Z226c244a042Z025r016a036b0413132r145a155a121L232Z1232142t02110334152r041L156b265Z035r075Z131J137Z047b051J032H023J124K033L042H076b357Z0243867c025H143J186a034L252J061H026H4421096b0151043t053b053s034q02532263063r054s074b2?players=Tappajahaukii,melisagozen11&colors=red,green"
920959642,ETCOC,ETCOC 2026,Round 1,97285807,95141509,Haikala,samallgrey,2026-09-24T19:00:00.000Z,
920962879,ETCOC,ETCOC 2026,Round 1,97285807,95141509,Haikala,samallgrey,2026-09-24T19:00:00.000Z,"https://www.carcassonnelab.com/#/0/0/o6SDLwuxNqkJuCpVphpp1f8K2CaoSJDQ_5WWhnqndkdCanw0kj1j3mT/12b113a121J1121231H022q122Z0223232Z023c042c0324241L02340314151L3211232K141313320424022J032r124a452Z2241053b014205111434063a1441042s0531073a1632183Z043q362Z0624333r0734284b064c393b0611023q182b143c044Z18340722024s0932333Z092Z0542155301311254245328430944245b3654065a0742095116610963025Z0?players=samallgrey,Haikala&colors=yellow,red"
920964232,ETCOC,ETCOC 2026,Round 1,100316475,100664761,OlaviVirta96,efeyavuzer,2026-09-24T19:00:00.000Z,"https://www.carcassonnelab.com/#/0/0/rXSZg2pdPt96btzSUAhwY0QidoubNi541kfLd_zG5teKSs6Y82gflkW/12a122q213b032t122Z014a233q132a043s124c023c015Z042t016Z253t133Z152q054t124q0213026a025q134s164s051J2221131H061H423s021J135q032H036s162s045s033J042H141H0232043K0334217b052L253K12432132114302511324027Z127t0262128b1272035303722383063J544q163q0171242b052Z0312055r11220412224K065t025H056q0?players=OlaviVirta96,efeyavuzer&colors=red,green"
920969188,ETCOC,ETCOC 2026,Round 1,98038601,90147092,Tappajahaukii,melisagozen11,2026-09-24T19:00:00.000Z,"https://www.carcassonnelab.com/#/0/0/o9cJXQXlHjOtf4_WlO0SSp8XXUb7qd1snoiCdc4CrvkdGE_sY2v3I_m/12b1212122q221K132t122H223s03131413442b02240322033314242513132c023J023123410242022c143c133t124K223Z025H024Z453a1521024q233Z132L162107240711072b0131062a034b242J254a013a144Z135Z214a115a0152052J243q0533143K351K261H041J053q034J063q0541044r044H242q062K053H045K0441055J073r063H074s073J364b1?players=Tappajahaukii,melisagozen11&colors=red,green"
921302559,Rivals,GG Rivals: Season 1,GG Rivals S1W6,83998002,94156886,0607,XmikeZ,2026-09-25T13:00:00.000Z,"https://www.carcassonnelab.com/#/0/0/qb9jVxo6h7g27hzNCNOl0Vx1XEO99yCAtpwpM-9KPwoxKZtNH7a1c2X/212112c121L43121223022r113c132t123s0321231K032b032H023b0423041H142a133r3332042r03431352042K033L44521122036102310252043t2551052q044t151J254r055r045q156t134q043J053H0542062t16410431144H224q145H0654055K046r156K134H357J1661066H458H247L047r037H336t048K048s067J035K165L046K164H077J059H087J1?players=0607,XmikeZ&colors=blue,green"
921314948,Rivals,GG Rivals: Season 1,GG Rivals S1W6,83998002,94156886,0607,XmikeZ,2026-09-25T13:00:00.000Z,"https://www.carcassonnelab.com/#/0/0/o8jPl54k-yQuQlREy9mpaijRxCefQU8Jqja-irxif5KwMEsPBebJSvi/12b1212322r2312122c023c1323032t133q142t413Z032b243r152r034s0411021K062q053r042c063r064t173t083t172s082t093t151L171L284t024Z2223281H041K372H054s025b074s1512065s085s0424066s076q167q257q056t077s092q095t268q14310443275r122K086q169s23310451059t06As0A5t149s4352191K1B5r073H387r15523A6q261J3?players=XmikeZ,0607&colors=green,blue"
921346963,Rivals,GG Rivals: Season 1,GG Rivals S1W6,89754915,90943003,Carquinyolis,qazxswedc,2026-09-25T14:15:00.000Z,"https://www.carcassonnelab.com/#/0/0/p57jFjpFRprxi2fHAE5ifWRQ4QeFG8JUyfAWwdp3xuTtt82AICkGfsI/12b222a1211113c014Z123Z222q133a121L232r123t124a131J042r043q352t1223244s034r034b2322035r024r1332115Z043c333s0344235b025a025r3121016b336b245c0133045q0241255a036q0442153a042c063Z056c054a057c247b053s1413062s265c061H032a1541017Z071H027r018a054r063r052a164c466a072s0533064r0634076c167a026a1?players=Carquinyolis,qazxswedc&colors=red,green"
921352905,Rivals,GG Rivals: Season 1,GG Rivals S1W6,89754915,90943003,Carquinyolis,qazxswedc,2026-09-25T14:15:00.000Z,"https://www.carcassonnelab.com/#/0/0/qc9KRjaPlm1acp_c8XzCbR01jeDp2HJF8uINs751GLoQQ7Nv6GdfKwV/212112c221K022r03131222032t123t1414033r022Z413Z124q032a042a122K123b014Z043r153t1231023H2322063r052q051K244s032K245r034s041H324Z043b052H334b024J033K125c034H064t243H025H01513164235K125s0421061H026r016a044K026a242J036a227a246c235c047Z352b0522017Z062t1514031J172q262K171L037Z042t073t138b4?players=Carquinyolis,qazxswedc&colors=red,green"
921354810,Rivals,GG Rivals: Season 1,GG Rivals S1W6,89754915,90943003,Carquinyolis,qazxswedc,2026-09-25T14:15:00.000Z,"https://www.carcassonnelab.com/#/0/0/p6INOnLbKZKlhixGSauelyCKCUZzYzOyVGF4pUPmmiw6FEemvgMyDHd/12b222b21211133123Z1221024Z113Z114b025Z134a232223120422144c022J0333243a03420144053a124K133b015c023H2151063a025H0234334L222q023t1352024t073a0443283a016333612461121L033q093Z044J043L045402510551333J035L117315630272032J231J442H01840524028J019401A2043q029K126H141K141122AH036H037H246H045K2?players=Carquinyolis,qazxswedc&colors=red,green"
921451366,ETCOC,ETCOC 2026,Round 2,93442179,88500055,hanikay,majkls,2026-09-25T18:00:00.000Z,"https://www.carcassonnelab.com/#/0/0/qCDy9QxwbsQUiOX-ZOxgDiWy_6xn13pL3mKQ37rhl7V5wFjA7bFrQ5R/12b222s122a113Z032t123q223Z333Z033q1123024b134c432c1224142b0411234q1321044r0131014Z1513224s025r043t026r031K022J6332025c142q052q016Z14231211052Z026a0612217b036a221H3231043Z137Z035r023J044Z153r2242046c115a0434054a1143255b218b027Z0533045r055s138a019a028c348Z039c028r265c047a141L035c051J0?players=hanikay,majkls&colors=red,green"
921453860,ETCOC,ETCOC 2026,Round 2,93436251,93570408,filibis,vomo_43,2026-09-25T18:00:00.000Z,"https://www.carcassonnelab.com/#/0/0/qR4QUTVARWSZWUrhr0io5tB9ffbPUoINX9Ndfwrn7mPkK6STCn8WxQm/12b213Z121L221211220134122H022t0221232s1311123Z032b0141032K023r0322024J0232124Z0412134b231J3243142J023K441H0253142Z043a1331153c052L244c0431034H025a043J053H0441251H02610344063J161J062K054L2353415c0533025L024s0423035Z1523473J044J2151134q354Z133t074H171H072K02720163043r026L044t0542164H0?players=filibis,vomo_43&colors=red,green"
921454760,ETCOC,ETCOC 2026,Round 2,96173753,97508902,steam4206,_Lyanna_,2026-09-25T18:00:00.000Z,"https://www.carcassonnelab.com/#/0/0/pJqhoQCPf9IvzxhD6lc2pjZgz7UkYj11-_YMLgnQWhQCuVuFd5mek9f/12b2123122c0131023Z232a3222042Z1313022t033c123r134c113Z024c144Z035Z124t014a033t136Z032q2412234r031J025c1514045c046c143b144q2423137Z042s038Z4521054a235s056a353c025r021L036r146r455Z063Z147c065a026t075c274b037t156r047t04340533057Z06320641027r064Z022H023L057r284Z073a058b248q0743085b286a0?players=_Lyanna_,steam4206&colors=red,green"
921454860,ETCOC,ETCOC 2026,Round 2,93442179,88500055,hanikay,majkls,2026-09-25T18:00:00.000Z,"https://www.carcassonnelab.com/#/0/0/pawZA32y7vslqp4taDqqLmRLCN5NAvvN4EyFA2jXShpi4c8i-JDUJv4/12a121211240312022H1323222212331423122s032b4331213202411413133Z213c01420432121L223r0344123L234c033J024a042Z1444034K133t243b435b022b044c0523353a1534245105410551045c132t062454630363031K0253054Z0634256425140151036a04710261034s0274025c046Z243r024J042r052t0171155b2282037b015a065c2571124r2?players=majkls,hanikay&colors=red,green"
921455860,ETCOC,ETCOC 2026,Round 2,100664761,84189399,efeyavuzer,smoula,2026-09-25T18:00:00.000Z,"https://www.carcassonnelab.com/#/0/0/pXKnCkRY-OXzHLRew9KeRhtYkP8uvmO_XKufOQlDoCUh4zq7ch_12xB/12a121L213b3214123t124t114Z0311015Z022H031J0321016Z432s041H0333042J222b117a0412142s142Z0433232Z02211233143b226a2514027c0134026s024a023J136q028Z033J2141035r0531137t038s133a246r032H428t45240631143q047r052a053r134J144s0122153b22423622063a062Z154a055b165a0643024L225K048q0742045r0842056q3?players=smoula,efeyavuzer&colors=blue,red"
921456398,ETCOC,ETCOC 2026,Round 2,93436251,93570408,filibis,vomo_43,2026-09-25T18:00:00.000Z,"https://www.carcassonnelab.com/#/0/0/p5RG5nJd22VTdCxgWPf0pqjwJtfwAdDjjJRZ5Vhg4C4eA9LyC063HBo/12b213c222a123r014Z321J332a223a1211124s025t233b026q034t135q044r243s242Z1413122q136s146r042q032q045r254q152s043c031K037t03120514051H04210221064q056t253q061K063t041J073r015a065t0233057q074t183s027r093s082q194q062J095q063H185r028q042J096q164H038q271J048q253J049s266q073K375t043L058s054L0?players=vomo_43,filibis&colors=red,green"
921459519,ETCOC,ETCOC 2026,Round 2,96173753,97508902,steam4206,_Lyanna_,2026-09-25T18:00:00.000Z,"https://www.carcassonnelab.com/#/0/0/qTrhV9HZtgQdnz44TSdmsmY6MMG9_Og_FfY6N7VSSvElmYOlRs0UhEt/212112a2222122c0233113c023q0321124s022s1241232a2142233r025q4131224K015Z125a335c124c016Z033c042c034Z435t126r036c045a03332411043t1251035404540432325H326H2163036J3362314b151204241312044t232t221L027t037Z034L222L237s047r031K0341047b0532035L0544036r045H355J046L01540634156H033H042q038Z32640?players=steam4206,_Lyanna_&colors=green,red"
921463650,ETCOC,ETCOC 2026,Round 2,100664761,84189399,efeyavuzer,smoula,2026-09-25T18:00:00.000Z,"https://www.carcassonnelab.com/#/0/0/q3OLtVdLJHVOI-mh-EyXg73fXJcArgbMe4IphWywFpaKjnFawJM8G3z/1211212112Z213b4133223a114Z322r1221024b225a215b135c016b42340333117b121J318Z0142024H031K023q132q034Z0312042s043q0322244t028a32431414033s052r0424232b0434053s144a051H043b25222441034q425r025L053222540634242Z045r0354054s255t124s233c041K154Z2621064c032K046t055c133J026t035s042L0514445b234J2?players=efeyavuzer,smoula&colors=red,blue"
921592809,Rivals,GG Rivals: Season 1,GG Rivals S1W6,93433730,84291236,KR_ Knight_ Realm,JnNzr,2026-09-26T00:00:00.000Z,"https://www.carcassonnelab.com/#/0/0/qeaz6_s_clMb7dIOT1whanHTCTlMop1syKdtmvgy1tyBwtteP22rfG2/212112b121L2312122Z032Z142a113Z052Z0411022q043a0322232s444a0124142s133c145b231J0421034Z146b035Z124Z023c062c06130514063Z254b043326221713023r04420341022J0351136a0361064a0462025a05430131073b2561043q0452055Z126Z123L032H241L033J256b215a014b224H143L425r0724035r066a0224225H1231035J424r434L1?players=KR_%20Knight_%20Realm,JnNzr&colors=red,green"
921602524,Rivals,GG Rivals: Season 1,GG Rivals S1W6,93433730,84291236,KR_ Knight_ Realm,JnNzr,2026-09-26T00:00:00.000Z,"https://www.carcassonnelab.com/#/0/0/rK9PqZ0PdNMpQGAq0DlaJ6t2YXe8j0tkJLSNUvvMSw5fxNN84TPeqOx/12a121221221311022K2321022221311424022q04341233022c032L023H023r121L123c024r124Z0411042Z1521043b052b153b062a0614172a263c014c315Z182Z232q225s035s03322622033H4142034K063127130241073308140824033t244L043r2154025L064c374Z0533024L1343144t383b044Z045K136q03520253155K142t035K036H346L053q056J0?players=KR_%20Knight_%20Realm,JnNzr&colors=red,green"
921609541,Rivals,GG Rivals: Season 1,GG Rivals S1W6,93433730,84291236,KR_ Knight_ Realm,JnNzr,2026-09-26T00:00:00.000Z,"https://www.carcassonnelab.com/#/0/0/qlI1LDKLbsbyjqS8Z7-21PxhQfTJH_f91WhtXU3TPSivfjZVPN8uLk4/211112a122a113c023b123r032c033a1123122r114c332s221L033t024r134b024Z225c231L143b022L115a026c243t0132053t1234052t062t0243436a141K142J052J025s063s061J043J033H032L062H242Z034J0221016Z024J044H273r037a244Z127a038Z348Z039b252a0321054Z074t062a228Z172L175r072c123L0613473a351407110521129a05320?players=KR_%20Knight_%20Realm,JnNzr&colors=red,green"
921740809,ETCOC,ETCOC 2026,Round 2,90314669,84799895,Nallerheim,Paiva,2026-09-26T09:00:00.000Z,"https://www.carcassonnelab.com/#/0/0/qPy60hV0nGZHQbTCj2qz3vDyoJ-X-DEJUKUB3bEyFdBqRvWjDwJLAqU/12b221222233314232b122q232q231H113a023s033s123Z124q343s133a041K243a142H151H153s161J262r034q232K044Z022H052r023K042a1132053c063a063q2124054t062b341405131424014a245b05210622022a064r16111722063103231432052K1731072a033L065q275q273r024Z054c073a035q082a145q085r076r064a183r465b053L0831163K0?players=Nallerheim,Paiva&colors=green,red"
921741809,ETCOC,ETCOC 2026,Round 2,96610271,97284253,Larpaattori,notnewatthis,2026-09-26T09:00:00.000Z,"https://www.carcassonnelab.com/#/0/0/pWe7BTV5GzI96Bl7hSVhbdF544PlenjYH3diy6v9U_FerkJOzfx7UOA/12a122a113Z123q022r124q233r043r114b023a015Z225s032s034r216a053t225Z044q221J345s017b035a155t152q062q134Z042q136b032Z035q231L027Z118c056r219Z066q065s063s072r029c22Aa075q028q054q274s029q064q127s076q161L028b21Ab067s039b21Bc039r22Br43Ar02Cr2312085q049s038q136q148t0414051L022L332L058r041H0?players=notnewatthis,Larpaattori&colors=red,green"
921742809,ETCOC,ETCOC 2026,Round 2,7119600,83925004,Nethshrac,Sportr,2026-09-26T09:00:00.000Z,"https://www.carcassonnelab.com/#/0/0/qcTlyh3jK3Z5GTdn9K_okzlTDE_Rj_RlXuEgXeUZ9BrTevWQ7HSsFcP/212112c121J022H131L223L232s033J041J0313122c01332223114202410151232a0232033Z0321013a023q042b114Z034a2162035Z044c042J012204212264024a024L1173025H0361027L0374234J1184028302911354042q037L043H254Z051L243s143Z035K055Z05221381353b251326240532336c046a06320722044L154J063c026K0711045b0433115b1?players=Sportr,Nethshrac&colors=red,green"
921744809,ETCOC,ETCOC 2026,Round 2,87435630,85447228,Lapinkoski,Glovir,2026-09-26T09:00:00.000Z,"https://www.carcassonnelab.com/#/0/0/q_j-7oKIu_lJVh37j3zUCW-zG5zlOhQpYTRrIULsT8UkXUkURMRji51/212121K112b122a232Z123a1124231L022K124b023J032K1131041H234a033H044a334H043b242s153a151K033b052H063c0232362c0314032204120512035J042J144K153J345H0224055J552q353r162t0422072t261K132t063s043L146L064t0143133r023r362H282r247L2243074q02512431042Z0443013c024s124L145Z13420452154s056K022s055c4?players=Glovir,Lapinkoski&colors=yellow,red"
921749709,ETCOC,ETCOC 2026,Round 2,100316475,95814549,OlaviVirta96,Licinio Ferreira,2026-09-26T09:00:00.000Z,"https://www.carcassonnelab.com/#/0/0/panezeuieKYAWWRe7Yh2QaKcdsVOK6hiYQ-gkdJfupqm0udf8l-zjFA/12a1212113a023a233Z143b034c035c244Z125b022Z115b253a024a026Z216a127Z117a028Z123q125r124s063a018a029b019Z232b134r027q233r035s036t029t137a026s139r045t043r037t349r036Z046s038b246a173a421J042b03Ar131213Bs083c031K038q053r042q247c032q056c5412255Z057c145Z166b158Z367Z093a163t1A3c092c394b1A4b2?players=Licinio%20Ferreira,OlaviVirta96&colors=red,green"
921751865,ETCOC,ETCOC 2026,Round 2,96610271,97284253,Larpaattori,notnewatthis,2026-09-26T09:00:00.000Z,"https://www.carcassonnelab.com/#/0/0/qSBLjp3ikn7wwp5vjiB5_UmQjvV4No_ogsMKQrYL1IO9hEm5QRPXks3/12b213Z1212114Z131243214411132Z342b123t252a023c121J053Z031K022s032q033b0121063Z115b024b025s025Z016Z126r242t024q017b033q034t122a044q136t145q055q227Z073a032L034Z056s454Z037s227s138s328a438c143s048q054r062a041H029b3514153s118b047r052206244534239r264t065q251L029r03Aq072Z183a0713055a182b0?players=Larpaattori,notnewatthis&colors=red,green"
921755365,ETCOC,ETCOC 2026,Round 2,7119600,83925004,Nethshrac,Sportr,2026-09-26T09:00:00.000Z,"https://www.carcassonnelab.com/#/0/0/pGLELW2ls0LR4JhW3iPI8DjBc-xapLqPx0OfFiuQtWM30dTRZ3OUFSI/12b2123122r013Z122c022K02210134014Z21410231123s015b0152224112541262125K03411164235J032L1364526J032a427J0332128H027204620351142H042c023c1452124t05510544041H0213033Z332r043103133443023K0654352J0661451K0642276363240182337H336K246H024a021L1412333K0174038K056H029K1563155L152a142s247H23720?players=Sportr,Nethshrac&colors=red,green"
921755807,ETCOC,ETCOC 2026,Round 2,90314669,84799895,Nallerheim,Paiva,2026-09-26T09:00:00.000Z,"https://www.carcassonnelab.com/#/0/0/qS_SM4T3hYBRBsCPbJzrm-zlbzyJyNC1zk6rK2E_e1x702WYcKOZ-jF/12b213Z122r123Z032s023r022a042s231H043q132J021L0121041J051J142H043L252J361L053t063q024r033q352r153J044r044K433H134t234J2224035K145s336H245H054H254q064L123K065J014b225H024b026H035r024H155q3134027J1141062J2174233c2153066H028K22520263032Z029J035222AH01611362125t02421273034201811462071J4?players=Paiva,Nallerheim&colors=red,green"
921756245,ETCOC,ETCOC 2026,Round 2,100316475,95814549,OlaviVirta96,Licinio Ferreira,2026-09-26T09:00:00.000Z,"https://www.carcassonnelab.com/#/0/0/rWxYTli6jrePrmYFL0JbRryo1Hgd8POzea6ssLef2gPJjF7TRRy1HPx/12a1212322c123c424c233a222q143Z042a013b052Z221J0223132401231333214a3433053c031K04441543223s053405511341034Z1241033t162a125Z3132044Z163Z043r024r33141632044t1734254q026Z035a0741027a2421137a252405120622064Z0641045Z047c142s074c036Z265c038b2451048a015Z225s0653035r026s066127533832172308240?players=Licinio%20Ferreira,OlaviVirta96&colors=red,green"
921758834,ETCOC,ETCOC 2026,Round 2,87435630,85447228,Lapinkoski,Glovir,2026-09-26T09:00:00.000Z,"https://www.carcassonnelab.com/#/0/0/qpHGCuVOmmCHEp_RRLXdF4CvGloVXP_hkItIzJE7URswhhKhQWLZwH9/211122Z121L232Z1312112a123c2223122q1413132q142a131J233a023s224q213b234q034a144t044Z04220511025s054c053a022K035q1612045r043s2524014a035c025a024a326b0531062c055c256c246c127Z037c041J042H143H242s051L036r016c026q264a233r115a146q027s128Z455t144J018c054K019Z243b1541029b01Ab12Ar238a037q253J2?players=Glovir,Lapinkoski&colors=yellow,red"
921763460,ETCOC,ETCOC 2026,Round 2,7119600,83925004,Nethshrac,Sportr,2026-09-26T09:00:00.000Z,"https://www.carcassonnelab.com/#/0/0/qXYbnWi7W5MZ2sbCUBczuMwf1Y9mvfemgtEvtBC9fBw_zm2-Rgemkmo/212112b2221123313120334012201320342122Z121J032Z131J042c132414130144123L13532253136124310372033K0474034J1151225J4452024H141J413Z055203832482039315810241168103A1022J1294243L069407830514242K033b035L252H07920192288108734261152a0162126K132L143Z14A328611271089308A109840171453Z444H132r02A40?players=Nethshrac,Sportr&colors=red,green"
921835135,Rivals,GG Rivals: Season 1,GG Rivals S1W6,90314669,90943003,Nallerheim,qazxswedc,2026-09-26T13:00:00.000Z,"https://www.carcassonnelab.com/#/0/0/ozGRDqGNxBucCJ2UDcT6cHShR3Bik_7KLLKVi18g10uCg1Xp4gmaiE4/12b1212222b0311032a12221122121J042c031K022L022r132t123K032L04141324152c4331224L033K241K143214420531033a342H143c243L05134633023a151K0623252H1541053H04221234013a044Z3722054b252401330343145b324Z025b126c215c033q025r2553035Z062a1612124t344K023q125J034s244r163b126q073c045s152r254s027q155q0?players=Nallerheim,qazxswedc&colors=green,red"
921845168,Rivals,GG Rivals: Season 1,GG Rivals S1W6,90314669,90943003,Nallerheim,qazxswedc,2026-09-26T13:00:00.000Z,"https://www.carcassonnelab.com/#/0/0/qcuLVaMBuzfBiLerl0GCWwTfIgaHX4PZ7gWuLahpKgmArbIsoHrHYd_/212112c222s03140412432311220133122L032a02221142123J124105110422252Z13440433033H234K1351043K133Z153a0442263Z034c054b05440363273a123a055Z043Z065c075Z072Z242H34610371232r03340471038102511612324a0523133t064b0264062b12321154274b183b084c56230552024L06541274116166322734242r035L1721036L08210?players=Nallerheim,qazxswedc&colors=green,red"
921862041,Rivals,GG Rivals: Season 1,GG Rivals S1W6,90314669,90943003,Nallerheim,qazxswedc,2026-09-26T13:00:00.000Z,"https://www.carcassonnelab.com/#/0/0/p34pOASEw6RmKsKTnEFrVJ0A-z-3MG41vaEbE7A-Dr_9_mrW6i-M-S9/12b2123122J122t02221131023H232H1142031L042J041J024L351L133H222a13221232123s052H2153131204210412423Z05134331152126121531062K013c072J071H042q114c03440434082H292L115Z024a0161233t0441026131713351072q062s043r063r034s364r044t061J335t133b336t125r026r152Z042Z383H0242081L116a262a153t4541153c1?players=qazxswedc,Nallerheim&colors=red,green"
921866261,Rivals,GG Rivals: Season 1,GG Rivals S1W6,91626681,94156886,chawin053,XmikeZ,2026-09-26T14:00:00.000Z,"https://www.carcassonnelab.com/#/0/0/qefdGfmfGtuOzw3-r3pfukXflzb033fnT9eVfZBU5yXcp18zJpke0dJ/212112b12231121121K01334323122H122c03121231331H041H232q0332123K14340411242c01413241152Z0442532K042H113a062b033H1542023r0512053c052K043H162J0611144J053J372J073L0344334L135316230524045K346H4362036H2262055J042s156L054K063J166H0153074H047L375H267H037J3251076H083J368K182L043a033Z051J284J0?players=XmikeZ,chawin053&colors=green,red"
921871101,Rivals,GG Rivals: Season 1,GG Rivals S1W6,91626681,94156886,chawin053,XmikeZ,2026-09-26T14:00:00.000Z,"https://www.carcassonnelab.com/#/0/0/qKQBKvcQRPVp5NEwppiX1cJMUkjJtWJmNkfzCbvH8KPu2V6onO9VNcs/12b4121122a2134232c023K223Z124b033Z32110312124J032402340243221H02532152034K022J044L043b041235140262052c0272035L013a214102810352033L1331043K2452114Z2362124t142J23432433015b2521053J0533325b032L241J242q151J031H123q243t06311624153s053c063L0463062H05520561037405710612025s24710672333r122t0?players=chawin053,XmikeZ&colors=red,green"
921876023,Rivals,GG Rivals: Season 1,GG Rivals S1W6,90314669,90943003,Nallerheim,qazxswedc,2026-09-26T13:00:00.000Z,"https://www.carcassonnelab.com/#/0/0/pS-TdibL5GWwx42jsY4iLRkjtWLnm_kpoyzezMSTN1iXXjjMqvLhvSc/12a122Z113b021L414c1212015Z125c0123135b123Z045b033Z034Z043a031K041K032b142L0313146c132q156a324q0131232H053c0141054c042Z147c137a224K1222151K04130422034L025H044K245H126J0431033101510253023H15130441042s057a146H243q1532055L248Z354L1343058a1321164J053J059Z045205Ab1232163K0462567Z16Aa225r3?players=qazxswedc,Nallerheim&colors=red,green"
921940233,ETCOC,ETCOC 2026,Round 2,39136230,86611873,N2xU,BuHa44,2026-09-26T17:00:00.000Z,"https://www.carcassonnelab.com/#/0/0/qnukY5KeYUXIxNUKnpbUX5QUNzqkNq87OCVUijfNqXkXmjwP6OL5Jkf/21K122q1212223q433s112b124s014b0222231K132211231422122H1311225t02330133122b023Z033c024Z135s143405240534413c05140632252c042c0644034r025b044q035c043a423J1612324J136q034a134L1742073403340754034138440851062a04420761032H032b144Z225L054b0413053a155Z233L0624163Z243J226Z073a072Z083Z164b016Z4?players=N2xU,BuHa44&colors=blue,green"
921942233,ETCOC,ETCOC 2026,Round 2,1133242,84823639,Defdamesdompi,Tompa99,2026-09-26T17:00:00.000Z,"https://www.carcassonnelab.com/#/0/0/p1bDoal5pFuURSdJd21Vk9hSapY5A6KcfYnnYQeuYRLEnxgv2i5mYVk/12b2123122a1223013Z223r121L124s034t425t114b032b023Z032302113132026r24240142115a033r043r124c042t216c152r017c135r232s445q036t143122430442033105440453053s055r056s227q054q431J257q063t164r028q174r073q047t048r067q06440531183s072q225Z184s182q093s024L077r032K233Z333H242H042Z168s029s275q026b0?players=Tompa99,Defdamesdompi&colors=yellow,red"
921944133,ETCOC,ETCOC 2026,Round 2,65246746,88411255,CraftyRaf,Bluste,2026-09-26T17:00:00.000Z,"https://www.carcassonnelab.com/#/0/0/qpJCijlthJ0-U4BHWek1xAgAzxZ2sGrTrPTRTw5L-VCdLTV4-K_cm4e/211122Z121H212c113Z1311114a024t1223134q035r022s033t136q325q137q045t246t015Z025Z326r256q216c255r043q054t265r042t757s4323075s185s074q086s032r066q031L044r032K423b233H233a043J032Z123r152s184r264s073t042L294t14110122267s4512134J323J077t162q242a0611044J162b045K083q138s093q043a392s053c228q1?players=Bluste,CraftyRaf&colors=green,red"
921946133,ETCOC,ETCOC 2026,Round 2,84635111,84369082,JinaJina,El Tomek,2026-09-26T17:00:00.000Z,"https://www.carcassonnelab.com/#/0/0/ptZEVdnordQVgp9NNdDF8CfPn5nDGVJL1HQtldYTJs9BBL7XhlLU19L/12b121L122c113a22132311032b0322041101222331014a02331342042b033Z024q0132023K1144125s015Z123a234b223q424K052Z0151053b044a022H32510164235Z326t024b126J2431034L135L036c146c037Z045L026b333L25110173144J243c162Z027q054H037r138q017c018Z028c0423248q047r2262119a029r072Z07110811049q482Z036t036K1?players=El%20Tomek,JinaJina&colors=red,green"
921949133,ETCOC,ETCOC 2026,Round 2,84207551,5833386,71Knives,vegaorion,2026-09-26T17:00:00.000Z,"https://www.carcassonnelab.com/#/0/0/p6DPghBcSGIWYbIhgeTEwmi-f6EzEvzoKUuOHYwIECLxGNHOti1bCUQ/12b221L322K1214031L232t041J0123142H142q152q133r353t122q054r2311023q134s024r151H244t062r025s015Z152K0412263r061J214c024a122a071H081J073q013Z053J063L023a134Z025b064q226Z072L126q027t116Z245t036r043L033c342c037s255q117b028s223H046t027Z238t036Z047s028b039s1224048r438Z665t033J082H018b072s1?players=vegaorion,71Knives&colors=blue,yellow"
921950652,ETCOC,ETCOC 2026,Round 2,1133242,84823639,Defdamesdompi,Tompa99,2026-09-26T17:00:00.000Z,"https://www.carcassonnelab.com/#/0/0/qBrx-60pOTkQdPzNuxHwjfBRCluv5OhmKxESuZeYAdIceb42i-cViFQ/12b222s122b113Z223q232s2212031H042s252q253s141H042L051J254t143q023c162q055s014Z1312015a016c026r027t025q033r017b237t161K247r033a146s127a371K262H226b043Z042b218c164s328a234a052J125c237b272H043K032Z074q072q053H035q438q082r173s224b163H044K344c235a153b054L134H063r075t476q077t066q054b081L2?players=Defdamesdompi,Tompa99&colors=red,yellow"
921953605,ETCOC,ETCOC 2026,Round 2,39136230,86611873,N2xU,BuHa44,2026-09-26T17:00:00.000Z,"https://www.carcassonnelab.com/#/0/0/p4h7pENx7cPO3E9lzDR52UfYazs4rIN2G4mgMPrjPKBach8hshtA42e/12b221L2124222K11310222032H233L1143134H022a143H023a232Z013Z044K023t135K025L036K153L137K033c0313252J034a251H041L042r0242163J2344032s0354024b125c173H083J052q223H184H0361094J062K154J142a252c1331045L1412182L035a055L081L092K042H345c247H046K153q185J05110611071K056H093H2A2H2A4H438H039H072H1?players=BuHa44,N2xU&colors=blue,black"
921955879,ETCOC,ETCOC 2026,Round 2,84635111,84369082,JinaJina,El Tomek,2026-09-26T17:00:00.000Z,"https://www.carcassonnelab.com/#/0/0/rQXTR2gO1B4xJ_S-7PUSaMpUPp73w0NEY2aiFNmlIUom5ZPagoKxMWj/12b122q02121124122Z013c032r214a224b0222131303242333042113431523221H03532361022K042s0131041H0262031J146402410161232H0433033K11720153142K126L253224440412125J033r0622136H124H01821281046J0371056L154105120552466J06510662075107440734076L265H134b0642227K175L2614185H1194337H123a029J338K055H0?players=El%20Tomek,JinaJina&colors=red,green"
921958403,ETCOC,ETCOC 2026,Round 2,84207551,5833386,71Knives,vegaorion,2026-09-26T17:00:00.000Z,"https://www.carcassonnelab.com/#/0/0/oqlViktmaiNn-uWup5Z057NPthB6I79rFRy6UblF0Uv-cnaRWmT9ylA/12a212221321224123J02311141022J222Z032Z223b222q223r024r214c233L224L134H3241132L213c143H035H115c431J044H024b234Z153H263J052J051K061H164K041L062L073H071H025Z125r245J055L033c072q2153152r042b473r074s0411143a264t04223323053r0524183q084r075r0342076r05312432085t034s095q025J196q035q1A5r082s1?players=vegaorion,71Knives&colors=blue,yellow"
921959085,ETCOC,ETCOC 2026,Round 2,65246746,88411255,CraftyRaf,Bluste,2026-09-26T17:00:00.000Z,"https://www.carcassonnelab.com/#/0/0/qeywatdOnatLb_vVrAB9ktqgKvGNzj1IH3JwKeh9voJN_oI4-oRQyiQ/212112b222q1222121H232q132401231234033r223s0131013Z024q131K034r032H041H042K043J0422123H1144143q233L042q144H052L054L231302420414064J053L3342024H125K134H0432035J1254022J0151144q2164114c045L145s2521036K325t065K1622046H226H037H475J047K1262366J027J167J0172368J0274278K055L7372123c132Z156K2?players=Bluste,CraftyRaf&colors=green,red"
921959561,ETCOC,ETCOC 2026,Round 2,84635111,84369082,JinaJina,El Tomek,2026-09-26T17:00:00.000Z,"https://www.carcassonnelab.com/#/0/0/qII_9sSTaNWO3PDSWCYwUCFrmX8fI2Mg_XI8BuJERllVlxY7B-XENq4/12b421223110121013Z422a021L222H1321032H122t342L023t1411014b023b233a123J01311232042a1511032q043H241L252J253L124Z354L062H12221612042q062a051K363Z053c025Z243s261J052q144r024J072J455J073K034J164J064a044H062r053t073a063s072t064s474t173r083t065t454Z084r085r282r0244071H052c035H065a075s045J1?players=JinaJina,El%20Tomek&colors=green,red"
921960199,ETCOC,ETCOC 2026,Round 2,93117867,11329731,pricci,Zokanero,2026-09-26T18:00:00.000Z,"https://www.carcassonnelab.com/#/0/0/pb-XPkCiCEldr5cGtEaQxQw-jNSW_30pqhVT_j1C6_M8XM4FEVS1cLA/12a122q113b021H222b132q023s133q132b043t222K421103121411114Z03232421031K05121334034r144t054t045q052c052226140624064s233c253b053r124s1232023H043c163q01341243224L125r025L0151034K0251073r015Z0353072q0122044L146q154L1533226q055J035t326H236L0222162t046J252s165K071J0144282q045H264H1342037L3?players=Zokanero,pricci&colors=black,red"
921961199,ETCOC,ETCOC 2026,Round 2,90878893,86482486,kspttw,Kingkelodeon,2026-09-26T18:00:00.000Z,"https://www.carcassonnelab.com/#/0/0/rYXU7rcO215f9t1ceS0cHYhF1ISaluPXniEVxcif3hGt4LXgPRsO13a/12a122b013b021L222K131J022q141L132c032J132q442Z031103241124014Z0222033H023s013204221522023Z124q143202342513034t06120331333b0711134b015Z025a04440531125t162438142212116Z0243152Z2914062b0A13017b024Z034L2823426b124K08312721092b3931035t06331A2Z293a136s083a073b0A3c394a0A31082Z1413145r142t1?players=kspttw,Kingkelodeon&colors=red,blue"
921962199,ETCOC,ETCOC 2026,Round 2,84689146,91831749,TerranPL,Temrak,2026-09-26T18:00:00.000Z,"https://www.carcassonnelab.com/#/0/0/rWycgVDfI__9tb4YSZiEPVE65ZjXn2imUdRZhZWFMBy1K5VA-5nPUml/12a12111123222q1131021L02221324222L33111234132a03340422042a023r024s023H13430521024114321622132K22521154124H033t042J131L134J125J126L032t042r25320144013b023c044L2263354K03530453024c255K135L156H045H065H336H033J014Z037L015b141K353J247K0272064K1172043t3542025c226Z074L246303740282052H043H0?players=Temrak,TerranPL&colors=black,blue"
921965143,ETCOC,ETCOC 2026,Round 2,1133242,84823639,Defdamesdompi,Tompa99,2026-09-26T17:00:00.000Z,"https://www.carcassonnelab.com/#/0/0/qZslO_tnp-a9P22F0Cku02GMKLZ6xO4dFVBjh8DEAfoyRp5xVW-yA0A/212122Z112b232Z123b1123124Z114b025a034b142c043b053b244c235Z0311063c0132026b0234052Z0413164Z0224121H031L1421136c037b065c0322224105210333041J224s051J023s013a054a473Z032q242L032H033Z022H352q233s245c343s261H274Z372c075b0624085c084a155c1612056Z0533022t115c143K125r276a562H372H0434057c262s1?players=Tompa99,Defdamesdompi&colors=yellow,red"
921965451,ETCOC,ETCOC 2026,Round 2,84207551,5833386,71Knives,vegaorion,2026-09-26T17:00:00.000Z,"https://www.carcassonnelab.com/#/0/0/qh37ajnxmnnoy8EkfF2jTYPknOisvIRmmP5oGik8nXqFpxq4hDQuFU5/2121122112c12231133222H221J023L2321024L022r223t033r2311013c034s032L335q243s014a115c023b042q024Z032q132c0331025J034H02311141136q1343125r03520242441H1444052t226q127t04142544016b0514025b433Z034b0611144c05511652031L042Z035b037t036c026a246q043b237a447r227c148t328r058r059r356r018a045a14510?players=71Knives,vegaorion&colors=yellow,blue"
921967099,ETCOC,ETCOC 2026,Round 2,83832219,88262806,UY_Scuti,valle13,2026-09-26T18:00:00.000Z,"https://www.carcassonnelab.com/#/0/0/qT8ssHSzCAyekfwTjJcRdrZEhP6wcAQqt1-uJvtGW8s0JfRo1lcekTu/212112c221J013b0123114Z323q215Z024t016Z126r017a0131022a133r018b232q023Z027Z043q222H144r153t126Z019Z245t035s036a11Ab046c031322At122112AZ1322023H1424024H431K3432332H255s052q02BZ15210233037Z128c033J054t0513253126123142062302Cb038a062b341H065s048Z134L025K035a125c134Z2714345c072Z064t034s0?players=valle13,UY_Scuti&colors=blue,red"
921968099,ETCOC,ETCOC 2026,Round 2,90518474,88550170,milo300IQ,Rolente,2026-09-26T18:00:00.000Z,"https://www.carcassonnelab.com/#/0/0/qCm9rdWU_OLbqa75BWvm8-TtDtcJtKwx54-kWGmdcM91gaikWFGbnVv/12b222Z121L122s123q213c024t023c022J033s132c242Z143Z124Z1313034c034r044t045r235t135a431L145a0414436Z036q046a125b0423141J252a0524142L056Z047b051J555t266b065a175b074Z052J1212067a053J177Z0221078Z288c079b12340432085Z086c098a097Z099b2A7a095a0A9a062L0442053b023J06210544054Z054K169Z087c315a0?players=Rolente,milo300IQ&colors=blue,red"
921971547,ETCOC,ETCOC 2026,Round 2,84689146,91831749,TerranPL,Temrak,2026-09-26T18:00:00.000Z,"https://www.carcassonnelab.com/#/0/0/pq24ysJnXDKn8KI_abi_JVOkk5yFxpeZpKXLWP9ZybOD5hZ5Jd3Njt5/12Z2212322q113b122c223s132c121L032q1314133Z242a234b024Z025c142t133s052c0512041H043a3122043t123c034t152r3321035q144Z2414144q1424045b554t015b022K031H124r013103331434064s055a0522154b0611071307210231182437340632072Z064a182a083b034208340924074119120811445q051H026b036a06232A13193Z0A2b655r1?players=TerranPL,Temrak&colors=blue,black"
921971707,ETCOC,ETCOC 2026,Round 2,83832219,88262806,UY_Scuti,valle13,2026-09-26T18:00:00.000Z,"https://www.carcassonnelab.com/#/0/0.6/q38EkPv8X7yc4kKVUx9J46aToOmvzOliTSSdkmwhPuFHS74WIL4Ba_Z/1211212322Z112c122r013c032q214Z123c024c033t024r022H042t215Z131K025Z131212220414025q026q1234235q135a234q034b244q045Z036c1324136q026a045q037t1243147r038t237a046a047c055a0331438a028a146r254Z056r465Z053Z216b066Z029Z243Z0424257a039b023s143s054r018c03AZ023H048q0133075b166r027s032a157s0?players=UY_Scuti,valle13&colors=red,blue"
921981825,ETCOC,ETCOC 2026,Round 2,83832219,88262806,UY_Scuti,valle13,2026-09-26T18:00:00.000Z,"https://www.carcassonnelab.com/#/0/0/qSc6Xmb0BLgSBqfCe_aJzPE9Dqzr4Qj2RUoAPo64JQh4TBJtkQronZq/12b2121113Z1221123r033r1133322J122a034r022q232q231K035q132H142q225r036t045q22322321223L0314052t041J04210432033J151J126s061L252K0241043J014b053r0342044J062q0444123c063s2254221K246s072q23521152271J072L03632163053101710372026J047423840481024J145404912284039203A4273H03B102A2162J02B235722?players=valle13,UY_Scuti&colors=blue,red"
921981901,ETCOC,ETCOC 2026,Round 2,93117867,11329731,pricci,Zokanero,2026-09-26T18:00:00.000Z,"https://www.carcassonnelab.com/#/0/0/ppBB6A8nEc3MgC0os-1qKkapPcvG2g3ZI6Iyt5Ju06NEaX7tORuV-dg/12Z213b214Z223a224q023t115a033c234r033r135s022r143t034Z044c132q135b043Z0122021J022L036a226c332K142H041L046c033H034L043J053r045Z047Z153H254q042t055b245q054a152r156Z131J132a044s364a137b025r174b025c126s073Z046q165a053Z156q083a057t0212057c047r116c055s282Z042a384b037q027Z328b266Z1223124Z0?players=pricci,Zokanero&colors=red,black"
921984591,ETCOC,ETCOC 2026,Round 2,90878893,86482486,kspttw,Kingkelodeon,2026-09-26T18:00:00.000Z,"https://www.carcassonnelab.com/#/0/0/p1ekGWbz7d6rErPqdqT6wM6HZJJJ059MUfV25NZmK-U0dHUwfFzkk44/12b212312121224221L331L1134013Z023J02321322123a032t242403340414023q141H014Z032J042J052L062J0512252246140624051J042Z015b042q025t052r2434253r062q062a235q063r434q054r045r4532155s0442032b043r372L172Z073b256q046s173q236s0142033c063b052c061K264r2713282J573L071J083s081L093q072r244t157r283b3?players=Kingkelodeon,kspttw&colors=blue,red"
921988860,ETCOC,ETCOC 2026,Round 2,90518474,88550170,milo300IQ,Rolente,2026-09-26T18:00:00.000Z,"https://www.carcassonnelab.com/#/0/0/rOJXohOUXhppd8VUFCR9mikAF6tJ5wVC7Q2cF8EyRrkPQXkNtfVIwKP/12a1211221L322q2311222c032t123b032b223r024c024s042Z034Z243b035b031J044Z041J445Z133c154Z352Z062a164Z055b156a166b032K1612033K163b072b123K0711065c034H033r257a076a086Z225q215a036Z0412146b0514137Z047c126t035q4522387c058Z134q016Z045q026Z067Z127Z148Z028b049Z368Z027q078Z043r138c075c318a037q1?players=milo300IQ,Rolente&colors=red,blue"
921995212,ETCOC,ETCOC 2026,Round 2,90878893,86482486,kspttw,Kingkelodeon,2026-09-26T18:00:00.000Z,"https://www.carcassonnelab.com/#/0/0/pqfTHuk5mFoupHQtSwAYp9BTmbEGB1k08rCRZMHZ7FdlGf9h4JbNO5f/12Z222c223a013b214Z123t233r033b222r134s024a143Z015c032r034c116Z042t031J352t032K142a152c225a133L025s044t235b034H253q026q224r345t055q035J124J236s036a237Z327c343t026b138b217a125L036J328Z3141212401330222222J13243312041L018c142H028r0412044H02412253038r119b037t029r046t023L135t063q2354126J0?players=Kingkelodeon,kspttw&colors=blue,red"
922009488,Rivals,GG Rivals: Season 1,GG Rivals S1W6,86771532,94481545,adrear,BDDL1,2026-09-26T19:00:00.000Z,"https://www.carcassonnelab.com/#/0/0/qI6Kq5-94qK6IIl96JVUPyn1oWeS4Pq1mhu_BlNR75NvwDVkTf73wS_/12b422r123s132q21221211022K1131024q134r125t0141023H031K033J1233022b224K1242125K23410442033402523322226H026t042r2422133r052425340413042a252b032a143L052r223c162r02240542343Z233a151223530634044b344J0153154L235L0264042H036t055L0624052K045J124c125Z134a064J362K046L014a256J053t365J254t036H0?players=BDDL1,adrear&colors=red,blue"
922012918,Rivals,GG Rivals: Season 1,GG Rivals S1W6,86771532,94481545,adrear,BDDL1,2026-09-26T19:00:00.000Z,"https://www.carcassonnelab.com/#/0/0/rCECfXr1JOrRVuoWBO6__j4clETi3tLz37anfN4cBdGwwh4ujaIz8u1/12Z12122123121H2132131J022J13140411032c142Z1141223K342142210511113c023b214b05220434261402440151024q2623225s262b0711152a163a06310722022s0812022c053c135t023r072c043Z024L1444233t254c124a044b043r045a082a2162025H064Z134H055Z074a0342433a265c166Z1544356b3643276c067a2534157b026q4651315Z06614?players=adrear,BDDL1&colors=blue,red"
922309866,Rivals,GG Rivals: Season 1,GG Rivals S1W6,90314669,87903300,Nallerheim,nazario77,2026-09-27T11:00:00.000Z,"https://www.carcassonnelab.com/#/0/0/o1aBgUjHkiUZBhSZreKPa-3A5rUvXVA-K2qdT42yB9x6VkLfUlPa99T/12b122q122c021L132a13141212022L2412132J21241322023c342Z024Z152Z034b062Z031K143b041H242r0612023H063a024H025a023r032q072Z05141621133t052t02232134151K353s043s042J114Z0424082a044q483a043J034K226b036c052K264c015Z144J153b084b063q0234016b024s0142061K1724053H264s262L372J134q1243163H182L38111?players=Nallerheim,nazario77&colors=green,yellow"
922316595,Rivals,GG Rivals: Season 1,GG Rivals S1W6,90314669,87903300,Nallerheim,nazario77,2026-09-27T11:00:00.000Z,"https://www.carcassonnelab.com/#/0/0/om-wnaFesu5VK4sROK4cU0_9ooIG-hZy3yLi7PCVvf0AnWl3hdevf2J/12a222b0211123a221L133c222t034Z223q232t324s014Z125q134q1311044q026s043q016c015b335c031J122L026a027q432Z0124135q132J445q0412136c0322033L223H033t0222043c046Z045c024K144c447a154a141K136r025b042c027Z053a054r552a05140524055t0334048b063Z142r156q0532051H0542024Z064q2624257b273c056Z0613065q2?players=nazario77,Nallerheim&colors=yellow,green"
922325265,Rivals,GG Rivals: Season 1,GG Rivals S1W6,90314669,87903300,Nallerheim,nazario77,2026-09-27T11:00:00.000Z,"https://www.carcassonnelab.com/#/0/0/qnt9dqkOoGU5kmklsBB8qWRU3lSLbug50kWBai2TgHRRwQ6E8xhSng4/212322Z112c113c132Z023Z222r322421232134242a1232143b253a252c2141021L063c523r023K033J024q125q143H033t114Z1313334s235r243s042t044t073c436t053q062c263q024Z062r024H045r037t025Z247q027q072b133c0612064Z126b244H116b2622036Z032K083a034H084Z054J037b444a015b174a034a175b245a194c055a095c0512093a1?players=nazario77,Nallerheim&colors=yellow,green"
922350735,ETCOC,ETCOC 2026,Round 2,84772106,85334680,-Atum-,Norberts96,2026-09-27T13:00:00.000Z,"https://www.carcassonnelab.com/#/0/0/q8yK9mdi65nBNGie69Z-PIqJ0Iq1mp1QCuzANF3JAnXwynSRFZnh7Qi/212112c221K1312122b013a223r423c4123031H032t2321042r033t124q052t353q214b033a134s122r443q115a044q134b035Z025a0422151L145t035q145c036r063q061K062s054s0524043Z062L042Z025t126a046r226t172r044a182s154a0221053a064Z156t265b071K036c227q027b055q022K065r037q028a238s266r217Z481J292t046a163c056b0?players=-Atum-,Norberts96&colors=red,green"
922352835,ETCOC,ETCOC 2026,Round 2,84713215,14710161,71st,napalmEye,2026-09-27T13:00:00.000Z,"https://www.carcassonnelab.com/#/0/0/qn7fTCzZZspnp16d7sjr4Itwjn__Wq3xb72vDLfdjKpLsBt7I7Zc_rK/212322Z132a123Z021L212c131J0221133c1121142Z022q043Z1311141313240511044Z245b213c014a252c122J023s024r0421032J433s041J032q125q115a243t216a033K16120622124c253r042r026t025c154s034q436r5232063r362s061J023L044q137q1523145q063201321731053a0534063b071H054b4831035b046s243J255c124H072s134J382s2?players=napalmEye,71st&colors=blue,black"
922353735,ETCOC,ETCOC 2026,Round 2,97996315,84441803,Bestwall,krisna,2026-09-27T13:00:00.000Z,"https://www.carcassonnelab.com/#/0/0/qoNgLOsLOgqjX8qDG2pcyA61lZxYwb2H41-hPaxBLbY_AWT7kVTMIsp/212322Z121K0221123Z012b233c434c2322112113311232035Z31320424023J022t231L123q033L024Z024L334K11442241035J025H014a0253024t0154133t025q335r4412443L026s122H142L126L327H1163028J01712344041J042r036J444205220531025b04331632043s0643044s145K053q0263037L4364032s034s1372016a051L145t044H146q13812?players=krisna,Bestwall&colors=red,green"
922353835,ETCOC,ETCOC 2026,Round 2,93772757,97277276,max_Inhuman,Dirty old town,2026-09-27T13:00:00.000Z,"https://www.carcassonnelab.com/#/0/0/q3oi3m0UgD2tOy1mkH9BeUMfn-kvO5b-KsDKv4NnHXPqwTRHDh35xF4/1211211122a132b2312142c012b221L022312341322152b2421022L2511032H023Z223H413a023t024b224H0131125H035L242H03330141141J052J034J233a1342044L345J054K126J162b01630152353Z0442114a05421532063Z0632243a0734264407410832444Z184404142624054c155H265H075H074J085J024q0724266K1451451L3243131J1552132t0?players=Dirty%20old%20town,max_Inhuman&colors=black,green"
922357735,ETCOC,ETCOC 2026,Round 2,84205659,90101428,Mikhail-rus,Alexey_LV,2026-09-27T13:00:00.000Z,"https://www.carcassonnelab.com/#/0/0/qgNulNfN5-M3q6_T6R2vIj6jMSrkwW4JYOMwbMgfhyUh1uirtP7hEYp/21213110222112b222c013Z222t323r224r2413032s133s1323031J021L022J0424141H032a033a023a034r442c4433212402330512142K0131144222410541052206440532062123440614143Z025414521353125s043J033K034H224K055113630564044t352L023H052a1334235H4151353b063a244a064c0162025H124a01441653034Z1373043r1631135Z3?players=Alexey_LV,Mikhail-rus&colors=yellow,red"
922359635,Rivals,GG Rivals: Season 1,GG Rivals S1W6,97890683,88500055,honda0510,majkls,2026-09-27T13:00:00.000Z,"https://www.carcassonnelab.com/#/0/0/oz2l-1CrocxgCODWk76r3zPvARKguSWGOCYSEzlQMSygFLKyeX-I-bx/12b1211221J12220312013Z132a023c022r132t333t142t143t122c134t214b035q125s131L245r024s022H044r036t0413115c055t146r056t047t054s053t148t264q058s168s167q063r0421052r1512151J0611066q276t375s157r0714059s2623032H086r277q025b033c043a053b252J052Z163Z162J062q062b174q1723065t069q085r36Aq024a379r0?players=majkls,honda0510&colors=red,yellow"
922360883,ETCOC,ETCOC 2026,Round 2,84205659,90101428,Mikhail-rus,Alexey_LV,2026-09-27T13:00:00.000Z,"https://www.carcassonnelab.com/#/0/0/poROUWll4GmyXwwzbP-b8VK8JpCCDrrOMTspYmMcg-ruLNat4O4LhMn/12Z213Z222r422Z114b224t332a124b232t131H233b623q034Z143b234q225s135s0212041L236r0223026q115b116c2321035b042Z353c026c042q1414044c125Z143s051J054Z153t446t263t152Z056r055q036Z046c073r065r042K055a0513157t067r023406120523023c154s0624262t0121117Z0631052K064r245r218c227q022H058q337r259q06410?players=Mikhail-rus,Alexey_LV&colors=red,yellow"
922361548,ETCOC,ETCOC 2026,Round 2,84772106,85334680,-Atum-,Norberts96,2026-09-27T13:00:00.000Z,"https://www.carcassonnelab.com/#/0/0/ojAyXumO40bWs_N6P79ui-K9sv_OGfWyXOd-GXSrT_UapM7SnLs0Wr_/12a2123122Z022t123Z123s133Z043b134Z042Z052b253Z044a1411051124220312024r013c054c0521355a035c01310233225Z033s0143314a025r235s056a565a066c136r263a046b0622247c115c016Z148Z157Z137a238a028a127c017Z027q024b149b058c145b429c3611072406330734036b062b24Ab674102Ab0641339a076Z368b05Ab26AZ0651159a0?players=Norberts96,-Atum-&colors=red,green"
922362626,ETCOC,ETCOC 2026,Round 2,93772757,97277276,max_Inhuman,Dirty old town,2026-09-27T13:00:00.000Z,"https://www.carcassonnelab.com/#/0/0/qPeNgPfIBka6hvbgOi4HxAOL_BjZtRfu9Ig0o_WpeEUO02yPpbtrnwZ/12b222a223a232Z042c04110313024Z1122221J02220321022s013a134Z232r1332023q05124424222J031L014a033b152Z041L325b043c0612126c042r1524227Z116c035c044b253Z126q017Z118a127q025s07110134054Z072325331731043r023K2621124L133H025H035H08223832145c181408440924462Z037a3152036a063b228c447c138a024q153t0?players=max_Inhuman,Dirty%20old%20town&colors=green,black"
922366117,ETCOC,ETCOC 2026,Round 2,84713215,14710161,71st,napalmEye,2026-09-27T13:00:00.000Z,"https://www.carcassonnelab.com/#/0/0/oyRNhOfa14Pt1j8AdSX9yusyhWeuFfL5KA7UO0jR_WUcsJ7Tq9eymzG/12b122q1211123t12231311124r033r222Z134r444t113c154q241213210122153r142a021H2514063s045r123b0422155t0522033a124Z164t056t131J3234066s043r042r032a157q143c032K444a225r052Z041K132t165q0131123J074q054Z276q026q064c063Z055c045b251L115Z077q265c066Z053c024H046Z067Z033H057b161H035Z052L136q053L0?players=71st,napalmEye&colors=black,blue"
922367858,Rivals,GG Rivals: Season 1,GG Rivals S1W6,89754915,68743351,Carquinyolis,LSC,2026-09-27T13:30:00.000Z,"https://www.carcassonnelab.com/#/0/0/qgKZAdDWK1dDKaB3Ej8BbU888ZjLIKUYbkEjKXeEDMXc5Th9Q2lKJuk/211122a121J032a0223222J222q132K032r023a013c033J023t142J031K342r412c034J044K135H045H346H1324043H133q153J256J447J136L037L043r024t244r145r157J135t053t254L155H064J266L152L024H3314125K063K03310144034q0242036t041L146s0132024b262J263s051H162r042a034Z0421052b0511273K1252154s1414153Z043a258K0?players=Carquinyolis,LSC&colors=red,green"
922368165,ETCOC,ETCOC 2026,Round 2,97996315,84441803,Bestwall,krisna,2026-09-27T13:00:00.000Z,"https://www.carcassonnelab.com/#/0/0/pnh7-yLcXTicb13Nfbs2bOqFHZ307Izxc1NVXXgg_Jni8F_uTseDPsO/12Z213a123a1212124c134c233c1314022q1411142b022Z125c1423215b025s232q0524023q1323032Z1431044424540342052a22410234014a024q016Z421H033q043r162Z06110712163a073a2121143a235t031K164c044Z053q034q022H083Z082a093c044r1623345r055q446q056t254b066r0134047q223J1224142q1513165a445a033231441352167s2?players=Bestwall,krisna&colors=green,red"
922368635,Rivals,GG Rivals: Season 1,GG Rivals S1W6,97890683,88500055,honda0510,majkls,2026-09-27T13:00:00.000Z,"https://www.carcassonnelab.com/#/0/0/qJMzd_6iqfa9LH3qHfjSNfN_rmEoy5YxaS-ETjjIhdtiGsxzhkzuhs7/12b422a113a2123014a024b125Z122s124q025r132q026t133s016Z217b027c028Z036q035r129b034b143s144q132Z042q218b052r042b044Z043Z028t037q047q048q049t239r045t327r055r157q056r029r03As065r259r0412175t345a085r186s266r053a095r04Aq0A5q3A4q176r096s055c063b054Z15As169q023s121J352Z146b023Z0A6q062Z1A7s0?players=majkls,honda0510&colors=red,yellow"
922370166,Rivals,GG Rivals: Season 1,GG Rivals S1W6,89754915,68743351,Carquinyolis,LSC,2026-09-27T13:30:00.000Z,"https://www.carcassonnelab.com/#/0/0.2/p6o76m945C9MUhO_mTQ5BUXeEM-C9SWva3PY7pTfqLJXokEmHa3uvB1/12b222Z123Z11231212113b0312022t1321214Z032a123s13320234321J141124340224133t133Z143Z0132124c0532022L15422242224t0644134b0341043r031L342s253Z034t0442052a023J03532551054Z332L025a036115240464044c015b042c125s141J033J045c216Z042K035a226b026s017Z036t046r245t037r044r043J036b047t3632434H0?players=LSC,Carquinyolis&colors=green,red"
922371116,ETCOC,ETCOC 2026,Round 2,84713215,14710161,71st,napalmEye,2026-09-27T13:00:00.000Z,"https://www.carcassonnelab.com/#/0/0/pz-2zhrAXgYBL1cNTz6jfDua22K-ZEpcz5It19pqbaGkZt4mVZ6iZ6U/12b122a0212221L223b0124132a124Z142c022q143a425Z144Z322103140131132q031J322H126c03220333215Z016a334c352a03421511043305220424054a0624126r2632255c17340643027Z333b135Z033q034s16530242065a136a013c224q0751046c2542028c117c047Z042t048c083405520842036r329Z125t037q047t056c1763037c1453038a014b0?players=71st,napalmEye&colors=black,blue"
922373111,ETCOC,ETCOC 2026,Round 2,84205659,90101428,Mikhail-rus,Alexey_LV,2026-09-27T13:00:00.000Z,"https://www.carcassonnelab.com/#/0/0/qfIdXUZS-zx-C2xRxnuiprqaQKGqChFcOEHG89iEtcRC3NtJ6J32tqO/212112b2223122s1234032r121L1131022Z022J342t223t052r031H043q262t061H263t023Z013c3313024q234q025s032J041K114a133a034Z344a035Z154a153Z064Z072r051H136Z137b052H0323155Z0413047c062L027c063H017a272J418Z128q033J019b029Z042L039c01Aa229r01Bc164K165b024202Bs1251026Z274Z3422163b052432At039t164s0?players=Alexey_LV,Mikhail-rus&colors=yellow,red"
922374084,ETCOC,ETCOC 2026,Round 2,97996315,84441803,Bestwall,krisna,2026-09-27T13:00:00.000Z,"https://www.carcassonnelab.com/#/0/0/rKliDlxPIiKxwM_uBBBQjNBQgg7pKPDOIOtPDoDGb2F_0F7GDMlBh2o/12a122q121J1122031L222L113a0221032J032r241J033r034q135q124q023K043q145t253t154q063r0233423c052r31341241042L255s052J033Z032c034Z143b242Z13321412253Z052b054b046s014a036s025r063a362b272a315c0611073t365r072q071H061L05140621074q0423072H483r193r182q281K284r025a022a0A3q2633092t016c035b06411?players=Bestwall,krisna&colors=green,red"
922384572,Rivals,GG Rivals: Season 1,GG Rivals S1W6,84787611,83998002,nantyan,0607,2026-09-27T14:00:00.000Z,"https://www.carcassonnelab.com/#/0/0/oyRhhDN5ghWIaGzBvMEq-SAJasFAp3uND7yecll_gy0wgtL37au2Jdt/12b113a114b0212323r1313022c123Z022t133Z132Z242Z015Z316Z1412426b027Z124b343Z152c044Z017Z15140423132t027q245c046Z055b028t235b038r026s137r237Z347r031H018a033r0323136c0524053204310634428a1121032H036q029r213312330142033204423243035s041K153Z024s034404520354042J02520541136105520261034q122H0?players=0607,nantyan&colors=blue,red"
922385968,Rivals,GG Rivals: Season 1,GG Rivals S1W6,86771532,88813461,adrear,Ext4ur,2026-09-27T14:00:00.000Z,"https://www.carcassonnelab.com/#/0/0/qgzl32b723jzb5IPLZdSS1zYLsQRM8NNDtdagwf1r5pfSfcIf8QlCFW/21K122H022s023K112a123q2122124q125s035r026r132L113b015c522a125a016c1132136q117Z134q426b232Z0314037q041202230512152a014c262a224a136Z037b045q035c072a1714082Z073b046q033r142c046Z023c347c072102323421024H02122334243a23424351034b047q12440441074Z027r055t134J484c038q044s153c245b057s054q158q0?players=Ext4ur,adrear&colors=red,blue"
922388043,Rivals,GG Rivals: Season 1,GG Rivals S1W6,89754915,68743351,Carquinyolis,LSC,2026-09-27T13:30:00.000Z,"https://www.carcassonnelab.com/#/0/0/qdUiG9qAESaLzUH2K4GbI1845BcB1_LIKZQQgZeG6lqn64ELvMhkJsB/212112a122r113b022Z0122131214112322022H023r032H231K042c043c133t053Z13324131132b0424244b123L023Z25140522154b0222033a324K1234024a064c234Z135c145Z133J2434021J046b24420544063b041H032q234K1143042K174b042t052Z234q056Z0343143r036b026a0451025H162Z2151073c1252455b072a2642251H06246712055103513?players=Carquinyolis,LSC&colors=red,green"
922389572,Rivals,GG Rivals: Season 1,GG Rivals S1W6,86771532,88813461,adrear,Ext4ur,2026-09-27T14:00:00.000Z,"https://www.carcassonnelab.com/#/0/0/ptn7HgwUKhHd4bA8Ze_RxrQQ_8uMtuLm1toqVZQ_9TPnjzYruF4s53V/12b122b1122221L0221132Z023Z1313224Z133b213Z143Z034a135a02321321045Z031H032K022q123s032q114a042b2334015b052Z053b022J354b0134333r0514021114240141124t163b034q0152124K343s0161026J0252023J225b035q036s426r053q045r052s041H034J155s035L016Z144L042t056t136H246r025J063r046J454L056H2613064s237t0?players=Ext4ur,adrear&colors=red,blue"
922390474,Rivals,GG Rivals: Season 1,GG Rivals S1W6,86771532,88813461,adrear,Ext4ur,2026-09-27T14:00:00.000Z,"https://www.carcassonnelab.com/#/0/0/q4Ab_JogYPIMgzGHK1FQbOJ3oXjEK3yB9TkBhepBDUxDxIoJl9j84G9/12112132221112c221H222Z123a132b31331324033Z042c1411024c134b044Z045b013a2512014a043c052b0233062Z0311253a135Z125a124r022s072a163b022H031J064Z015Z05210241055Z032s433q356a1333266Z0141367Z242q2342023J368Z269b233H078b457a2422176b386Z087Z032H073c059a4711058Z082c0621042L1532277Z0724016a24440?players=Ext4ur,adrear&colors=red,blue"
922396025,Rivals,GG Rivals: Season 1,GG Rivals S1W6,84787611,83998002,nantyan,0607,2026-09-27T14:00:00.000Z,"https://www.carcassonnelab.com/#/0/0/qjw-dsmCv-ZLEvOmekh24FFWU2kjZUVP6nAnzIUMwmn97URGO5jNjR7/212312c121L122c131J132c032t01232314142a0414122r132H041H113Z0132122J0234233q223K132202232421142s0141043c353Z124H034s024q0433054Z044a152a034H063c05111614025L15321633043t26230722352s1241051L07120153055a0523133a1734223r0254065c064104430161335211712362061H065105421454162t253r063s014b17421?players=nantyan,0607&colors=red,blue"
922399126,Rivals,GG Rivals: Season 1,GG Rivals S1W6,88500055,93792706,majkls,butron72,2026-09-27T14:30:00.000Z,"https://www.carcassonnelab.com/#/0/0/qcjQo0EiiOOVO5xExs2qRkVT5LJsTx03IZHreIEjuTmdbVnQP4ggr1P/212112c22221312121L032b031L133c1122123a042a422r224Z123s03210134125Z023J022H0142052Z062Z013Z2231153b0332132J042405210152024r251205320614242L233s154314430161026J043Z14140253134t155104512261052H0644243q0634242s043L03611344036J035t035c045r015a026b044q034b116b025K045b044H034J0461456404710?players=butron72,majkls&colors=black,red"
922400476,Rivals,GG Rivals: Season 1,GG Rivals S1W6,88500055,93792706,majkls,butron72,2026-09-27T14:30:00.000Z,"https://www.carcassonnelab.com/#/0/0/pD4JruFggSbgBl2KAGvVeagFtn2d10VQ1kNWfiHh3_5TC5Ma8qySlV-/12b2212122t2221122c032402340331032r03111134233q423H01220141034s031J135q133K036r023s224J023a232a024Z133c413a437q134H022K24311423142a2522044q425q027q015a028r038t047q044L252c0244034c021L054J153K239t144a149q043J035Z016c0534324t129q03Ar02At141L13Bt04430621226a4611136b018Z24At1711046q062a0?players=butron72,majkls&colors=black,red"
922400767,Rivals,GG Rivals: Season 1,GG Rivals S1W6,84787611,83998002,nantyan,0607,2026-09-27T14:00:00.000Z,"https://www.carcassonnelab.com/#/0/0.8/qfnJpglQvPtB6ptZk7mrm4qGIB17eEDNO4Tf5n3Tu49YvyeFJ9fRfVv/211112b4312022t232Z1414422343220232032r221L033t033b031L242t11241513042c1241052Z23311424132J15222611042H033H0624034a323t144a213Z124a124q143a122a13430531354c222K041J043411424441052r034r043r035s044s025Z215a1544226a027c055Z3453145Z054r046c224L336a223c156Z066c067a347c235a043L117a051J0?players=nantyan,0607&colors=red,blue"
922406209,Rivals,GG Rivals: Season 1,GG Rivals S1W6,86771532,88813461,adrear,Ext4ur,2026-09-27T14:00:00.000Z,"https://www.carcassonnelab.com/#/0/0/otaen6kocPwuv6RLSZWCmHwsBpnGNUKiYdKP02wPp9dwrE0-BvyUl50/12a222q222c1121113c032t233s034q124s0221135r343s031H144t232L441H053t052r014Z022H163q123J064s051L073s0232223r152H161J062s025t2334024411431134133K034203230314162H0252034L083q026201610351041114211512145r155r14323444256r236t135H082q025J072q142a393r032c084r024c092r065r071L046r074t144H085s0?players=adrear,Ext4ur&colors=blue,red"
922406942,Rivals,GG Rivals: Season 1,GG Rivals S1W6,86771532,88813461,adrear,Ext4ur,2026-09-27T14:00:00.000Z,"https://www.carcassonnelab.com/#/0/0/pyFx6rZ33BGSQDlbBKzlFMyQf0W9iPOMp2JqRSojuZygGr-DQ1Kr7j4/12b1211122r12232313113Z2413012101333423142a1514043b053b023H224K125J263a0153262c023a034H022Z132b135J026J014a027J022L2142272c0172045K1241043104414331055H024s0523044L2611223t065H064J063L353J0624033Z1532074K06310161064304521351054J282a266H121H032r134q092c1542083c025r132H0362042J473J02530?players=Ext4ur,adrear&colors=red,blue"
922408091,Rivals,GG Rivals: Season 1,GG Rivals S1W6,88500055,93792706,majkls,butron72,2026-09-27T14:30:00.000Z,"https://www.carcassonnelab.com/#/0/0/q5zcM6CfgpgSy7gngCLxqQ6SgM44yzsQ7UoUx5VNFT7MKGlYAzyQrVL/121112a1133122a123a032a1142042Z02120233122q113b51522162021J0262152c05110224131H2312153a041404210321032K123H0433023s13630254054b2334014Z132s364Z022L1344233t065b063c46132273124q333H055Z3281075Z073Z076Z041K045a272b074a042H056b251J043K182a153L054H0711252K064J162J063K046b424b044b0442065H0?players=butron72,majkls&colors=black,red"
922460898,ETCOC,ETCOC 2026,Round 2,11778383,99608692,Peppinho,dayvillage,2026-09-27T17:00:00.000Z,"https://www.carcassonnelab.com/#/0/0/p59-YJ6ZbfrK9hwco00nOGRqBawC-h2MNjsRXXVbk0eNtN1Rb45V7y5/12b222a122s123a2123133c0224213Z323r124b0132025c032r135Z4234034a114Z036b345a122L02410254024q115b1142031K0332134q0431235s233t144r044103411423035125221212154424520311045t0151253416211614046q055r0161426c043s016a27140323172c044Z026t0364256q0644062a0413063a043Z2653047q164a046b4173366r127Z3?players=dayvillage,Peppinho&colors=yellow,green"
922461898,,,,,,,,,"https://www.carcassonnelab.com/#/0/0/p_cgM3Cj7ah_5VPb_3Sh7uhScdGoPM8a9pI7peNurgB8Zj_0CFh0y9g/12b222Z121L12112312223a0322233Z0122013Z234Z214a035Z115a222L0223323K2333336a024c032H133L126c045a022s034J131L041J232s023t346b043c042b052Z142K0512024t12314421344J025s016b34320532037a324K033r235J027Z0611038b025L01442622226J0631039a045L0162062c0643155K027K326s056c043L036L07442721042r22612?players=Quabatrarz,barry10&colors=yellow,red"
922462898,ETCOC,ETCOC 2026,Round 2,89523610,93748701,Noasca,Helge_H,2026-09-27T17:00:00.000Z,"https://www.carcassonnelab.com/#/0/0/o0ZnszuEWCqMnN3ePHuYDOmyTDMNki-eX7RkMnkYyfvlJu-J-yDwhTx/12b121202242122222c122t221K332r323q022H2232042r1241232K041K133t051K013c1252124q034r233L4354023J0141423a252H024Z134a125Z032a353J015b0314224H025r042Z054K161J055K043b063K056H471J044Z034J073K144H014Z0261216a335J026c125L026r243J3161081L245b03630333065K0374026J055c066K045K174J017b091J042H0?players=Helge_H,Noasca&colors=blue,red"
922466798,ETCOC,ETCOC 2026,Round 2,84461619,94032736,aibj7,jonben9603,2026-09-27T17:00:00.000Z,"https://www.carcassonnelab.com/#/0/0/qYBhYXmA6nqsPMvcLobqDYd3bUidm1BCu0d_XEeT0B_HsAon-E7Z1jg/212112b213Z123b023q014a124q134r121H033r025r243t4312053r022K032s132K1221123L0233133J142L143J052L141J024c034J062J0133035H025K061H324J0141144L13340154053L145L0241043104414423251J436K063L255J125b031J064K14122521145405511352156215140363165J1371037K056L215c042r147J061223220624034b132Z052r0?players=jonben9603,aibj7&colors=yellow,red"
922468798,ETCOC,ETCOC 2026,Round 2,92870188,88984406,Piccione85,Modig fruktsamlare,2026-09-27T17:00:00.000Z,"https://www.carcassonnelab.com/#/0/0/o0cSnhxfVGwzhk2FfPtivx-G5otpB3xuDvwjlenlYMQIC-34-jOZxnn/12b1212122c021J013a223c114Z122q332Z224t232r225s033r424b125a126a116Z133Z117b035Z045Z034b042a0413044a1511052b0222036c334r115b0322037Z218Z026r228a146Z028q053Z219Z054Z029a047b456a135s162a136s12Aa038c0521045r022K031L02330134039c366c048c041H042s046q247s065Z063b032H052s033H253q055q076Z044q0?players=Modig%20fruktsamlare,Piccione85&colors=red,yellow"
922472943,ETCOC,ETCOC 2026,Round 2,92870188,88984406,Piccione85,Modig fruktsamlare,2026-09-27T17:00:00.000Z,"https://www.carcassonnelab.com/#/0/0/qbnSC23L9kp1WWIEtXHzqy5of2B4lKIkRZrAyukCygfMWLaQlua1ks3/211112a222t213a032q042r021L233s014c024r041H052r0221023a043s022Z032Z133c025r235q234a244c244r235b025a036s046r0322142a1332152a14340412053a051236132524063a1124154t2234073c064c072c022J03430132045Z324b043b223H2243155c374Z175c026a015c016c217Z027r082Z026s032K155r033H456c027Z1621036a346a128Z0?players=Piccione85,Modig%20fruktsamlare&colors=yellow,red"
922475006,ETCOC,ETCOC 2026,Round 2,84461619,94032736,aibj7,jonben9603,2026-09-27T17:00:00.000Z,"https://www.carcassonnelab.com/#/0/0/p0EeLtuKFErYJiZWUyEoJm3djjbsY7p6fjJl1JtOBNZIgbJqBC9gEyo/12b113Z1212221L1124122c0314132a432314242221042Z033Z043323311133134Z123c044a114404120242024a145a05120534054Z053Z063a262Z325Z023H052c1632043b04410522014c073a283Z155b384b093b094Z095b085a0A4b06220612286b0B4Z074b2B5c475Z1234123q087Z282Z2341172Z131H0713088b024s08132821122H124J4A5Z115b122t0?players=aibj7,jonben9603&colors=red,yellow"
922475639,ETCOC,ETCOC 2026,Round 2,92870188,88984406,Piccione85,Modig fruktsamlare,2026-09-27T17:00:00.000Z,"https://www.carcassonnelab.com/#/0/0/qpfz4sPLi46eiDMAEGkcqWdbHygioMZAgqDaezvbDXe7kYugPgN3O3I/212322Z121L0121122t122K2134222312320313231H132s1414032b032H142b033K242313211143224L242K1434033b034H044J025K052H053K0243141J0513225203430611123a026H04420541035413612154042q0454023H0534012b135K027K44630472136H0481033q028H046J038J013b02623172356J243r06242551343K0332044s234a1573216125631?players=Modig%20fruktsamlare,Piccione85&colors=red,yellow"
922475867,ETCOC,ETCOC 2026,Round 2,89523610,93748701,Noasca,Helge_H,2026-09-27T17:00:00.000Z,"https://www.carcassonnelab.com/#/0/0/qZtGKk3YtKnpbRdruN8N9Cf5dFzCUHQ1UzSWTwDFgVjVoEkChnP6qfL/212122Z121L412Z2311013b2223022J131J023L214Z2133224c025Z134c032Z0414433a141H042s242H11431243142c02520422252a15240512143103520151253a044a062a04431343035b1614243b054c145b1364046a0374054104510471064Z074b073c023c424t0484163Z026c032K2164023t164404911171032r126J333s136Z152r3382052L0261153H1?players=Noasca,Helge_H&colors=red,blue"
922477054,ETCOC,ETCOC 2026,Round 2,11778383,99608692,Peppinho,dayvillage,2026-09-27T17:00:00.000Z,"https://www.carcassonnelab.com/#/0/0/py95di4q_sCOsG0-9H8HUPQZ9a9EW_Xo4_XTilVKntuQGvaJPjKUvVP/12b122q1212113a114Z423a015b023q224b233r025r032t134r026q044t142r036r134a154r222a164r0221021L031H122H033c043c044a123H032c024H03110414032J025H046t05110422042K1524252b035Z2623241H037s036b035r4132053s056r051H146Z033H145a027s025c117a047b056Z427c218Z0534061J366r134J055c257c047t358c443t21441?players=Peppinho,dayvillage&colors=green,yellow"
922478718,ETCOC,ETCOC 2026,Round 2,90206175,84450915,barry10,Quabatrarz,2026-09-27T17:00:00.000Z,"https://www.carcassonnelab.com/#/0/0/qHgkugJGQdkAbSFNNMfaE1MQipK-oMeHDvtA72HSclQ9WHnpU4edOeq/12b4123122L013b1212214Z0314024s022s125q022a1131024Z035q232J236s046t137r227t247s026s145r057s228t155r034a016c067q066t233Z126a048q136Z217Z137b035b046c245c038c028c344s043a042K138r129Z033H043H042Z031H027b052H049q053J041H229q142t052q032s154r364s174r033q056r062s215b347a12342321056c159t044b1?players=barry10,Quabatrarz&colors=red,yellow"
922480311,ETCOC,ETCOC 2026,Round 2,11778383,99608692,Peppinho,dayvillage,2026-09-27T17:00:00.000Z,"https://www.carcassonnelab.com/#/0/0/q0BZ-day1-ykgW4oCcf5UM1K-QQN_BBGADBop34ZU0ExuIyQ16h0fbv/121112b2134122r123J0223124K2211321J132r022J142r025H2311132Z134K131L033L232J052r023r0321042L062q21542332153r061L024q063s026H035L045J072r036J01421343122Z023c027L4432125q037J355H254J015a225c44120531035r0354044L0634033b028K4234014b247J016a065H1162053K066K064K038L276H274H086J041K267H04431?players=Peppinho,dayvillage&colors=green,yellow"
922480687,ETCOC,ETCOC 2026,Round 2,90206175,84450915,barry10,Quabatrarz,2026-09-27T17:00:00.000Z,"https://www.carcassonnelab.com/#/0/0/pbZfDFI83KgWPdwyr4Oso3f-GHLN5ycF1LlMVq6wM3PH18VXJi-fha8/12a121112231311113b214Z023c023t122q133r033Z134q024Z335q024r021H432a334Z125c025q144t026s016a022b142c252b431L245s041H043b217b042r351K143q046r044Z152J035Z055q026Z153r0511453J032J043J062Z061J2322062q0521363c027c063q1413071H064b081J063H254Z062H044H245H054K055a033L134J024K222K091L082r042L1?players=barry10,Quabatrarz&colors=red,yellow"
922490259,ETCOC,ETCOC 2026,Round 2,94546376,85298294,trinidadec,Asx3t0s,2026-09-27T18:00:00.000Z,"https://www.carcassonnelab.com/#/0/0/qoNqqbSphrh2yCE1PzaHt0YSZF9YTqWgjnSF068nU6PbOkuWU-xumoA/211122313121322112b2412221K0421022q25140121131L2132241L142a243Z132c0234123J032J0143142r022b123Z1433033404430521151H0453113a04620472052t032r0533033t0241052J042J133Z0541123s561J071H162r0151263q1343134q273q064r0351124b0613262K254s0711155r0631025H045t163K0723173H044q1163024H0824073118111?players=Asx3t0s,trinidadec&colors=green,black"
922492159,ETCOC,ETCOC 2026,Round 2,83909717,84649897,defdean,Karaboudjan,2026-09-27T18:00:00.000Z,"https://www.carcassonnelab.com/#/0/0/qev7AtqdsfHKw4Y36k0-YmxLfClxeZrL3xC2np7Gk5K42zQ8YmiKbjb/212112b2312113Z122r1221121J032q122L032H133q023c124b022Z042r123r032b024r033Z1412042b212103210421152a241J025Z125s0524053Z015a035c043q042L052t052J143L053K054L1232055H023K0433045a034s133L0621162Z024K144J0614044a053q026r035s0133056J0332034a054s066J12430722331K416c265J236r146L246q347H347s2?players=defdean,Karaboudjan&colors=red,blue"
922492259,ETCOC,ETCOC 2026,Round 2,96490976,84642763,kolpn1k,dark_passenger84,2026-09-27T18:00:00.000Z,"https://www.carcassonnelab.com/#/0/0/qHbCzz6Zs50odKSE0s0D9Fs7ok781c1aj99126bwmsZwgSYE6xwxQJP/12b4123122a1131023Z023K013c022r11442232332a0242033J1154132J043L231K025J042K053K0331124J022H135J026J244J045H232r0161042a155H252c046K042t462a227L037H123s143q3613036J054H065L152r047L314a148L157K149H041L238K058H328K253s2253124q021J039J134t025q263b0713073a024a364L125Z274K234c126b1314163L2?players=dark_passenger84,kolpn1k&colors=yellow,black"
922493059,ETCOC,ETCOC 2026,Round 2,89754915,88279013,Carquinyolis,Navarre79,2026-09-27T18:00:00.000Z,"https://www.carcassonnelab.com/#/0/0/qfMnFGPTe9c-ZHkSoTbABi184lzHK9XXK7wVEVGM0M1npYiuCVV3ozV/212112b222Z013Z422q11220133122L2313032K032s023H142H2222143K032c044J241L152J014c034L13220141033a262H024L261H0234135H2243024a015b02522333162r0353052s063q1453064s04133444242b2434023Z252Z05322523043Z134c035a331J045a224r055c116Z045H054s046a055t023t1343025L226b042q1421143t056b254c073t244t0?players=Navarre79,Carquinyolis&colors=blue,red"
922493159,ETCOC,ETCOC 2026,Round 2,84375106,97707371,zaharik,Ste-fa-na-kis,2026-09-27T18:00:00.000Z,"https://www.carcassonnelab.com/#/0/0/qZBUE06Roch3PAgjReKpTlYoDoL-LCUtSKrqGfosOydSw86iBk18Mfp/212122b3123122J1312023H012c2221122r023321322241213Z124J123t023a2254215213530262032Z03310361314a0454033K0164021K343K234H344H031H232s224s0442233b042a024Z025L043c026H1324115a0374036J025q041J4472053L326r054L034a155H1411052Z0141064K332H163J233r265H075H145H076H173L035Z043q052H183J162H074J0?players=Ste-fa-na-kis,zaharik&colors=green,red"
922495059,ETCOC,ETCOC 2026,Round 2,95498212,85609929,ErDeIvIt,Mermadin,2026-09-27T18:00:00.000Z,"https://www.carcassonnelab.com/#/0/0/q0pfN6zZu64FVuWfw5AW87mjhBW0xEfjmdO0Kyc6hub16Y7BTt_5XBl/121112a1132013Z123311411242021H223J224J13440153122q02124223033H022J0322323q1251024q13140261125J0412132q125q126K142Z034L415c0161026t035r043c033q136r344J01741181222Z228L0361036H053b0273138K031H232L144Z054Z042q039H237L229K214b034r045J048K043J1371043q053L2461045t0282063J247J064c1191149H0?players=Mermadin,ErDeIvIt&colors=yellow,black"
922495159,ETCOC,ETCOC 2026,Round 2,94099302,97730565,Spitki,Loukasnks,2026-09-27T18:00:00.000Z,"https://www.carcassonnelab.com/#/0/0/qn7SaN--pJGCBBvcQ95RBHXPEeg5JUqA_6uG3OpFZx3WaSPbsmL7wzl/212322Z132a112Z221L113b231K214Z122s122K223t133t032H043r034q042q253q01221314042L135t052r042a125s033K123a452b043a0411044Z034Z044r0323145Z2422015b062a1222172c023427140611272208131913173205220A1108210A2412414434055Z09240932046b036Z226q056Z023H027s043J051J045r162s0941024K0A41044L024r057b0?players=Loukasnks,Spitki&colors=blue,red"
922497159,ETCOC,ETCOC 2026,Round 2,85577871,84480720,bazilyuk,bs12,2026-09-27T18:00:00.000Z,"https://www.carcassonnelab.com/#/0/0/pzEitFpLz7oQWZonAvutSV90y3BFfJ6OaHD16hHpArZAWP5Pw87pZyu/12b122q122b213c214a023r232c242a12112221423114110324143b015Z233r016a043t2332153s017Z14330241063r262t052r018b027t051J254t132q073r0251031J0311032J1344074r064t127a065t037a022L142q142L05120422352c141L133Z272t233K053Z075s044Z1532145a4544184t243L194r261H1642034c055t044q138b185r055c324q026a2?players=bs12,bazilyuk&colors=yellow,red"
922497207,ETCOC,ETCOC 2026,Round 2,100653161,85191103,Somnis de colors,Leuschi,2026-09-27T18:00:00.000Z,"https://www.carcassonnelab.com/#/0/0/rQ3cAAWT9i4aXzOlnAWObDsr17mf2RlSETV8btI4oqoAm2aM-MAj-6v/12a122t113b0211223Z021H231L3124233Z022b1131023J034Z1312041H035a024K225a014a0411024s132r225K134q026J042a133q0141027H0234024b022114240332051L115c161J243c071J245a03231242125q046Z053a222J281J0511043r452Z054a056a135r066c032K165Z063c034L462a047c044q062r352t163q042L333H245q262K072b072t153r0?players=Somnis%20de%20colors,Leuschi&colors=red,yellow"
922499059,ETCOC,ETCOC 2026,Round 2,84504432,1259869,senglar,yzemaze,2026-09-27T18:00:00.000Z,"https://www.carcassonnelab.com/#/0/0/qdfsnLU0skWe-fqrUs8L2tX0EgUugbXAy0S5wewg6dqPhv_kZg5K5Mm/212112a122t113b032q023b223q121H424Z1312232Z1223133q1414042r034Z0424024q125c015a035Z014Z331L225t033a322J143122340441022Z123L135r033J0122124H0142015302420452154405540463134H452r035212510263053r035J1132036K0162026H034r0331044r237H3172027K047H128H4471038L157K067L032K068K2533244Z0574058H0?players=yzemaze,senglar&colors=yellow,black"
922500306,ETCOC,ETCOC 2026,Round 2,95498212,85609929,ErDeIvIt,Mermadin,2026-09-27T18:00:00.000Z,"https://www.carcassonnelab.com/#/0/0/oqlPtx6aUVUDl8_G1EMoFEul-3lC4By8xDROMm5r2p5k3o8sEDx3Da1/12a212201311221222Z022r123H032s023r122J221323133321242q133q241H1422331L321J1234113b024q224K443r044s054q0142034s025J032K1154045s055t0331023b064r035r126J02420343125t032a224Z3442034L1412033c027H0164042b415a2262014a043a336s465r426q152c152402720622062b053215140542046t337J02840171244H13744?players=ErDeIvIt,Mermadin&colors=black,yellow"
922506158,ETCOC,ETCOC 2026,Round 2,84504432,1259869,senglar,yzemaze,2026-09-27T18:00:00.000Z,"https://www.carcassonnelab.com/#/0/0/rAT7nMj0hfaO-X6o0KyRuyCInHBloeNYUmCqrIncMBecMycLyoKC-7h/212122Z121L112c222H323L022r11311232113Z02241143132114221334032c04130151224405212313123Z125L233b035K034K062406120434033H3123132K142Z362b272Z363105311714036H0512045K063b324b352Z123s055J034b024L233r053a146J037K047J0163127L048J2543038H028L05521723143K144c054a073Z029H117212AH364Z056102620?players=yzemaze,senglar&colors=red,yellow"
922506167,ETCOC,ETCOC 2026,Round 2,100653161,85191103,Somnis de colors,Leuschi,2026-09-27T18:00:00.000Z,"https://www.carcassonnelab.com/#/0/0/pW4mNLp4FL5VW6Xj_9WTffMHY7MV3Us7JOet-atmYPmFOOxxFkPhrII/12a122a1212123b0312022s133Z023q2413242b352Z043Z013b132q014Z231J024b025Z1421033s04323523033113221232262a15121342253421230631172b022J0443034q182c015b0614223L025s034c324H2141433J043L0132044H0354025306431261234J042J0164363Z053L0271026J435Z025J145Z016Z073Z0363027H054J228H455b026a052L02411?players=Leuschi,Somnis%20de%20colors&colors=yellow,red"
922507756,ETCOC,ETCOC 2026,Round 2,94546376,85298294,trinidadec,Asx3t0s,2026-09-27T18:00:00.000Z,"https://www.carcassonnelab.com/#/0/0/qJ01KrUgXmTSkvdB4jT1Qe7FXlqa6zdi2TRzwyvPcLmFrQXGWQMhavx/12b413Z3123122a1224022t121H431H232H033K1132041L123402111322134H0422051J252s024J262q061J0331132a0344023t024123121442225325230532214106340544042s2452343q04620261042J0411133a132s023a024q034r035q143b036s044s1563034b152L344a043H024Z062K145a0363053L2514025c052Z035a046t054c072H0621023H07323?players=trinidadec,Asx3t0s&colors=black,green"
922511214,ETCOC,ETCOC 2026,Round 2,96490976,84642763,kolpn1k,dark_passenger84,2026-09-27T18:00:00.000Z,"https://www.carcassonnelab.com/#/0/0/o5sRJ5cCii_Mn4o45f9SCE-zROEmrKKgEyVS36C_HOJDYFnweYKv-13/12b1123122K113a023H033K1224122c021L022t1234043H214Z113102110143124Z023s032H1313231L315Z241H034Z042q033q043t116c0331026r017Z224K134s434324330422023a152s024r1351035b044Z033Z0532244K142K353H0632132c043c0641032q16212734354Z252K055b042b253a063H064J073J062K165a275c172L474a071H281H0721163a1?players=dark_passenger84,kolpn1k&colors=yellow,black"
922514742,ETCOC,ETCOC 2026,Round 2,85577871,84480720,bazilyuk,bs12,2026-09-27T18:00:00.000Z,"https://www.carcassonnelab.com/#/0/0/q2SAItRWCmBy76B1XT3g-At1kGTV0F5S4CdrA__uupAUA5NSD4fOrLu/121112b2212222H222t132J032s22221314042H221K441K022b133q413322341331033L043t123t124r013Z0431224203411414023c034s0423453304420352025q4543014Z0323223H0644332Z2552265105123664014101522363126304630471052J053K024Z0271031L162H251H2612052s1572362s3162063s161J0563042a143L171206310251025Z344H1?players=bazilyuk,bs12&colors=red,yellow"
922514911,ETCOC,ETCOC 2026,Round 2,84375106,97707371,zaharik,Ste-fa-na-kis,2026-09-27T18:00:00.000Z,"https://www.carcassonnelab.com/#/0/0/p58g6Wf4_moFH65wkfIt5S1wxOrViZJejXh4gpUSclNUxfml9ANQcQ_/12b222a113Z222r123a232a11231131014a022L124r015Z114312441252224H0152025s035r1354145s434t026s4224046r242Z044r054t143r025c042r032K032q031J053q123t233c021L052t064t174t055s165t075s162r236t272q037t156q142H057s284r263q282q085q027q083q1343086t233L095q0331093t094r0A4t1B4q1B3q034J0C3s03110B5r0?players=Ste-fa-na-kis,zaharik&colors=green,red"
922517493,ETCOC,ETCOC 2026,Round 2,83909717,84649897,defdean,Karaboudjan,2026-09-27T18:00:00.000Z,"https://www.carcassonnelab.com/#/0/0/qeeJAXIRL4N7sUcRmvNmEV0xNy3tiLgQd69Qj2uBT8TRbg4nCh9m9Nv/212112b112222231322022t1233113Z122J032q031J123L033K123r032J023a042J033s041J124q152L434q143q014b051H0313024H043H1132161H252r053K034J054K235H063H2331055H244q062s245r044L225q071L0421035t072L036t025H0241081K115Z021L182q162J154r1152146s2414026K332Z064J116Z074L092s064r2161083r1143024b155r4?players=defdean,Karaboudjan&colors=red,blue"
922518063,ETCOC,ETCOC 2026,Round 2,95498212,85609929,ErDeIvIt,Mermadin,2026-09-27T18:00:00.000Z,"https://www.carcassonnelab.com/#/0/0/pxQKZWSMoe82qHRh2h6JU9FdPRuqAkGr8tkYBqogZr2z9xqw7xkJ83h/12b1212421L1122122Z12220321022r132a113Z142Z033c04140234122L0131032L414b024Z242K0514015Z133H1143024t016b225b023K135a131K032r223q034b017b026b227r234J0244043a027Z045c018Z124H1253025H026K02610163041K03411442019c129c429r043H02Ar22AZ033r252H033222Bs062J023a434s01Ba053L128a036a244b263J046c0?players=ErDeIvIt,Mermadin&colors=black,yellow"
922519310,ETCOC,ETCOC 2026,Round 2,89754915,88279013,Carquinyolis,Navarre79,2026-09-27T18:00:00.000Z,"https://www.carcassonnelab.com/#/0/0/ph0scCdrON4E6U72h9h-iVU2qPT6vYRscnJYLCK-pH682b0e39qgKwp/12b122c4212132a221L223c131K033Z334c143a324a022H035Z213Z136Z114Z126Z042c022q045c053a154c025a041L264Z015b142r024q046c042H037c025s232H338b035r128b052J051K062H018b2123126r019b061J539c0131053K023q047a033t071L217Z123J0142336t124J0234048a156a033J145r129r044q434L146s058Z043q059Z237s052s11530?players=Carquinyolis,Navarre79&colors=red,blue"
922519960,ETCOC,ETCOC 2026,Round 2,94099302,97730565,Spitki,Loukasnks,2026-09-27T18:00:00.000Z,"https://www.carcassonnelab.com/#/0/0/qJLrGaqtwAbKp_2X1QxdJEzjFn3ZGc6kCzngRrf0GNdxX_sqjQrefXw/12b421213131223222r122Z2411023Z1124024b022L02320321113Z151103331612134c0133225c832r0434031J014b123r115c0711162a214317231151024s1253025K323J0241044c23420532045a05422731042s03540552064424410631335b24211262352211620361233r15630174054Z0181216a034q127J03730282043t125q072c02940822236Z044r0?players=Spitki,Loukasnks&colors=red,blue"
922525411,ETCOC,ETCOC 2026,Round 2,84375106,97707371,zaharik,Ste-fa-na-kis,2026-09-27T18:00:00.000Z,"https://www.carcassonnelab.com/#/0/0/pxz1Mi8LMLapbP83FezA3X7ie-memyG7GZ-DuFZJTqkl9CxnUEuejL7/12b1212122t123q132r021H422K133r02221312024q013c0324033404330121122b1414034q132J0134133J242t342J034K224J035K114Z236H042a0423152a051206132621225s044s032Z026r033a052216320233053a245q024Z031L0644043H21443441026H1242046r162Z2162046H023H244K15431263025K1252243t0451154L0462347s0354157t255q3?players=Ste-fa-na-kis,zaharik&colors=green,red"
922528243,ETCOC,ETCOC 2026,Round 2,83909717,84649897,defdean,Karaboudjan,2026-09-27T18:00:00.000Z,"https://www.carcassonnelab.com/#/0/0/ostkmVucpoE1IRCPeE27VVx6nZuQkQO0OOYPpMDdFe6nOeCqMwYsrc7/12c222Z122r023r123b033q124r124Z033a125Z114c315Z032b1213243a021J031L232q125t135t241J042r234a116a052t353q342Z03110321151K144c053c045t063a044r026a0421062c052a035c127a036a064b043r1611074a046b084a265b085a066b045Z076b072Z156c2121294c467Z183b3222093c282Z2621046t0332055q0434192a437Z128Z036q0?players=Karaboudjan,defdean&colors=blue,red"
922562873,ETCOC,ETCOC 2026,Round 2,88094750,85573257,Jadiema,FanaticalLime93,2026-09-27T20:00:00.000Z,"https://www.carcassonnelab.com/#/0/0/okSs6kK8n2HXzyooWX82K9zTcBBvllabLQdDwvVBQorsiJDos5HjoTS/12a2211221L1222022t0322131K231221241414032Z132q1232142t213c023Z133b043q4133024b053r142b1332052a054t153Z063c044s222L041J033r134q155r135q063r034a044b036q156s037s273q064s166r027q038q046q067s248r065q276q447s274r086s075q083t228t043Z068t529q064Z058r377q017Z316b054b025s078t019Z174c087q073Z0?players=FanaticalLime93,Jadiema&colors=yellow,red"
922564973,ETCOC,ETCOC 2026,Round 2,87209664,84678716,squallus,ted the notty bear,2026-09-27T20:00:00.000Z,"https://www.carcassonnelab.com/#/0/0/qH9ym1ixyGwN8t2oulDqCfiNuEfYNpILCiajxaGtJLSIVucjwCrLaIT/12b42122123122q222a1314023r1224233t0231213Z0322132q224121312251314c121L223Z422H434t0141124a0152024J03321422031K134H0413033J0513224s15240534141J243q033Z053r025Z142s054t064r035r145t042H044r152J0342146q055q04430351036q015a035Z016Z026r037t06221454032H055106111654047q126c251L061L052t117b0?players=ted%20the%20notty%20bear,squallus&colors=green,red"
922565873,ETCOC,ETCOC 2026,Round 2,91058875,94433733,Una,Lord Terrycloth,2026-09-27T20:00:00.000Z,"https://www.carcassonnelab.com/#/0/0/pRcwJjbpKygEIZk4vC4gSqUv6eptSHhKTyvXHysg1csRN8k5s6ZP7bd/12a122t121H222c1123023c133a122K213b032r031L123J024K034J133K1131024b422403232312032K2231043K035J234a2144044Z025H245b0151335c114a4331026J044L123r054J341J127J036K032a042Z042H045J3241352a053L152J063J33430512046Z1253055K064L042t037H152q3352253r4421362r0432043r061H025Z1161065H056H057K062K0?players=Una,Lord%20Terrycloth&colors=black,green"
922568773,ETCOC,ETCOC 2026,Round 2,91128164,85237858,Gat79Lux,statmatt,2026-09-27T20:00:00.000Z,"https://www.carcassonnelab.com/#/0/0/qrBS68r4JUabLdCsekIZGRxa5L-VXDVIU8g4hjt-Mbi1-cvzDNpJd6M/21H212a2123122c022t113b032t1222113103230213222J132K042L2312032c131H342c1233123c152a04240512214Z262b242s041H072a151J015b024t333c153a0714034r1434025b05210611034Z043K123s144c0442053K0413033r163Z343s152q164b2452033J235Z044H045L044q053s025r055K045Z162s0141454t1622065c263s154c02430544054J3?players=statmatt,Gat79Lux&colors=yellow,blue"
922568873,ETCOC,ETCOC 2026,Round 2,85089263,84972043,viv-,LazyBore,2026-09-27T20:00:00.000Z,"https://www.carcassonnelab.com/#/0/0/p9f9vlJpx7l1W_CP4VW3-QZ0iuvcuSIgkRdg20wkL1uqbIU1m3EboIE/12b222a1121123b1212232Z021L422323142321142Z2411022J1421143c031K032H142K0512032q241J052b26130332023K3232071225212814033r0621134q072c024Z0632034a11311432073a053Z054a135a035t245c0721113c045q022q323s142q163b046b055r036c025c351H237Z027Z017a016c036r015c226q043s052r153s163t473r1733082a144Z0?players=LazyBore,viv-&colors=yellow,red"
922571524,ETCOC,ETCOC 2026,Round 2,85089263,84972043,viv-,LazyBore,2026-09-27T20:00:00.000Z,"https://www.carcassonnelab.com/#/0/0/qROuwx3mJtoC1aHxuyB2yCeqD0ouioYzm_VPb5_ghPGkVu9A7NTe5AS/12b222s1212223r2121024r2311033t132c013Z125r223b024Z014b243t115c042q034b253r0133141K131K052s126s3223144s135s033Z227q344c0323363t136s162s037q2411133213410242043215110141023H254q052b1534024J053c343a0632045Z262Z15220542022K163a073c055q0252017a027a272c018Z125Z1612047t0713126a036Z256q046a0?players=LazyBore,viv-&colors=yellow,red"
922572768,ETCOC,ETCOC 2026,Round 2,91128164,85237858,Gat79Lux,statmatt,2026-09-27T20:00:00.000Z,"https://www.carcassonnelab.com/#/0/0.4/qgdjUgMVMfW4nQdZQ49JJCR3hVjJAWdl7YlwM2iOooDAP4C2vk6Agtg/2121313012b42231231022r12422123022Z0132033114311412044315132451052103530614032r013Z132c114Z142t015Z152Z021J042b1324016b026Z036a2712243Z3811062a331J022J1914232J124q0823041H023H251L242H024L034J143K0142072c253K127c037a028b018c244Z163Z147a154L02511544026s028r09240364225q2371564b16221?players=statmatt,Gat79Lux&colors=yellow,blue"
922574162,ETCOC,ETCOC 2026,Round 2,88094750,85573257,Jadiema,FanaticalLime93,2026-09-27T20:00:00.000Z,"https://www.carcassonnelab.com/#/0/0/rOCTogFCx8kS0Ej4cB7twipWD1qxyrElX3i_QJwjZ4pZKvFNdx8oTPR/12a1211213Z122c022q1123121L1132022H232Z3312522114130321031J033b142Z2511114Z1141224103321252141H44221154042K025K015c024s042q0524053211640634234t025r035H033q026J034J043H06223234026s024Z327J123Z116Z417b2171025Z053H0642143c3611362b1712253Z027a254b22722352032r0361072a064a473b027q044b074b0?players=Jadiema,FanaticalLime93&colors=red,yellow"
922577724,ETCOC,ETCOC 2026,Round 2,91058875,94433733,Una,Lord Terrycloth,2026-09-27T20:00:00.000Z,"https://www.carcassonnelab.com/#/0/0/qUhqCmioz-3z3vxmA1AZk1P6FFg8U74KxVqeHhHOqq-BNBejCafl-a0/21J112c113c122c123t324q214a125t323Z134t331K332q024b035q133b022r034Z336t246q043Z025Z042a042q043s253Z053q354c22130414044q352Z145r037q047s055t044a427s063Z363t062q015a016Z026a136a261L072t051K046c457s056s064s066s055Z273s274r075q058q173b064c074Z037Z038a032b176s183r235b117c245a068q026q167r1?players=Lord%20Terrycloth,Una&colors=green,black"
922580499,ETCOC,ETCOC 2026,Round 2,87209664,84678716,squallus,ted the notty bear,2026-09-27T20:00:00.000Z,"https://www.carcassonnelab.com/#/0/0/pghN5v2n0heU1taouT8X_xfIHeNR8OGcf2l8oL56fI3CugJZtv4DutH/12b122a2212332b242a043a022q133a223s033r113b244Z114Z234s024r143s135t053c044q142t015b045b253q255a154s1312056b225a466c052c062Z0611135Z0411045q141H04240621055q034Z1722116a031H065Z0322226q876a0521052s036s123Z037s0434263b256t054b157q047t066r077b087a046c072b2224073Z064c0533117b382a127t064r0?players=squallus,ted%20the%20notty%20bear&colors=red,green"
922582610,ETCOC,ETCOC 2026,Round 2,87209664,84678716,squallus,ted the notty bear,2026-09-27T20:00:00.000Z,"https://www.carcassonnelab.com/#/0/0/qbCOvz9WPyK-IXu2XZvyarf3vfB3c55NxxZ6cc5q8Us43G5xEXZmeHR/212112a13110221232b022t223q224t014c015Z025t133q2412234s021K0322031L1232122K044s033Z045q0334124Z0341013b0511026s046r0243152Z132J233J032r023b242H042t052J051H036r141J061L171J062s072J043a234Z253c353K272t063H064K263b034K062Z156t072c042a354H0612244Z073t055H482c045Z083b054a083r043L2522037q0?players=squallus,ted%20the%20notty%20bear&colors=red,green"
922583003,ETCOC,ETCOC 2026,Round 2,88094750,85573257,Jadiema,FanaticalLime93,2026-09-27T20:00:00.000Z,"https://www.carcassonnelab.com/#/0/0/qBUm_gYPTBWmWaovsnlovchGvV3rhVJAKkqUjg-Z1wqCN39uS1ey1NL/12b221J122s131J022a132a123b042c013Z043Z231123232422014b052a044b0514234b052102110332053b1222112316120134123q063c024s2144023H022L033K035Z143J041K044J151L434J054Z14120534254J133q0342045H0441232q1452025q325a3552024a034s173a0564074b062b015Z242H1462016a235r026r075Z027q065Z6234055a1474245c2?players=Jadiema,FanaticalLime93&colors=red,yellow"
922594440,ETCOC,ETCOC 2026,Round 2,91128164,85237858,Gat79Lux,statmatt,2026-09-27T20:00:00.000Z,"https://www.carcassonnelab.com/#/0/0/o8E3YbHfO9LiherrkXmgD3ZPeL2k96siZZHJqxSiLe98vItYufbdHkf/12b1212121L222q031K0121132J132s023r142s042K043t222c032a2224213Z124q023Z12320131033K133b0241042Z0413043c0321024b022H04223524034a034H0532025q234r026q153s041J214b151L324J044L225a053Z544a2341363a052b052H035a236q064a045H246H045c4332026Z233r327b143J117b053L055K027q3512128s136c163J246a06111?players=Gat79Lux,statmatt&colors=blue,yellow"
922691484,Rivals,GG Rivals: Season 1,GG Rivals S1W7,93433730,95199738,KR_ Knight_ Realm,Pakshe,2026-09-28T02:00:00.000Z,"https://www.carcassonnelab.com/#/0/0/qfrTX9GZVvBSxk-yLwzmqxL7HIS3YIrRGP-afr9gMqOBfZLQKOn9dzi/212112b213a123t1222024q121K0311122q2124132r032Z042q2322122a342Z1422033q05240414031L122K113405130144123H024J033J0241033a0334043J042J025q1343226t035q152t152K025413510611125K1363015a0452023c0442043s027q051H052c162K124Z063H2154044J3164054J244q0372025c016b234Z036s0261162s041H132H153t25411?players=Pakshe,KR_%20Knight_%20Realm&colors=red,green"
922691660,Rivals,GG Rivals: Season 1,GG Rivals S1W7,93433730,95199738,KR_ Knight_ Realm,Pakshe,2026-09-28T02:00:00.000Z,"https://www.carcassonnelab.com/#/0/0/pPfjGtEf7EDsXU76Sin_IBOEiE5tpm8Z9-Xi13jHOvdZJPbXsA4lxMN/12a1213222Z122s1121123r222L113Z01342143223H024r232a124H12421151033a034t442c025H0233214c024b044t14120314033J24230332054r045q115Z1341032q032H042K043J035J044J0161031H02213442226J045L146J017314312532034a035Z1353144c454L036L027L056L02710181337106340384066K035t164J376J074K053H246t043b065J0?players=KR_%20Knight_%20Realm,Pakshe&colors=red,green"
922696968,Rivals,GG Rivals: Season 1,GG Rivals S1W7,93433730,95199738,KR_ Knight_ Realm,Pakshe,2026-09-28T02:00:00.000Z,"https://www.carcassonnelab.com/#/0/0/qgBAheRIYUOtn_ZhSq32eDUeK9C0RmuN_zwy0INKrOsW2f45O3E6Xmo/2121311012c213c122r023c0412142a021L152b2424243205140532012316322131022L1611062307231322431H032c132r043Z1332122a223J032J26441224124H28240743083401420244233H0444044Z145c055Z0843246b034Z093328512A321B321B220C31024Z025b014a0153056c026Z0D340D410D24054b335b024q025q033a016b4D12026s0231162Z1?players=Pakshe,KR_%20Knight_%20Realm&colors=red,green"
923016348,Rivals,GG Rivals: Season 1,GG Rivals S1W7,88500055,96610271,majkls,Larpaattori,2026-09-28T17:00:00.000Z,"https://www.carcassonnelab.com/#/0/0/qejECn8SgERMUgRJkpCK69BGMjZqIkewsP7AezpD1TMX7aNM10yMBS6/212112b122Z023Z222r023q121L232s124s013a031K014b234q224b044r042q043r022K132Z234a135c223J054s153q2131033q463t133H025c243J064t262q172q173q071J142H081H291L082q065t034K015a261J062H133a045b235H126a343Z016a483r042Z074s052c082K052t136c224J072H1144037c217Z083H051H163K0152073H152K053Z0254074J2?players=Larpaattori,majkls&colors=red,green"
923025169,Rivals,GG Rivals: Season 1,GG Rivals S1W7,88500055,96610271,majkls,Larpaattori,2026-09-28T17:00:00.000Z,"https://www.carcassonnelab.com/#/0/0/pscxyEkVsFdAkWE6Q4G9KnWVqDU_hwMaSYBQhdvWxjKkLWQeQqU2ezw/12Z213a1212323Z033b022c021J0313131J032a141H03220124024c022t142Z025c422H1412232K1511033J015a234H032r122335221231252a0622262c063Z1634216Z225r023L023q017c043b035t034a118b044b073Z054b0614073121320712245Z1724034q064c0821065a09210911019Z281101Ac133r32Ar082Z042332Aa226Z324s126r129a0934124K1?players=majkls,Larpaattori&colors=red,green"
923042248,ETCOC,ETCOC 2026,Round 3,84649897,89533460,Karaboudjan,NataSa23,2026-09-28T18:00:00.000Z,"https://www.carcassonnelab.com/#/0/0/pt6yTZT4L6-LA-6XN8_CFkZBLDtk1pC-7YeYg3W45bSeQmygKu9wlGY/12b113a122a121L123q214a031L115b025q033r034s022H016a025b141K123K042J024K032J134J044L335Z033H024c032c023c0314235K234b13242212044Z133Z025K043H142r0121042231340334026H136H03420432127H145c024s143Z137J035t136Z1522153H3222446c023202440442046J2351322s047c263K01430153064H445K05444551055c156L1?players=NataSa23,Karaboudjan&colors=red,blue"
923043248,ETCOC,ETCOC 2026,Round 3,5770116,98660302,kostra,Fabler,2026-09-28T18:00:00.000Z,"https://www.carcassonnelab.com/#/0/0/oijZ9IrYjtMQiQaNSTk0ClcxmSSKmSzzPAoTeRAe4x-X3q-G-k3Lr5b/12a2123122J223H122Z022t2224232r013a0132024K2212131K1322142s132b043q0332225H014102420434044r234H234q1441014b035q023r0422221K14530152133L15310524041K043H235L254t245H064r025t0411145r055q326r027r036t042H146s042c052J415a352Z232J153b125a2511036K226Z353q351H017b01620613435c1632063b061L043Z1?players=Fabler,kostra&colors=black,yellow"
923045248,ETCOC,ETCOC 2026,Round 3,1259869,88028287,yzemaze,vadzimir,2026-09-28T18:00:00.000Z,"https://www.carcassonnelab.com/#/0/0/qJVmV9WXA2xY7QqtBhrkuEftQSh06ORqAFWc3ID4aUUW-zDfOZhymTj/12b4212122r122a2312232Z0413021J0421031L223c0521122H141J2622132J532t1722023r0514033s142q043t244q153s051J223H052K442J143L0824061K1732062r242a253J052c054H063K233b024s024b071K181H025a082r014a073K233J11231811174K325q0224026q075H11310233027q083L284H1921072q293J06121322192H282L173r043a394L0?players=vadzimir,yzemaze&colors=black,yellow"
923046248,ETCOC,ETCOC 2026,Round 3,88279013,91955662,Navarre79,detraid,2026-09-28T18:00:00.000Z,"https://www.carcassonnelab.com/#/0/0/p4pLFfHAoErnuzPp12FmNY5Sj7kuRQCTGoQdIPpi2PmnAXeN6VaU0fs/12b221L222q131J112211320224323J341L122J142s051L152s132H142J0142124K133L025H2244062q026K135J032q0211045J034K022b2312227H0162044H2412055H236L256L266J032c052L065K062L163H063t02513322064H272J0341064q154r028H055r043q074q065t075H267L053H0331075r274H172t445t229K385K066q284H082J056t057H023s0?players=Navarre79,detraid&colors=blue,green"
923048248,ETCOC,ETCOC 2026,Round 3,85191103,84974742,Leuschi,Ivaks,2026-09-28T18:00:00.000Z,"https://www.carcassonnelab.com/#/0/0/qy-EBsNhlBv_6ckO6FTm7SWGPx9XhA7kro6sgxCG_FNPwvTYNtOiBVH/121112b1212221L113b022s113202230311123b232b024Z142Z022H052a131J062c053a363Z243a223H214a2411164b173a144Z32323333015Z34310423154Z0524022c0531024303410321024K36114251145a132L141J046b036a025a256c047a065Z042J034K083a032q034c037Z4621366a467Z075c084b035b226c123q051414420724657Z1711176b042r1?players=Ivaks,Leuschi&colors=red,yellow"
923051997,ETCOC,ETCOC 2026,Round 3,5770116,98660302,kostra,Fabler,2026-09-28T18:00:00.000Z,"https://www.carcassonnelab.com/#/0/0/qpzh9W9aoy6VLA0v772p7vp9O5Ug7lRvFEwI6fUh1238K9vtFpRGTV3/211112Z121J02221312122H031J023L232q133K024H222c023a233Z143b013b041L023r033s0132125L124q134J032L043J0124042q043s134q142Z035J053c042H114b063Z052Z035t315c052t154Z145r136q0414055r146t037q026q056t047s062c451315212613055Z038r354q316Z028q265q129s22As039q025b019c044Z057s066s244q167q075q417Z1?players=kostra,Fabler&colors=yellow,black"
923052799,ETCOC,ETCOC 2026,Round 3,85191103,84974742,Leuschi,Ivaks,2026-09-28T18:00:00.000Z,"https://www.carcassonnelab.com/#/0/0/p4jI75EFQSDC4aSlkQTwAsmfKUOoAw0UT9dJlwfmlvzmyoCi_5Zj4VE/12b2212222s323s232t124s321L142r0314032b22246322043s013c023a031H132L252q062q3233133b2332042J051K1124141H04310421063q233H023H041405120524052Z043Z022a1611264s253q165r034t055s0244022J024J143H034K014c044r053H162b274t075s152L054J063J045s225J062H134a061J053b072r0144035b076q342c0621171125311?players=Leuschi,Ivaks&colors=yellow,red"
923054475,ETCOC,ETCOC 2026,Round 3,84649897,89533460,Karaboudjan,NataSa23,2026-09-28T18:00:00.000Z,"https://www.carcassonnelab.com/#/0/0/qf_Y_uQptaIGvbgh86nN2ARa6bfNf4KpVsnks3ljktkDDVVKxXBRhTB/21K131H012b1121032q213a222q233r032H022H1212223Z122b0131033K024b223t033a134t041H1144234J0244142r042H1253143H252L253J035H024H023K263L264H073H0262083J0272051H172K0363171L052t028403110381261J034c04610481014c0453024r262s053r04440542384J074L175J0161025a02220473435r043c055315612531165K493H3?players=Karaboudjan,NataSa23&colors=blue,red"
923061413,ETCOC,ETCOC 2026,Round 3,88279013,91955662,Navarre79,detraid,2026-09-28T18:00:00.000Z,"https://www.carcassonnelab.com/#/0/0/qgLhK3lLN_rkMEq6uDq_EsLFKb4TUouDYGrH6etVGkgHRKzpPVDWvwB/2121311122c012c1224113c022s0124114Z221H0321024c015a023r0332033r016b025b14221523043t432r022K2133132H4143123H032Z334q11510243242L124H042Z053r234a041K0162334K052r026J135K027L2264163r044J0364226a13433374017c125J0461136c0473035Z1512037K24812173033L136K1532045L04411614062403540434147K054s4?players=detraid,Navarre79&colors=black,blue"
923064410,ETCOC,ETCOC 2026,Round 3,1259869,88028287,yzemaze,vadzimir,2026-09-28T18:00:00.000Z,"https://www.carcassonnelab.com/#/0/0/qJVc-Ul63NKIcSroMLECBOVJu-OY2yshCaNUXba1Xu17EfKO9DpqJQ8/12b422s113Z122a114Z223q124r034q0123233q015b02222134022L143t142q241J032L023K032q332403320433052t125q162q0532444s135q06310641063s0313072t161J025Z0731054r062H033H036r282r016Z342J152J043K026r231K224J03410141046t126c144L027a245H381K346H137c138Z428b036Z071H135L091J583r0623093t094r3A4q184r0?players=yzemaze,vadzimir&colors=yellow,black"
923064434,ETCOC,ETCOC 2026,Round 3,84649897,89533460,Karaboudjan,NataSa23,2026-09-28T18:00:00.000Z,"https://www.carcassonnelab.com/#/0/0/pvV3SSzbHAq97tH2uo4k5fMlH4hgJ6M74CtAIQRiie4Paz96sqpPJk6/12b113Z121H2123014Z023Z02122314032b0414132105110331033c142a1424024r2232022q134t133q044q0222154r06132522362Z0621123s072c031K17230632143t024c052Z415b042s043a025q16412821026s263Z2813022K22440543032L155301430562065137321714035r0444045r073c0831093207530531246r02512262074a01630843155q233H1?players=Karaboudjan,NataSa23&colors=blue,red"
923069097,ETCOC,ETCOC 2026,Round 3,5770116,98660302,kostra,Fabler,2026-09-28T18:00:00.000Z,"https://www.carcassonnelab.com/#/0/0/pB_LKDp1nEWl-_bg7kDubDRQXKGm8LtFVEv5MMDIOdVaH6-PH4KITQx/12c2123121L12231213013c0312123q122r033r031J0322022Z11310142223H42441152025H024t043r134s023a035J042q0331034H0424041H4414014Z325r233Z042b0523135q226q053205420442144r045t1343132q124Z232b032L236s122H053s363q0431251J062q615a252r037q461L116Z0232046s0634238s456t064s366s0511026a024K065q245K1?players=kostra,Fabler&colors=yellow,black"
923071750,ETCOC,ETCOC 2026,Round 3,1259869,88028287,yzemaze,vadzimir,2026-09-28T18:00:00.000Z,"https://www.carcassonnelab.com/#/0/0/o2RsM3M5N-SELdrjhLKDFoWBdAOTXaBcEHS3j3FGORoUN7LkKs5iFXP/12b122c0212132a223Z022r013a032r021L142c031L143c03140222241L151H242H252s143H032101210411053K153r033r044K232K052H361K2333243q023q122L045J062L124q063L043405140532073K2524044s44240543271H0621183H081L1344072K046H091K074J293H084K042s085L2133692q223K182q095K2232134K3142194K075K024L062q16410?players=yzemaze,vadzimir&colors=yellow,black"
923077687,ETCOC,ETCOC 2026,Round 3,88279013,91955662,Navarre79,detraid,2026-09-28T18:00:00.000Z,"https://www.carcassonnelab.com/#/0/0/qgf36proA3z7L-Vpi35aeJcy9myHDEp0ZR4GdK2qhYmi1nkWaoxs2ED/2121121122c022L0224112b2233022r0313032r031H041H221J0133242K124203430251032314231441023L03310521153106240412114122632162032Z2174026J036L425J13621372051H235J2464015104741611346K17111353072b048105131722142b0812152a08241562054106321731062c147H356J24533493057L07430382384119120582355324A10?players=detraid,Navarre79&colors=blue,black"
923574482,Rivals,GG Rivals: Season 1,GG Rivals S1W7,94156886,94741318,XmikeZ,Grizli1981,2026-09-29T17:30:00.000Z,"https://www.carcassonnelab.com/#/0/0/qoP1frblVs1TWlY5YSLw70j7FXRvYVBSIlvbQ1HHATzqKjuI-qRzbMJ/21112231121112b113a1312214b023Z021L015Z022J3322032J023r425a026b1422022r023404312332122b1243133J0133034H0343027Z242K04140512028b024H029Z253102Ab033b032Z131K124Z135b034Z245a036a3252142c137b41Ac114221Bc0153216Z032s124q141K0441045322Ar026q0552042q346b227t047a03540521023H152b02Bc257c056b2?players=Grizli1981,XmikeZ&colors=blue,green"
923577479,Rivals,GG Rivals: Season 1,GG Rivals S1W7,94156886,94741318,XmikeZ,Grizli1981,2026-09-29T17:30:00.000Z,"https://www.carcassonnelab.com/#/0/0/p5SlKI-n-lUUieA7bQ6RRGXa6yZ-vM1-taaQytFji1ds3chQnwdWoOM/12b2123222a12121312032b121H2222123Z422K013Z331J12340333023L041J024H0132023r133L125H151L035H033q024Z142q025b2142135a115Z024t036Z132L137b026J03220424046c014b3431034r347b242a0411025t1521244422410163061L02530531142L062K043L0173022t072J363J2261135r234Z073J045H443b445b052c462q052H155H055Z0?players=Grizli1981,XmikeZ&colors=blue,green"
923580577,ETCOC,ETCOC 2026,Round 3,14710161,84885491,napalmEye,giulioTm,2026-09-29T18:00:00.000Z,"https://www.carcassonnelab.com/#/0/0/q-sEyWYe-OZAbjqbvRKSlE6AhX5hdtcXnKBeYzuIxDhzmECbX2_eBLv/212112b221J131L2124232H022K1221141K0231232q213Z123J024H022a03321144034H032b035H1153114a024q042H025r0431024a13410424036H043K026H123c037K225c126a044H016b054J2413033b043a335a05140352036b064J045Z233K1322037a046b074H156c084J063K294J283H255K252J0533282K21310544024216310451047c1552057a06521?players=giulioTm,napalmEye&colors=yellow,blue"
923581577,ETCOC,ETCOC 2026,Round 3,99385393,11778383,R2RIO,Peppinho,2026-09-29T18:00:00.000Z,"https://www.carcassonnelab.com/#/0/0/rT6sFmh401Ub3w-TKz2nuDSiUx8ypUSzkqjRzMm-OXIicO64YMlyMTu/12a122t1211132t1223023t121H2312031J342r0321432L0411143s344q024s0232042J0423234t122Z014a0431454r0522124c225Z234c133c044c043H254a042b013b244H064b152c055a063c035r465Z074Z084Z06230614033r135c075b3712052s051L015b072c082a161L255t2334253t252H054H065r175r266r474r4511064s026c076Z016b026s063t0?players=R2RIO,Peppinho&colors=blue,green"
923583577,ETCOC,ETCOC 2026,Round 3,90355270,92870188,Zone222,Piccione85,2026-09-29T18:00:00.000Z,"https://www.carcassonnelab.com/#/0/0/pl_znu3mrtZMOFUI8fh0pKG_DAbLNV26dHFV4sQAc_9v2UOOWbFky-d/12Z213b122b0124121L222r2214132t031401310411042a014a0423143b123c033a324c152Z144c124q042t031K032J032a023J0143254Z2151015Z145Z135Z036Z055c026a164a062Z063c0613272Z082b092a125Z034Z127c037Z025r2A2c028Z129c033H026t017a0913118b0921034q273a593a0814039Z05110622044t119a049Z0722023q13AZ03Bb245s4?players=Zone222,Piccione85&colors=red,yellow"
923584577,ETCOC,ETCOC 2026,Round 3,97499561,84461619,Robias,aibj7,2026-09-29T18:00:00.000Z,"https://www.carcassonnelab.com/#/0/0/qjWXTjvbLhpUIVW0IqJ1XNz48a-bdvw_nr0a5LtUpJPYWM72HT0ZslE/212312a221L422H131K022q232K123J232r224H023r034L0312112413211411132b225H033a042L123b043L024Z052J014Z0134041H142c04222511051H052s0524362r153q226J043t054t1433264r033212324532043a262L0634261L174t072t052c0143273q044J0162027K328H137H084r165q0442053a075r0543076s063a224t044r055t047H061403441?players=Robias,aibj7&colors=red,green"
923587966,Rivals,GG Rivals: Season 1,GG Rivals S1W7,94156886,94741318,XmikeZ,Grizli1981,2026-09-29T17:30:00.000Z,"https://www.carcassonnelab.com/#/0/0/qe1Q47WqF0HADXx1pdWp8NOZtBij1nrIwV5yRPsBeCmqIzRWIgvc8bF/121012b2212222r031214140421232c3223352424312322142b043a022a1512253b261423320234163Z121L1442323t132t123c042s0132041H0542242H051J052H062c052r0622132H064405530633243s062s061K0242053s0654044a271K054c172H123L0451062J053K043L263r263J044J04620353034L264H0754074107640851064t135H024K1862136K0?players=XmikeZ,Grizli1981&colors=green,blue"
923589477,ETCOC,ETCOC 2026,Round 3,90078136,93119390,MrNumbers,pollo_verde,2026-09-29T18:00:00.000Z,"https://www.carcassonnelab.com/#/0/0/q4MmL8N7JfZcgK9Gw685TkmQFtARAZF89Ff0VXLSIN09qgXTlrKp-DQ/1211211112b113a22231311123Z2413122Z114a033a023r2132022H1323421L13313433223J3442043Z024s015Z125b034b0543032Z132K016a234q225q022q144a0452042Z053Z124b04610533035Z0232133r043q2514063Z054c042s0521052s141L045a0641026s046a06530744017a133K034H144s0632454t027c064t218b028t337a256c0732057Z07210?players=MrNumbers,pollo_verde&colors=red,green"
923591726,ETCOC,ETCOC 2026,Round 3,90355270,92870188,Zone222,Piccione85,2026-09-29T18:00:00.000Z,"https://www.carcassonnelab.com/#/0/0/phcJn74tuwQctA5eO20SC4ZWjuMEXR1SmzIeBWXe1xwBp4MyRHUNUwa/12b122c223Z213c224c023t133Z124s014a325c233t143q032q015b153t121L634c054q163r034t135t255q056t142t036q066q043b067r022J132Z057t0212042c0312376r046r068q122q144a047q132L135a158q344r037t053Z038t075s069s074t036a039s049q045b059t028s026t354Z04Aq026a016a052c017a055b465b025r175Z146Z076b25Ar077b5?players=Piccione85,Zone222&colors=yellow,red"
923594946,ETCOC,ETCOC 2026,Round 3,97499561,84461619,Robias,aibj7,2026-09-29T18:00:00.000Z,"https://www.carcassonnelab.com/#/0/0.13/pmpbfihKN_zM5ZdMQKFktA9alh36mFsa1gHyAD4qBWCdqO1LgfcVapI/12Z213b222b0211114Z224r223t121K333t132s124c225c125r034q043q122q026r026Z253t144r242q131J127q315b236a427b017Z128q116c146a132J056a057b245b042K018c266c065Z052t038r039q022L155Z041L452H034a154c044Z023Z332a054s049r019a043a362H033a064b442Z053a1123053L03As0413152b063J062s0511064K4522063a0?players=Robias,aibj7&colors=red,green"
923596619,ETCOC,ETCOC 2026,Round 3,90078136,93119390,MrNumbers,pollo_verde,2026-09-29T18:00:00.000Z,"https://www.carcassonnelab.com/#/0/0/p0JINtIzYoNGWDBj95j0SsOjv-AsVyqFylVXLd3U0GZQHOXxYnnlkXR/12b113Z1211123c024Z114b034c023r025Z222b221L033a115c325r2312026s226b036q236c016Z037Z144a127a046q037s235a245t232b255q042a017Z156r031H033q024r047r228a041104212512335r05211221052b038Z118c166r057t0233029c161432AZ247Z03Ab046a2712048c0721072a073b153Z382Z074Z063a043s483b042q154s034s041J128r1?players=pollo_verde,MrNumbers&colors=green,red"
923597957,ETCOC,ETCOC 2026,Round 3,99385393,11778383,R2RIO,Peppinho,2026-09-29T18:00:00.000Z,"https://www.carcassonnelab.com/#/0/0.2/qBtu14HJLP9Mbsa5MF4JB7XgGGMnax1WA-xD-MO-SdGAKk8CZgpD6nN/12b222s132t022b121L113Z233s114b023t522K232L042L241J043q244t252J033L062J154r031H234K223b035H032b0211042r0221023J052q034s461J01240232063L0322055t343H1313044H054H065q266r145K375r046H225J364q033a015a267s025r056J024Z045t246t124J124q157q236r226q163q01341153227t037q016Z0423158q2413059s4?players=R2RIO,Peppinho&colors=blue,green"
923599376,ETCOC,ETCOC 2026,Round 3,14710161,84885491,napalmEye,giulioTm,2026-09-29T18:00:00.000Z,"https://www.carcassonnelab.com/#/0/0/q0GRHvrumXbsO02MubpAOKXtDd76_CyygpYUnRCXh9ss6IzmCk3eX2u/121112b22121133121K022Z032a0314013a233b042a443Z322r452Z062Z063Z132t173a123c072a033s2234022K132J023J0323134a264b014c015b025b0412024r174b043t044s1514145s035q065Z124a066Z156Z046q057a2611154a0712131H0811042r0914053r047q425r023q041J3724137q148s0822384c0922293327330A24158b082Z059b168c44231?players=napalmEye,giulioTm&colors=blue,yellow"
923610748,ETCOC,ETCOC 2026,Round 3,95814549,93436251,Licinio Ferreira,filibis,2026-09-29T19:00:00.000Z,"https://www.carcassonnelab.com/#/0/0.8/puW3kCH2cyLX2ro1FtCG0aYetPqpBCAVaK1eYYj87hB3mXKJQjiQgKw/12b1213222c1314032a1222142Z133a4412152Z0234153Z21310142021K034a023H024c1241031H2334044b063Z035Z064a032H114a113a0514133K043J044J224H254b0253042206122714015c025Z436a032q025q01211722041K033s126b0824034r362Z073a016Z322J125J135H442r223q152s043q03545432073204430831024t162t0624174406310?players=filibis,Licinio%20Ferreira&colors=red,green"
923613748,ETCOC,ETCOC 2026,Round 3,93739167,93442179,DiogoAntunes,hanikay,2026-09-29T19:00:00.000Z,"https://www.carcassonnelab.com/#/0/0/pi3TRkcn2G4PJPIE2fvLtRHtkLfBUgBwuhzgBp4ckeN3XGdZWAusS3-/12b121L222Z122L2211123H231J133J032Z013Z1223234H1231043L0122014b033a023s042J133r224r122q024a043r041J024K132J244J051K035J0324345K346J1243143Z042q153L052t047J0142232s025H025r0344052J1251063K0351137L064H134t0152161K174J055J036J135r027K13120263038H139J044Z056J01640452062q0272062H0282144r2?players=DiogoAntunes,hanikay&colors=red,green"
923614748,ETCOC,ETCOC 2026,Round 3,84799895,96173753,Paiva,steam4206,2026-09-29T19:00:00.000Z,"https://www.carcassonnelab.com/#/0/0/q2D63zwManXP8-M4gTOKepMrf0aofbDJ-BS4VLb2avo_V1UgOrPsyz3/121112b221H21331222122q1213013Z1314022K223Z233a231L143c032K023J024b0321224L023s041H034J035K23310341024q042t4244014Z133q025a025H043r232Z152r025q053a0251044t053r035a032r115b135s016c042b063s164q373q272s0423074s275q14112442022a476t085q154Z036q064Z274a063b037t084a294c236J183Z226H075a485a0?players=steam4206,Paiva&colors=green,red"
923619648,ETCOC,ETCOC 2026,Round 3,92686959,100660299,leodavinci,berkdm,2026-09-29T19:00:00.000Z,"https://www.carcassonnelab.com/#/0/0/qALPIlv3AxEQAWNgdIY9bQinkRnJIWYomLDfSULh5pf0VMVL-ydr30D/12b213Z223q133s022r114b034t035r223Z045r043r046s036r125t133Z042r026r034c216c317Z222c224a144Z132a145c047r246b043a135Z136c037a154a042Z156s037r057t156b027c038Z018b048b028t047Z048q0412025b252Z058q158c049s13140323259Z068r039Z03Ab429q057b021H02As11AZ066b341J076a162a0212129c069r131L039r263c0?players=berkdm,leodavinci&colors=red,green"
923619748,ETCOC,ETCOC 2026,Round 3,94346145,95141509,phoam,samallgrey,2026-09-29T19:00:00.000Z,"https://www.carcassonnelab.com/#/0/0/ql8oldIu-Kvi0AjXRhYCVkAo-iECr-U5rhB4fpkxE8m_2Q5BU1XlOds/212312Z221J0221113c222q131L0232041L132r032K623Z133q1243242H134401441331131402510261122Z023q033a0362034a124s132Z0273043Z042s0121114Z053Z051J022J152J035b043r0323043K124K144J023J054J254b064b4133034s04230163025H044s0433034L1411135L324Z12810181045J2191036H129H153J1444063Z025q355Z115a035q1?players=phoam,samallgrey&colors=red,yellow"
923622783,ETCOC,ETCOC 2026,Round 3,94346145,95141509,phoam,samallgrey,2026-09-29T19:00:00.000Z,"https://www.carcassonnelab.com/#/0/0/o0Hulx-thmqqj145bI6f4PQ4FILFsD8bwpLoXGPn94HniME5s3K7-EP/12b1212122q2312022c313a1121132311311333132s1233022K0424023s0342023a224q123H1441021K0544032J232a033Z014c242J052K243L142Z034b044b01430523253J054K033q0511143s042q044K0534245H0433124H035a043c025b0244035J064K034s065H075K1352025s033J05543254056424640641026q01521653052q236b076H22630631141J0?players=samallgrey,phoam&colors=yellow,red"
923624678,ETCOC,ETCOC 2026,Round 3,95814549,93436251,Licinio Ferreira,filibis,2026-09-29T19:00:00.000Z,"https://www.carcassonnelab.com/#/0/0/ow2wrQyysVWhZMJp1bknaBsmyA3JwMGyYGfv2tFumF5gGE2pBxYqwIR/12c121L2121113c123Z1213222Z123q032c022H023L032J01310221042L214c13222421142a0411133a024r022r124a133r015a052J025q0511125a024K034s132q035q343t036t046r137r027t035a034c036a237Z145t047s538c142s031J144Z0611055r247Z043J127a052c048Z058a149c026r054r344t139b057Z053H041H254Z055b134J016b245a065a2?players=Licinio%20Ferreira,filibis&colors=red,green"
923625005,ETCOC,ETCOC 2026,Round 3,93739167,93442179,DiogoAntunes,hanikay,2026-09-29T19:00:00.000Z,"https://www.carcassonnelab.com/#/0/0/otcc0NHjaN_Qy9XMl0Pf31KLPtPg3tFnLhUpyiFOAIZRawSldWUeMh1/12a222q22111124122c032t113b022L131K1134023t133q124q223K2311142r023b224J033K152q421K041H142L0223152L053s014c1322032b251K1332034s044q025H0412362r034H061J025s062H0152172t172L23440254043L026H235L082q0351081K053K045J083s033a354H082H0423092J0524024Z284t091J1622092q3613014405130711173q063K2?players=DiogoAntunes,hanikay&colors=red,green"
923625329,ETCOC,ETCOC 2026,Round 3,92686959,100660299,leodavinci,berkdm,2026-09-29T19:00:00.000Z,"https://www.carcassonnelab.com/#/0/0/qQDAVrA2ESiUf5q2fYi6172odth_fLsLZomRgX-Uz41M3w5H2T85AGF/12b222a423a232c024Z013b134c0312123t133s143r021K144s232q042r344Z033Z0213254a042a152q153Z053s0412163a063q451H252a341L052K042H062q064Z062L124q065c043K175Z074a022J031L373r0121184c2131053K0233032K123L073a0321183a062c155a13340512154H064K063J2142044H073L245Z0424033H034H1433072J235K034r282b0?players=berkdm,leodavinci&colors=red,green"
923632221,ETCOC,ETCOC 2026,Round 3,84799895,96173753,Paiva,steam4206,2026-09-29T19:00:00.000Z,"https://www.carcassonnelab.com/#/0/0/pqlWDJC3P6JDhJE-fpBF3ogh9j_ollhna5mx2sOc-oRvQSzOrCdhqWc/12Z2211113a121J023c024b234a222c132a123q144Z035a033q031L045b1222025Z224r015a022r146c026a033Z332q041H132K254a01210132134t036c043q023K223113220331016b017a224H027b034K022J035H025s047Z3243028Z156a144H043L042H1252014b03131431254K045L127r055b14221533033H151H044s052H0413064c053a263Z235s162Z3?players=Paiva,steam4206&colors=red,green"
923936765,Rivals,GG Rivals: Season 1,GG Rivals S1W7,84375106,96610271,zaharik,Larpaattori,2026-09-30T11:00:00.000Z,"https://www.carcassonnelab.com/#/0/0/rGqdWYNuhwbI09Ci0uXpzXEdkEYGGHNwmkMVlnbAN5s94S5Qgzvcwl7/12Z12121223121K022J03231122132L12320333143413420424131K2241042J243H113212522144022c032t042r152K0351033H062J053J045205332551031245210412013c05410634142a05140361014c023s0732024H015216120441144H0832162a272Z27220934037423831272423H146117143824282b06241264394339511A44254J38111641196148440?players=Larpaattori,zaharik&colors=green,red"
923946125,Rivals,GG Rivals: Season 1,GG Rivals S1W7,84375106,96610271,zaharik,Larpaattori,2026-09-30T11:00:00.000Z,"https://www.carcassonnelab.com/#/0/0/o0LYWy_iALhTtz1neGdVarBn2q5dASsOs7JW8KnJGIA8PK2pQLXMWC5/12b121J122J022a022r123K133J024H023a024Z143L225Z113c142H153J026c014a016a027c228c226t032L123r054J364J2122224t144L115Z425r117b034r033c0212045L218a029Z132t055H035q232Z044s145q243s043a055t12210322427q0424141L04110234074H573K219b075J183L339c036t038a393H194H065H0A4H056K03Ac1A3K046t029r263K0?players=zaharik,Larpaattori&colors=red,green"
923984164,Rivals,GG Rivals: Season 1,GG Rivals S1W7,68743351,89548012,LSC,f kenta,2026-09-30T13:00:00.000Z,"https://www.carcassonnelab.com/#/0/0/p6A0KlnNYecIStuS3ELm-fIVPUZgTrqHaE_dXhq743PZ5OGjABUS8mA/12b222Z132a123Z122q124a114a024q115c016a025c134c0311244c123q043c245a153Z03220221255Z046a136Z0412026t254b04210233352Z034r036q0434062a144t027r045r035Z02420443054r4343064b046s0352126a065Z1144053231312212025s153s242c056b01232361022L164t2373174r03810262046224522541055t221L056r0164325404730?players=LSC,f%20kenta&colors=red,yellow"
923997206,Rivals,GG Rivals: Season 1,GG Rivals S1W7,68743351,89548012,LSC,f kenta,2026-09-30T13:00:00.000Z,"https://www.carcassonnelab.com/#/0/0/qc8y9dqXWh7XKi5DKQDzVUJ2oHVmbRXgQmmgM8ZPtmtlhs4A25onBo4/212112c221J013Z322q0121114Z123s031J0133133t122K134s022Z03130143224H0241015Z0151025s026q116a027s034H033K024Z141H442K042r024r026Z025b034Z144s235r233Z436Z244a045b027c235c0321054c028Z217b046a343a347Z157c023a138c037r647t045t346q355r253c142b0423056Z252q0221152L1333362L043r072J161H343115210?players=f%20kenta,LSC&colors=red,green"
924012321,Rivals,GG Rivals: Season 1,GG Rivals S1W7,99226938,90995279,hullqin-dongya,Learn to fly,2026-09-30T14:00:00.000Z,"https://www.carcassonnelab.com/#/0/0/qYtEJHq11NRBJUJFPA-T3THgMmtXqEkJQSX5f4ZQHYQYaYuBY4Eb4Q0/212122a0123123Z121J024Z133Z113c012b443a131K044b025Z153Z035a022t132r034c032a133q126b042s0133114a036c023s1141024r224J043t252r134t3312044s135q162t263t072r054r052a1412262c082r06132422054b063a064s136r045Z137t174s183q07140721065q147r275q092q084s148s0623042b038s294s1233471L446s25242731081J2?players=Learn%20to%20fly,hullqin-dongya&colors=red,green"
924019708,Rivals,GG Rivals: Season 1,GG Rivals S1W7,99226938,90995279,hullqin-dongya,Learn to fly,2026-09-30T14:00:00.000Z,"https://www.carcassonnelab.com/#/0/0/p54xeqgEDdpupvEBT3TTdD2wB5ZAcFOOtija5_6oKM6GYUKJbeK3Moo/12b222a121L4123122211310142132a13240334022J132L32322241131J032s041H1313242r142c02121253422t033t152t134t043s0411033Z223Z024H0352123t1261234b033H0342062q0152023K053s043J0362054t044q164t172r213Z273r043a2371071K142L314c282q0443125L161H092r253b062L124b072J015a0464025s0A2s0271326K025a1A1H3?players=hullqin-dongya,Learn%20to%20fly&colors=red,green"
924134478,ETCOC,ETCOC 2026,Round 3,87693531,36269683,skvallret,szigfrid,2026-09-30T18:30:00.000Z,"https://www.carcassonnelab.com/#/0/0/qHZwrMpY2tjRgiQAzT-UqxzGA9T9rG0U_-uCs85qwmbzUNsRcKHxXRH/12b41231222213c122Z123c0234214Z132b123q1243122r02121311133Z0332343c033q0432232t3324034r021L14220132023H01420522143t1531225206210344051307220714052b053a062b215b254101540411225Z054Z035c031H435q024q1162235402610642016Z326r217a026a045c036t032K1442241K125r146r2614227Z334c018a3633137c472a1?players=skvallret,szigfrid&colors=blue,red"
924136378,ETCOC,ETCOC 2026,Round 3,94032736,88730461,jonben9603,SilexSaxum,2026-09-30T18:30:00.000Z,"https://www.carcassonnelab.com/#/0/0/pyrDpN2BxLyHQl3ZzCPXLWyuOg47-9PaGHnjCl4VTmC3lecZOBzzip1/12b1211122q121L01231312223t032a142c222Z213c323b032t124t133r043t244q334q142r054q255s135s033b056q146s0414365q457s336q075r064r024Z025q166q037s043a058s067q352t053r238s363r039q028r045t144Z149t14Ar027q068r047q05At069r0324054a045b0132064Z052a074q684t122K083q031H1234029r022402As226r241K03323?players=jonben9603,SilexSaxum&colors=yellow,black"
924137378,ETCOC,ETCOC 2026,Round 3,84450915,85804056,Quabatrarz,robill,2026-09-30T18:30:00.000Z,"https://www.carcassonnelab.com/#/0/0/o7kLmUWVGM5YqzG3M9Wu8zcLWM4qS43C0rpgcyDPkMF-0rDCmF6mYR0/12b121123121412442Z022c021L2514022q032t0223042t223s041J052404220434022L042H0531024q152r025s0621143K143r2543114a132b133r2441015b0453034q133L123Z424c052L053L034Z1551044q0644025Z034H033Z1653226b244b045q244J0721045a036c0341273405620612045H035r446b135c326s154Z055c316Z137c327a162H017a172J0?players=Quabatrarz,robill&colors=yellow,blue"
924137478,ETCOC,ETCOC 2026,Round 3,99608692,86203714,dayvillage,Cinderella_23,2026-09-30T18:30:00.000Z,"https://www.carcassonnelab.com/#/0/0/q-Rs3EuSR0xdGZTAlT_FLlyPSY8Q-yv9CnIjJz4dA5kWSsYdjrRTDIk/21L112b422L232J131L142H123L052J3123213Z1224132q033t014Z4132024Z125a033L1231015b041H123b3141034H02132153035J222a224H3322145K0162146H0312053K025301720261041214240511033106110433023q0353042r244K052b256K326H062Z352r0454053s03610243053Z151K143a134s163Z144b0551254K064b0541073a361L0343022t1?players=Cinderella_23,dayvillage&colors=red,yellow"
924139378,ETCOC,ETCOC 2026,Round 3,93691983,85791390,theheras,vallics,2026-09-30T18:30:00.000Z,"https://www.carcassonnelab.com/#/0/0/q42yc_xrey0hxFG0ZjeMnvxanwg2HkT4HAqIyPaZjlJHYhXerrvU78p/1211212112b221J113Z231L423a041J023r024Z022L042s032J123J214b015a233a31310224043r232b0234024t325c025t024H033K132113334241025K053q052q254s035Z245b044Z0432026J0444042a042L336b154c133t264b143b063r064t263Z0144174Z0341075a022r176b074r065t134L016Z244s0411351L073q261H072q032t017b055a442312530?players=theheras,vallics&colors=blue,yellow"
924141424,ETCOC,ETCOC 2026,Round 3,99608692,86203714,dayvillage,Cinderella_23,2026-09-30T18:30:00.000Z,"https://www.carcassonnelab.com/#/0/0/px126Hy5XU0nlG7OMztI9O7rfReUdwB2YCHCHdhOXZPHo4guKht2Knp/12b1212113c222q023r022b124t233q225t134s015c244s114Z145q154q246r036s047s016b021K343q0312417Z031J418Z032c053r0414037q332q055s265r023Z066s419Z233b135r076q01Ab022H177t142a126r0122129a032K224b2224063s078q087r033H042H243K086s144H238s123L097s0131048r052Z596q095s139Z185q0A7t154J227q045J339s0?players=dayvillage,Cinderella_23&colors=yellow,red"
924149086,ETCOC,ETCOC 2026,Round 3,93691983,85791390,theheras,vallics,2026-09-30T18:30:00.000Z,"https://www.carcassonnelab.com/#/0/0/ql8NmiC9Y4Y9NGBToFL6s-nfvemzM7bX1NSdLk9jG0l2FXFhfY0jgeV/212312Z221J013c122q122L032r242t133s034q024q114a125t024Z023Z1121131L443t153r2221154t4234064t152q035r245q074q0132263q151L084r023J036q115a037s033K155q241K022Z0242042H016a033a125Z126t147t456r038q017b0143028r039s049t332J023s026c035a145c034c083q257r246c147Z052H256Z061H453L262K075s266s058s0?players=vallics,theheras&colors=yellow,blue"
924149407,ETCOC,ETCOC 2026,Round 3,84450915,85804056,Quabatrarz,robill,2026-09-30T18:30:00.000Z,"https://www.carcassonnelab.com/#/0/0/pM2fPZ_eSXFyvTDsGAkT4DYTxwviWD-moXLbtMH2660tISfACRNdwQ_/12b2212122c2222021L132423313122231H032q041L113Z423r124q13431353144104540254123a024c2232134t032c1262031204230541144r224115310552014b01410414445q022L024H023J042Z15232462035q147205111134425q057403610481136q0153032K125K126K227201710563252b166326420581074417530633215c035L0384036K3652055q4?players=robill,Quabatrarz&colors=blue,yellow"
924150644,ETCOC,ETCOC 2026,Round 3,96880534,65246746,inicolae,CraftyRaf,2026-09-30T19:00:00.000Z,"https://www.carcassonnelab.com/#/0/0/p1VUZH5RvvDG9ywpodeeU2lyJy9SC2ejPg-hM6jJ-LyCEiOE0P9yE6G/12b2123122K1132122q132J031K0232021322420253433K132s0224023r134H013a223b0142024K033t033403532314032Z0413133Z0341151104440541042Z01512161122Z2171027H024a121K25540561018404620421243L344H253J234b052J054L324q014c063K1273035K342L125J151L2612041H0711161J0371042q2811072a391206240261162b16321?players=CraftyRaf,inicolae&colors=red,green"
924150744,ETCOC,ETCOC 2026,Round 3,5833386,94373811,vegaorion,Smile-,2026-09-30T19:00:00.000Z,"https://www.carcassonnelab.com/#/0/0/o7526x_xYmR5YVYNAMOhdTgnXPweq2grfenANp4M_hPM_VQeR99NjzU/12b1212122q113a121K023Z031J124a232s041H132H223r024q03120412132Z042J042t0421234Z033J134K133s135H023K043L425c035c0511115c052H024L142b026Z145b036a052c053K046c047b02232131048c043Z334r254H022H155K138c027b045L265H044J163L32311241317Z473J14333342014311221522125J1624063203242153256H0613146K1?players=vegaorion,Smile-&colors=blue,red"
924150865,ETCOC,ETCOC 2026,Round 3,93691983,85791390,theheras,vallics,2026-09-30T18:30:00.000Z,"https://www.carcassonnelab.com/#/0/0/pkvIpJZm47iLY3GjPgK3clKXcXqTKDBK-klBcPdCyV-qLvplANAvVpC/12b122Z121K131L113Z132c014c022t42140224031403240414023b032s123r224r041J232J042a25120122025s052a1612033s115a342s335q226q025c235b034a143q0232033Z044c043Z126c234t345s153Z045b254a063Z046Z155b464b374b036Z275Z084Z016Z083b073Z124Z117a137b572Z3523082a065Z246q1714036q047a056r0812027r0721237s0?players=vallics,theheras&colors=yellow,blue"
924151219,ETCOC,ETCOC 2026,Round 3,5833386,94373811,vegaorion,Smile-,2026-09-30T19:00:00.000Z,"https://www.carcassonnelab.com/#/0/0/rGvmP5jMSEb0sTyyd2xoSMf2_esnHNfHLxn2aKWYci7io105gln1vgc/12Z12121221031202334122122r22410333221L0143032c223r022K01312254124s042c043Z152c044b04322512062a0522225q114b05340624034Z013c023a134t2421222Z0541144r0324145r0551046q236r026q1564216c0462047425720661036203733674347r0381127t028t037s0284348s3454038s168345831691049s1414124K059q24Aq239q155t3?players=Smile-,vegaorion&colors=red,blue"
924151644,ETCOC,ETCOC 2026,Round 3,84069307,84614791,game__over,Sicarius Lupus,2026-09-30T19:00:00.000Z,"https://www.carcassonnelab.com/#/0/0/qXA5CuD-xzLXoC_ZcsVVvyrMWBro-4KXkHVzOLGRoLY1EN2RWk0m2dR/21J112b2213213Z222K1121123q032J124r014b022Z131H033r115a123a1131025q141J232s242L233Z125c034a035s051L252K023H042t131403240144253H061L162J371K032a163K064H074J022r084J073K085K136s445s044r043b081J042b035b275H082K024a054s0422194K186J02330524062t096K045c072r136a2432295H152Z052r0331046Z22420?players=Sicarius%20Lupus,game__over&colors=red,green"
924153303,ETCOC,ETCOC 2026,Round 3,94032736,88730461,jonben9603,SilexSaxum,2026-09-30T18:30:00.000Z,"https://www.carcassonnelab.com/#/0/0/qU7D6wfFZx0-khB2UMxpD_KtDj6dOIng3Ia_-0BO8GLH-H3gWI1cPiz/212112c221K031L122H122r013Z022201240322114c032H241L123t033s043s033H042q051J023L023112420133022a153r032c042K143L052K124c063r034q044H062J023c162r034a263H064K174L173K042c033b075H083L052r053J084K044Z032t394J034L224t385J035K044r461K235r045b036q337s055c254b346b453Z456Z073s157Z254L155H172L1?players=SilexSaxum,jonben9603&colors=black,yellow"
924153544,ETCOC,ETCOC 2026,Round 3,87714234,84207551,g3rappa,71Knives,2026-09-30T19:00:00.000Z,"https://www.carcassonnelab.com/#/0/0/qU9twK-iBgH5bl_MxiZuUdMaNU_9Fp5v6KeYtcnXqcnJxz9cQprhTXG/212112c2121122r0133122a121L023L11412241122J233K1151034H332L225J2314013Z441402330321014c0341243L042H024r0224132a031H124H015c24412354016Z0512025s041L0451035L045H052J052b342r042b032s0522151K253a252s061404331542253J0644054J062H262q063s343t073r083t064s082t2531026t233a063c036K073c146K117Z0?players=71Knives,g3rappa&colors=yellow,red"
924153644,ETCOC,ETCOC 2026,Round 3,84369082,41973045,El Tomek,Lawyer,2026-09-30T19:00:00.000Z,"https://www.carcassonnelab.com/#/0/0.52/qbwgJU_Foqmx7rUn9jLhCBrMnPgXZy-BP8HKMi44q36rsamRtTM3FpK/121012a222b022q232t231J142r013a032J041H022J151H223q143q0131052q11422212133t114b02410311053r362q444s032c042K343K224Z044H0344052K1232021K054q1222064r165q155q115Z456s024s046r461K116a226c375q076t033Z117a034c063s035c473r0321044b3153036Z024H037Z134r035q026r025b047s047a0254143Z1354148c1?players=El%20Tomek,Lawyer&colors=red,blue"
924154644,ETCOC,ETCOC 2026,Round 3,94489595,95673062,lorki0503,Tor_UA,2026-09-30T19:00:00.000Z,"https://www.carcassonnelab.com/#/0/0/pb2WXKvCi3zv3rzXkIqrSweCUjG_BdpFARRkK2jmvEJ5tYUZtQ7O-iD/12a122Z113b032b2121023s122J13112222033a043b122q0133024r232K034r225r414c124Z144c2412031J241K145Z025a044q042q135b053c033s152c054r045t353q063t121K073r274r062r042105210434055q365s033J066r275t052s176s077r223c046q035q146b326c036Z123L116Z056c086q024L042Z017Z0213162Z351H063Z064b137b0613165Z0?players=lorki0503,Tor_UA&colors=blue,green"
924156544,ETCOC,ETCOC 2026,Round 3,84630685,84216333,tabado,obiwonder,2026-09-30T19:00:00.000Z,"https://www.carcassonnelab.com/#/0/0/qgfIyvA1COwG9TnaJRwoCgL3v7rGuSNJncCXsdQvkTt-wqhuMdXTvV3/2121313122Z032Z121H2411031J012Z232q142b023c213a122t014b341L0123115c02231512024q034r1423025s024a035s045s1432033r044q2323232K3521034b033H242J143Z3231052b062Z263b242q0134043s253t0611051L036r063t054q162s064q0331226t474q075r085q095s094r0143172a293q083t055s276t072r061L125a435Z066t056r053c0?players=tabado,obiwonder&colors=red,green"
924157300,ETCOC,ETCOC 2026,Round 3,87693531,36269683,skvallret,szigfrid,2026-09-30T18:30:00.000Z,"https://www.carcassonnelab.com/#/0/0/q4jVvn6kXqlewtPN1X1qL5vTnJEW19cEqJo0XvVWaXVYpo1Q9SFKz2y/1211221112b2233113Z4212122s1334023a113302420323014c0342124r03110434032r1351121L132c031H0454042t025q243q041H251K023t353t035t336t226s044q033s122H023J0411015a346r037q133J042J024a016b11412153061J05510163154303620252032K563r262s173r2533062J047s048r452L053H063H038t025Z183r373J254K474q364t2?players=szigfrid,skvallret&colors=red,blue"
924157644,ETCOC,ETCOC 2026,Round 3,88411255,93914523,Bluste,devaka,2026-09-30T19:00:00.000Z,"https://www.carcassonnelab.com/#/0/0/qZNPcystwdpVVGq3_MIXp90EV7F64GK_szS9ndYbncbCMVSNCOVmK89/2121311012c221L232Z131L122r023t1121122H3324224q113b033a222a041113331231143b042Z052Z132K133J023L042H4342034q053a363c141J0511134K35210423244Z243K145b051J0611061K452H162H253L072J363J164J062Z124K235H045K065K055J2143034c024Z025H072a066H054H476J2623075J073K0721123c17330821443308330441014c4?players=Bluste,devaka&colors=green,red"
924158544,ETCOC,ETCOC 2026,Round 3,83851128,92738595,Mars15,Carcharoth 9,2026-09-30T19:00:00.000Z,"https://www.carcassonnelab.com/#/0/0/pi6HeY1vcQEqPGZAqCkNEfNqbaAJc-3f2ieXXGaGBNh-QuQ7YqA5r9h/12b12123223122c232b221L413b2324142a133Z322L0311123J031J043b24112512252201340621153a1332063a141H222q142s062c072a053404241711082Z152q383c051L044Z262t384Z174Z043r075a092Z094a185b023q086Z253q233r276a096c065b187Z154t064r455q245r044q088c0A4Z078a066Z097a263q1A2Z054b245a0B4b033J1B3Z043K024s0?players=Carcharoth%209,Mars15&colors=red,yellow"
924159644,ETCOC,ETCOC 2026,Round 3,86611873,86771532,BuHa44,adrear,2026-09-30T19:00:00.000Z,"https://www.carcassonnelab.com/#/0/0/pghQWiGL-UR4ROsTzFm73H_ItlCiphHuFwxI0B_fxcTWaSNxAwZYg2B/12c222r123t332s131J021233124323232a242224142331142Z024r01210341022J0524234q23530442132L035q145s154305310642146r055s1513254q022b0741223Z236s06510733214b07230831125r06610754024a0612365q033s043q241J251H0932044r0452052r024215612252055409210714247s348q038s04334132128r037q084212620943056s0?players=adrear,BuHa44&colors=green,blue"
924160475,ETCOC,ETCOC 2026,Round 3,96880534,65246746,inicolae,CraftyRaf,2026-09-30T19:00:00.000Z,"https://www.carcassonnelab.com/#/0/0/pre0SRSVMw9MPLXPrFkOEw6_Tpdzrr08qa0JuxyHrGRHAFKL8GsSfBU/12Z222q121H231L1212013b141J232K142s251L152K022Z143q061J253q423q154s032a014Z233q115b0312042L153J0124044r024Z033a063J023b143H032r054J034b144L234q025s355K155r264s156r271J045t257q166q047q062t326q036r044c037q172H058r142c052Z022L227q03210421017a159q025b063q218b067r016Z148t056H065H434J338s0?players=inicolae,CraftyRaf&colors=red,green"
924160932,ETCOC,ETCOC 2026,Round 3,86611873,86771532,BuHa44,adrear,2026-09-30T19:00:00.000Z,"https://www.carcassonnelab.com/#/0/0/o75t4EdEgcU-jQ8ITX9_FA9QYAscUIrHGNAaDD6_b7yybyij-KZFfqs/12b1212122q1311023s032a0224233Z0231223b013a114a121K024q233q212212420342042a225t01320322022J0142132t226q4351042224430524224Z023H052c015b216Z1413136t327s228t137s417a146r234s05324622047q248s15111632227a032H0734142q028b0544062a0551024H0251025K326H129q036J0152018Z226a1742343Z163b044b27220?players=BuHa44,adrear&colors=green,blue"
924161735,ETCOC,ETCOC 2026,Round 3,94489595,95673062,lorki0503,Tor_UA,2026-09-30T19:00:00.000Z,"https://www.carcassonnelab.com/#/0/0/qBX40RtV_M2lqVDVQkdevh7pSD2hksj_oDmEJXoRMAesx_Dt2wIEEvt/12b221J122t1212232q1121113c131J023a441J022c231103210412132a042a13310514033c033t0231024Z1421151H752L252a061H052t14311531023t053K162a26322621053c0541153q072c062t14410734254q18310643063Z0612274219340942034t0A421A5411330952084109230B41044q0C44245t0A64364r072s0A7129623B71371J0B32363r1B230?players=Tor_UA,lorki0503&colors=blue,green"
924162233,ETCOC,ETCOC 2026,Round 3,83851128,92738595,Mars15,Carcharoth 9,2026-09-30T19:00:00.000Z,"https://www.carcassonnelab.com/#/0/0/owwk6OeYHh2KJGi1yxv-obEJhUcz2vnk-JYp_0kNY-LhPsznNX6qXEX/12b12122223122t113a132s231J041J223a432H222H133H033q034q033Z051K123t052H343Z042s153c044t021L3313022c043r042J161H362t262H072q0123182r042Z153K224Z254H225b044K03210334132Z113121440341054c1351435Z2232024H063J045c043J052c224r04140422353t145J234c055H172H3521271L183q482J056J055Z146H0623265L0?players=Mars15,Carcharoth%209&colors=yellow,red"
924162660,ETCOC,ETCOC 2026,Round 3,87693531,36269683,skvallret,szigfrid,2026-09-30T18:30:00.000Z,"https://www.carcassonnelab.com/#/0/0/rOftruOgeI5cmhQcmnfBu0SEez7uJqZdJsQun8jKeAqo3Jg4ic8Hbqw/12a121211221312422Z1133122H122q03231221113a023402411334014b0433223b2414024b034a4344015Z132c232H031H033H0422123q0513042a125r0142024K025306131522026r462Z272a035t242H0442173Z2542016c024q136s163c052b153a064a365Z254Z326Z346t125Z074b033Z141K142q044b434q043s066c027Z156a052r03520712133t234J1?players=skvallret,szigfrid&colors=blue,red"
924164502,ETCOC,ETCOC 2026,Round 3,88411255,93914523,Bluste,devaka,2026-09-30T19:00:00.000Z,"https://www.carcassonnelab.com/#/0/0/pUU7Z64cwa4-ElH4tNqmGLqgDFc-JG1vSfgWRh2YyqzQMcVMZuUx4fY/12a122Z121K023a031L124Z114Z025Z115Z026b013b336c325s335b233b241H026q045c227Z417b042t032b155Z037Z218a238a023s139a019a0312128c0414044b046a028s149Z24Ac232K033H242b022H148c01240211042H029Z152Z02Ab016Z151K029q233t22Ar043Z0421127q152H038t0511236t043201AZ23Ab039s161J04Bc03Ba037q12Bc1321223H2?players=devaka,Bluste&colors=red,green"
924165646,ETCOC,ETCOC 2026,Round 3,84069307,84614791,game__over,Sicarius Lupus,2026-09-30T19:00:00.000Z,"https://www.carcassonnelab.com/#/0/0/rFnPzkVyrgFv9hovT3qJ50imyYwtINpompOpWnXM1eY0oNbgT_EoYLy/12Z121L222r131H032t233t043q141J0211034s024q053q142q151L252q042J12231312023s014b162r061J343J354t064q065t1321335q245q062H0334075r03432442323111221352022J1431123L04212454253K074s055q072r084q073q044s124H0143034J076q2412042b163r03632521363H144H064K0461022Z013c033K282s086r0473166q125J32430?players=game__over,Sicarius%20Lupus&colors=red,green"
924165776,ETCOC,ETCOC 2026,Round 3,87714234,84207551,g3rappa,71Knives,2026-09-30T19:00:00.000Z,"https://www.carcassonnelab.com/#/0/0/q_R5TpG5o6Y7HdrvNWb120ToxhPBlUpl7dbjPQVgjnUypMdQINUCW5x/212121K112b23121223122L031H123K413311411242124J0251233L313Z043J232H1341122c023t0234034J232q4333044L343214210151235K053401210161042s032202610412041H253L133q223c034s152r052K562r026H054H132b163H24432511061K022r371J073K042J0631263q372s073r2544014Z1611074s064s275r483t14540171033Z0183151H2?players=g3rappa,71Knives&colors=red,yellow"
924166796,ETCOC,ETCOC 2026,Round 3,84369082,41973045,El Tomek,Lawyer,2026-09-30T19:00:00.000Z,"https://www.carcassonnelab.com/#/0/0/qUndN3T0WfZLAlo0WOCpMWReQJbPtlRbTaY4RhI4HM6DV1q6PuNaXjN/212112c121K3223112112312321322r0332124213132341323r0423113Z1412214125111523014a023c024r4131132Z1531252b0252042b062Z063b022H0431143Z032t023H042s044Z072c034t061403542441063205410452143q073a354Z424L04631733053c372307411843333a274a08511554271108120652345b2834031L152t115Z06642564124a11521?players=El%20Tomek,Lawyer&colors=red,blue"
924168719,ETCOC,ETCOC 2026,Round 3,86611873,86771532,BuHa44,adrear,2026-09-30T19:00:00.000Z,"https://www.carcassonnelab.com/#/0/0/qYvZ6r-E_lY6ytvyR1ZZberGkdIsi4HHB2AWXTnttJS8Ckkf4tTZONR/212122a112b4223121L2124113a223c031H033a022t0231232H022J042J2323132a143a042a153a052b063Z0411014Z35110241052H073b2134072a1613024s115Z1523483a2422093Z082c062H063L072J0811025t234t394Z232s243H074Z1432044r044a075b041H095c0342096c186a045t2621155r276c3714265c156s065r066b246q355b047q064a285a0?players=BuHa44,adrear&colors=blue,green"
924168824,ETCOC,ETCOC 2026,Round 3,84630685,84216333,tabado,obiwonder,2026-09-30T19:00:00.000Z,"https://www.carcassonnelab.com/#/0/0/rGE1vYmF3C7QtfuhV669Atao_IVIMZOjWZJlFZHOzYQs_ZsGDYOnPfM/12Z121233142122122Z121H2323022r032Z322H0132023203321342023c123t0353132q242a133r033a1442034b024t014b0421044a043s153q0542152s0143031J151K0521032K236206440371015Z241L261H071J063q044r064q013b025b072q054r2413054a052a053105140552362Z0264063Z223L06541753372Z045a0664053Z156207610271117201623?players=obiwonder,tabado&colors=green,red"
924170512,ETCOC,ETCOC 2026,Round 3,88411255,93914523,Bluste,devaka,2026-09-30T19:00:00.000Z,"https://www.carcassonnelab.com/#/0/0/o8GkIrfXcPfgQvd2NQveypwmu8wHAztDc1DMv579MhQ0v4r-wR3R3d4/12b1212113b114b023r0312123c021K033c032b23241123033t443Z122412320422124204310142043r2342132r1413024a424L03330444223L033H031H032K353r025K4252153116321524053a034q122r1731042q245406230462052b07430263054121640171215Z0181027H0364025r016Z063a073c074c054b0193028J026r055Z034H126J035L052r344H0?players=devaka,Bluste&colors=red,green"
924173429,ETCOC,ETCOC 2026,Round 3,87714234,84207551,g3rappa,71Knives,2026-09-30T19:00:00.000Z,"https://www.carcassonnelab.com/#/0/0/qQ8jHAaBMbMiycGt8MXlxrJpyOGz-2jpnmP3YvpIx4T5YdN07C0fl3E/12b2212113b114Z122t124q221K032q033q2122143q034r023c0221125t0312031J122J041K0322042K115b024Z132b143H016b025b21311421126r223r33320414036t242t251H032L222Z052r023H01431341053H346r037q017Z154H124H033a047t034b138t143Z057r035a058s048r1231144Z054Z063H045Z233K346b436c1443234H155K2152027b152K0?players=g3rappa,71Knives&colors=red,yellow"
924175154,ETCOC,ETCOC 2026,Round 3,83851128,92738595,Mars15,Carcharoth 9,2026-09-30T19:00:00.000Z,"https://www.carcassonnelab.com/#/0/0/qYEa13aIbFL4NGIJGXfqixMQqEXPBWR47Z_6rF4-fO-teImRJP7ObrV/212112b231223231414012101332231022L242Z121H343a032Z044c133Z122t223Z234a322b213a114b054c424s015Z025Z055c132J031L034q033r035q056Z243s041H023J024J065a132q053q042s042J151K061L054s143H0423053H0523024b252a062H155s271J064r245q357c064Z174Z0141347a216Z184Z048a445Z026c063q058Z085a262c175Z065t0?players=Carcharoth%209,Mars15&colors=red,yellow"
924178107,ETCOC,ETCOC 2026,Round 3,84369082,41973045,El Tomek,Lawyer,2026-09-30T19:00:00.000Z,"https://www.carcassonnelab.com/#/0/0/qUZhCP9D-qNcCZ0YdgNxtQ9BRNq-WG0UHRpm6uL1kToK7eJ1x3VSMEp/212112c121L23122124132b022J033b031J2414222r041H023q142r233q234r124s035t0323045r043s044q153r014Z342Z1221132s223Z422Z124b125Z051L023H046r555t1234236t3134156t0332047r026r032H133J324H257s1243043J013b052J044K015Z126b065r254q2252025H0151045J027r058r067q235L334Z152a143b236K035Z026J145Z354H0?players=El%20Tomek,Lawyer&colors=red,blue"
924178744,ETCOC,ETCOC 2026,Round 3,94489595,95673062,lorki0503,Tor_UA,2026-09-30T19:00:00.000Z,"https://www.carcassonnelab.com/#/0/0/p4U47DOY-FqYFwGELxOSwx6uxEbj_dCj8dvHgzdwfTP6Wn1X9nXszzH/12b213Z222Z114Z032Z233b1212024r03113321121L024Z034a035Z023q015b016Z026c123b117c134t227b2224127r0124025s045a128Z244c129Z137t036q047t32Ab0234018Z144q019Z029t026r155c525c154r02Ba354a155s433201Ab156a242b053a03Ab038q03431132035103Bc253s225103CZ039Z164t01413422045r374q036b046r2242022J265r0?players=Tor_UA,lorki0503&colors=green,blue"
924516751,Rivals,GG Rivals: Season 1,GG Rivals S1W7,89548012,95199738,f kenta,Pakshe,2026-10-01T13:00:00.000Z,"https://www.carcassonnelab.com/#/0/0/ppa9OcRmsPN27chVOXseqeLTz3hGRkfDw_6XQ_CnPMPUJEj5uggV2UP/12Z213b4121122b12242212014Z121K231L223Z122H033Z122q134a023r413323120142043c042b033t153b232q0244041K0344032Z2332163a1434032J042q152a152t115a051J035a045c061L143q146a053s047c062s054r234t173a072q071K036b062H026b0442025a2253342H072c281J0713124c072K073H256Z016c154a537a162Z132215130424025s0?players=Pakshe,f%20kenta&colors=red,yellow"
924525961,Rivals,GG Rivals: Season 1,GG Rivals S1W7,89548012,95199738,f kenta,Pakshe,2026-10-01T13:00:00.000Z,"https://www.carcassonnelab.com/#/0/0/qYIjfu6zRVLkXLqDwQrqDdLEbsa4jhzNZDaXgoWFGu2Ov9yQpfYrTtH/212112b23120412121L2321132a2333222H022t331J0431132q123J0121133L033a022c0444243H253L0542164215310221142H22310241024K04220744042q214405211131023q333s1624043s054H034K144r275318410454063J0761234t441K052H38545661473H062K0772064J07810721356125110834183H0352335q1253061H07140631162s452c052r0?players=Pakshe,f%20kenta&colors=red,yellow"
924670677,ETCOC,ETCOC 2026,Round 3,90128076,84360558,posij118,Gr3yDeath,2026-10-01T19:00:00.000Z,"https://www.carcassonnelab.com/#/0/0/qhgFw6W6b8Vg-3ySkPuaov_caZ-hrnhMtdeoNW0pAJINwbuQfnFB2Pf/21211211222122H012c213203240422233324120512242Z232c133Z152b223Z034Z062Z153a0142032H0521044c042L1313052J022a343H013c023K022r0242023s031K0622141K135a032t072406340341072c4732042r143q2823233q114b024r082b2811152q062q051J044t063s134s0831025b161H424Z172q364s2351221H1253073t2261245t183q13611?players=posij118,Gr3yDeath&colors=blue,red"
924671677,ETCOC,ETCOC 2026,Round 3,88672769,93117867,bormar,pricci,2026-10-01T19:00:00.000Z,"https://www.carcassonnelab.com/#/0/0/qYbNpeZIyaXy5jGCvId9zRtNhgrOfcgG07sx7Wy1oMKJ1nSLv08f_Ao/212122a112b432a1311023a1122213a221L424Z0324242Z034c125Z0224223s133c124r144Z215a045b055a222s031H1233132J0332033J0134056b0143023J257Z0422067Z066c054a164c176a274a065Z033s0244134t0152084c12510264147Z094c143c285c052b051124310412186Z096b0531034332740162083b24422363058c143H325H2463241K04540?players=bormar,pricci&colors=red,green"
924671777,ETCOC,ETCOC 2026,Round 3,86482486,96610271,Kingkelodeon,Larpaattori,2026-10-01T19:00:00.000Z,"https://www.carcassonnelab.com/#/0/0/p62s9_ujSli_YcJhI7Gdbg4enZIRyKZqgTT9sVOBKMx9TyfbBkIEkiY/12b222q1212421L1122123q122L213Z122Z114Z23140223332b232t015b024s016a223b042a126a226r033q136c134t235Z035s033Z331L024a144t117b4131027a018c132J042s041H054q052s028Z051J033J2144434K024J052b055q064s046a274r027r043t043b247Z056c037t338Z048Z1412038q329a249Z045r145a247q14AZ019a039q157r23Ac265r3?players=Kingkelodeon,Larpaattori&colors=blue,red"
924672677,ETCOC,ETCOC 2026,Round 3,86015756,85503196,chonps,Misny_PL,2026-10-01T19:00:00.000Z,"https://www.carcassonnelab.com/#/0/0/o8E4Ocrd5Xh-0VljiP1BxOzd5xJP_i1J8Dt9GfkQnvT4TMF5kFPLt0O/12c121K122r032s023r02122123142t324s022Z352r243q113a123b133a2314343Z234Z134q232Z1412124a053Z042b052Z025c025r015a0132051H0512152H035a153q2224054s0234053K062q0321026r263q073r064r063c065s075t062c116b045c026Z072Z073b274s061J183r064a0334071K072q036Z037c244c047b017b014b165a335r157a182s12432?players=Misny_PL,chonps&colors=black,red"
924672777,ETCOC,ETCOC 2026,Round 3,90496787,97285807,texe1,Haikala,2026-10-01T19:00:00.000Z,"https://www.carcassonnelab.com/#/0/0/pBXVVuNaNpmmxkxrWXprLbCnvjl91eX3J4BpuBUA9jMlLSC3wO96-_q/12b2123121113130223232Z022K11310233113Z023Z13321242043214140252021J023t231L033r024a124q034Z044105420533033a0552044a0143123L154c414a022s1521033H0621034s124K041H343L051J242t042L053K163L044H064H1561015a0352025r0513053b116c0651026r064a036q0751073H025Z145a026a062H065b0461035b127a036a042a0?players=Haikala,texe1&colors=yellow,green"
924674677,ETCOC,ETCOC 2026,Round 3,88500055,84689146,majkls,TerranPL,2026-10-01T19:00:00.000Z,"https://www.carcassonnelab.com/#/0/0/osdiWMlvyaQfzhvajy-KKNa_X2vcW_3jkCQeJkI5aKYpBo6MiEQ_-Za/12a2212122r1311032s023r133q032Z142Z121L043a033c034t223a024Z224r034Z1322044r035t425b0221235Z152a1233336b026a0333146c062a054q151104220124155q15242622022J031J163a06310531045s34141732056r046r047r041H01340341048s042H458r0144023K132L0722036t064q242s024H259s0822034K035J257t025H238s015Z467r2?players=TerranPL,majkls&colors=blue,red"
924676677,ETCOC,ETCOC 2026,Round 3,93988481,90314669,Martisango,Nallerheim,2026-10-01T19:00:00.000Z,"https://www.carcassonnelab.com/#/0/0/pZBXlSj2B5ESVOpEQbXiqJMn5faAzIkNiIE9ht7v-yq0DZJwF8WZ7CT/12a122a113a032Z042Z123a214b3122024t133c034Z0222315Z021L325Z126b016a027Z135a122L431L1234245c021104130132123J2142126t03211153136q0332125H0254026J122r236J134201610313035K134K246L256K243405110533055H1541257L0634066K076L058J068H052Z377H059J028Z047J065J275L118a053b227J078J163a448J1622049L0?players=Nallerheim,Martisango&colors=yellow,green"
924678577,ETCOC,ETCOC 2026,Round 3,85379310,83832219,martypartyouje,UY_Scuti,2026-10-01T19:00:00.000Z,"https://www.carcassonnelab.com/#/0/0/q4mlQGivPlYGQXRZ56xEyGRA4iEEim_dtwjsXaiS63Qoj1Tgi-eCHQ-/121122112121324012b1334213Z1314123r04232522232b06210511123c0534242a0412021L433a314Z043c244c115Z122H032H225a031H0721122q133q08210714016b0613023K1833234s3842117a39421A440A33035q027c073215431641026t044305511B430814227s037q0952072c025q047t024Z136r2C41044s0C310452022c29321B52345t113406330?players=martypartyouje,UY_Scuti&colors=green,red"
924678677,ETCOC,ETCOC 2026,Round 3,84486751,85391150,estroncio,kartopsi,2026-10-01T19:00:00.000Z,"https://www.carcassonnelab.com/#/0/0/rAXnFOYBCkFKthcBxjDSYM9XCVgE71UietQ_K69HZhum-8NjHY5MDSR/2121221122c1321132a01231231121K122H122r212c223q223K224r133s1333024H014Z034J033a224Z015a0142043c225Z016b026q2432036r035t032q15310243017a237r027c031K037Z3343038a227t048Z038t039b039q149b036Z04Ab23Ar05Aa243q2314013Z15Bb06Bb241203Bs047a057c125s034q3512056Z04Bq22Br13Aa223b149q444a467b034c3?players=estroncio,kartopsi&colors=blue,red"
924679677,ETCOC,ETCOC 2026,Round 3,11329731,7119600,Zokanero,Nethshrac,2026-10-01T19:00:00.000Z,"https://www.carcassonnelab.com/#/0/0/o0T5jnB4hg5w4L60BlDQj_b2uFdMJ2NLyYImLwprvL_klc2CQU0Dvbr/12b1212121L2122122t1224022H1133132r013Z133r0141023J0151114a023Z024s033H224K1254034K1233135K1321044H425J0263122Z036H2364232a233c03732461043L3561026H0311142c032J253L042H04740481441L0332052Z342225130163017105240531053c037J06610612054Z0712281417240822062418320934027J038108420283085101831?players=Zokanero,Nethshrac&colors=black,red"
924682007,ETCOC,ETCOC 2026,Round 3,11329731,7119600,Zokanero,Nethshrac,2026-10-01T19:00:00.000Z,"https://www.carcassonnelab.com/#/0/0.5/rORQtuzUADRZBbxjtoGWzs_U7AT6jeHc-Q60gqCO_Fez_cGvtq_OPpr/12a122q113b021K022c132a132q033b033q014Z024c034q124r025Z134a244q044c026a02120122154t255q153q063q145t427b064r031J035Z074t2312184r022J146q223c037a0411042Z0511041H056s043c036Z175q076t252Z066r086s047b362c046b072a057s0714032H016Z226s047s223J017a032105223531053a043404220614057a225s163a2?players=Nethshrac,Zokanero&colors=red,black"
924683438,ETCOC,ETCOC 2026,Round 3,86015756,85503196,chonps,Misny_PL,2026-10-01T19:00:00.000Z,"https://www.carcassonnelab.com/#/0/0/qgeh8vqDQiX1H8xBTc3P1QbFjXjFUxYp64KhzRl5d1wEdEsaUT_Xfn4/2111124121J012b131H2131022q1222022J222a132r242s232K032c542K0314242Z143q023q044q234s223Z133r033c04123514052b142336121623252r051J213a163105330713014a0733015a161J08130541262s053q163r045s043a2834216a017b027r026Z1822027b035r236b0323124a044a0742054c241H09340841062c154q055t1721455a246Z053b0?players=chonps,Misny_PL&colors=red,black"
924684526,ETCOC,ETCOC 2026,Round 3,90496787,97285807,texe1,Haikala,2026-10-01T19:00:00.000Z,"https://www.carcassonnelab.com/#/0/0/qgDlkU_v2jQWH0WBCO2HFjjzGB_n-oCXVwa0R5udhAiu6SbBKQqhdHl/1210221012a122r023q122a133q223c234r0211043r044q1322145s032s013b2233254s264t032a263q121H265t03320241033a03411432053q124q1441025s066t0453356s057r073r226q043Z124a283s05321352072r036q042c044c125a082q035Z0251245c246Z226c042104122514262r274q06320313192q37331744115a0642014b061K027q2143384r5?players=texe1,Haikala&colors=green,yellow"
924684938,ETCOC,ETCOC 2026,Round 3,90128076,84360558,posij118,Gr3yDeath,2026-10-01T19:00:00.000Z,"https://www.carcassonnelab.com/#/0/0/qRFZhRWssgp2hfvYlpyzpLPpA5aw73hDhMmV1I1W4iumh5UH4nGBIsn/12b2212122t321K022Z213Z132r033q343t214a023c024t225q242t053q144q131H115b054t055s026s065t125Z075r233Z034Z052t234r162t145r076q146q141L056t127q185s077q184q086q178q036t394s172q057q282r093q022J074t232L033H342L061H068q073s071L223r152H0A3r288r024b079s016a3312026Z369t327b137Z234L283q164r136a1?players=Gr3yDeath,posij118&colors=red,blue"
924687038,ETCOC,ETCOC 2026,Round 3,93988481,90314669,Martisango,Nallerheim,2026-10-01T19:00:00.000Z,"https://www.carcassonnelab.com/#/0/0/o2SjISjFbsnsOCIxm30DIYTRBg1gSs-dg4rYJv3iHx838RnfWPkSzLm/12b122b0212123Z224b014a021J0122132c042Z134c0411025b043c052a0511226Z036Z044Z135b146b153b016Z1421017b143103140441031L256b141K1131027Z032H042H055a0322152H051L022H1344152q043K144J032q034J061K065c053H2231064Z071K062J033r353r2541124K023t233J022t1223233a027t135L063J264H072q0243063Z437c03512?players=Martisango,Nallerheim&colors=green,yellow"
924687448,ETCOC,ETCOC 2026,Round 3,84486751,85391150,estroncio,kartopsi,2026-10-01T19:00:00.000Z,"https://www.carcassonnelab.com/#/0/0/or1SumcncbYpRjCi7MpD9rbdQ7IMSEkAeScofRg-OTWjsOygc2Nm4ZI/12a222s123q132q233s224r143t131H113b014Z124b242t122Z015b034q034b025b132K016c025r044q233a035c353t026Z241H027b026r036s227s354s045s223c164t137c345a046b074q063s017a075s051K085q028t137s047a062q072q042K246q243b047r038s118b243J056q033H023H124H1124139q022K03Aq119Z249q013422Aq352L173r01Ab036c0?players=kartopsi,estroncio&colors=red,blue"
924688149,ETCOC,ETCOC 2026,Round 3,88500055,84689146,majkls,TerranPL,2026-10-01T19:00:00.000Z,"https://www.carcassonnelab.com/#/0/0/qpd3MlIeEWmdyXnHU3wt9wZuNoY1hr6W56JTr_Z59yOW8JdXKlFiuZ3/2123124112b222K1131132L11422154124J033J1241242J021L141H0342223H03320321025J134H126K0313144402343451041405122614035102510263035L054135332632431L262Z12221433243J122s044H032r072a033t073c082a145J292c022a3364223r273216410621081207420651043r642s151K253t06620551052J162L053H0524163b0722083a4?players=majkls,TerranPL&colors=red,blue"
924691870,ETCOC,ETCOC 2026,Round 3,86482486,96610271,Kingkelodeon,Larpaattori,2026-10-01T19:00:00.000Z,"https://www.carcassonnelab.com/#/0/0/qb6jGWV4JEyo7itSohwDHz4oBhmWiglm7t1rKdJX5H2E4zeNz0UGCKu/212112c113Z122r023q124q214b025t234s032q031K023a015Z235r036s125a121J035b037q046s127t016c038t042t245a143r053t047s141H051K063t173s062t045r072r155t074t075q284r282q042K085q083s092t036b4311093s095r096q076s0A2s0B2s2A1J081H034b056q055a156Z0C2t057s465c0A5t1B3q371H194r3B5q167q265q0C1K054t186q1?players=Larpaattori,Kingkelodeon&colors=red,blue"
924694990,ETCOC,ETCOC 2026,Round 3,85379310,83832219,martypartyouje,UY_Scuti,2026-10-01T19:00:00.000Z,"https://www.carcassonnelab.com/#/0/0/qDsyIul2w2nBTV8__yNb3zzgOo6m2XUNjoWvWgCicUw7x7FBVSTYlcw/12b2123122a1224021J013a223t12111312233r014c0322032q14222434243q2532144s0444222J231K0231023K01320632424a233J034c034s023c333b045t3734042s053t143c024q215Z1411042b022t135s144Z125s055q116b065q026b275r225c135a046t045Z054Z026q327r285r017c153a018c036q1511037t264b074a028r4624176q284c019a046c2?players=martypartyouje,UY_Scuti&colors=green,red"
924697960,ETCOC,ETCOC 2026,Round 3,88672769,93117867,bormar,pricci,2026-10-01T19:00:00.000Z,"https://www.carcassonnelab.com/#/0/0/qU7YmKsbUMlBI8FN3HZIrxDpAW4QYcoO-JECpSchyktSAxfiKma8YeX/212112b2311022t132a1224213a022c023Z2231033a1132243b014a024r023J0122134Z11412331233L253a443J023r0343224b025c234r0351063c015b044Z045Z046a035r224K235b142b132H031J062a136r226r032s021K073b174b232304140513042t172Z025s026Z127q183Z254Z44330711342J364c1721052r5813043r1522253q0422055c052a075Z0?players=pricci,bormar&colors=red,green"
924700220,ETCOC,ETCOC 2026,Round 3,93988481,90314669,Martisango,Nallerheim,2026-10-01T19:00:00.000Z,"https://www.carcassonnelab.com/#/0/0/pkCUIQ0HypEnnzFQ302MxkhNA2JlMRmVbLGOQN72xjtHON_KcPrNvZm/12b1212121H231K122r1223122K3322242404120522213c123c032L133c041L232c042b023K1511043a052c0533242L04320442213106121631054105540652014116440732051L07241153061H262K362Z023s063H253b172b063b024H0712062q072K132q373H282H254a034H044c044J0242071J064Z152q073Z025J392H293J13142344282c035J283J06230?players=Martisango,Nallerheim&colors=blue,green"
924703884,ETCOC,ETCOC 2026,Round 3,85379310,83832219,martypartyouje,UY_Scuti,2026-10-01T19:00:00.000Z,"https://www.carcassonnelab.com/#/0/0/qJkhxrx7IipFU5RjEYDoYSCxJUFaKpla1ZjtUS9SCPIYokfS0gk0jyX/12b413a223b222Z222r124a333c223s114a234Z125a143a115Z144c032a224q033r045Z254a1313355a0412316Z226t0423227q234t043r0211235b032q446b0513053c026a053t0521154r017a047Z035r036q037a048Z142Z128s064Z038b028c052s027c039Z158a159Z068a05Ab13Aa029Z038q0221469b278c24Ab077b257b087Z086a019Z097Z079Z13BZ0?players=UY_Scuti,martypartyouje&colors=red,green"
924704062,ETCOC,ETCOC 2026,Round 3,86482486,96610271,Kingkelodeon,Larpaattori,2026-10-01T19:00:00.000Z,"https://www.carcassonnelab.com/#/0/0/p2WmBROlb0iYLng1Z-3wFdVqv3Q8nEJxic1qtDqjDmkd7AlSAGbk3zJ/12b221L2212422H022r222Z132q213Z032H123q033q132a1314223a124t014a0411024a234Z034r143s335r025s044r1511033a025Z133K143Z052a034H024H042q245s025K246r226a055r052t153r041L036t126q226H036J0151056t327J065t364s116b017201640611317Z247q136a075r018Z342c051J2423119b2522035b11212324085t262t023L128c0?players=Larpaattori,Kingkelodeon&colors=red,blue"
924721269,ETCOC,ETCOC 2026,Round 3,85547883,89754915,Jackface,Carquinyolis,2026-10-01T20:30:00.000Z,"https://www.carcassonnelab.com/#/0/0/qYyHnnkuBarz_rvSLTNobcf9EAUeZXa8Tqic7ohAv2NJESpAtbOkzfL/212122a0311012b221L223Z113a114a122J022t0224132s133Z0121143a434Z132H124b035a044Z023H242b136b045b053c0322423t154a124L064a025H04240233042q341H113113330141126J343s2342074Z042J053q2442052q025Z352H215103520252034K055b2363235H1261046a026b027Z2371056Z115a045J127J037L3172031J046K0454151K136L1?players=Jackface,Carquinyolis&colors=green,red"
924725584,ETCOC,ETCOC 2026,Round 3,92216740,86502254,OJH1997,LadyOfAvalon,2026-10-01T20:30:00.000Z,"https://www.carcassonnelab.com/#/0/0/pwTmOe-KEGkMZda5Q6w9RNWxCylU45LMBEhpjQk5dd9loyQbXxNSS0H/12b11231212322t122H0131023L2144213Z023s023c014b033Z024213441352133J036102620154034J135L232Z0224244H121H7333245J131H2252055K1322332s046H154J053J025J032J142L063H324H0431126L0233156J0274052J036L0173066H443L2532127K047J162K157L0451358H046225540564065H068J037L0372148H0161238H1284264L128L1?players=LadyOfAvalon,OJH1997&colors=red,green"
924726584,ETCOC,ETCOC 2026,Round 3,85573257,88053112,FanaticalLime93,Quim VS,2026-10-01T20:30:00.000Z,"https://www.carcassonnelab.com/#/0/0/qmQhixbbDijby7G0ktfSPWyVtv02hQe1yDLcI271NGE0FiDmTx_GAWL/211112b121K2124122H0222113a123a031J022q13240312232c123L042a1421533Z033L132J243J052Z0514024b025Z035Z1413042J323q122Z024t033t045Z115a444a034J053c126a032q062a0231041J046Z052K334s043r062K061H027b047b053q054r052t051H062s172H0132053H273H1433154J1143063H155Z044s174J171K383H445s175H035t385J2?players=FanaticalLime93,Quim%20VS&colors=yellow,red"
924727584,ETCOC,ETCOC 2026,Round 3,85212302,97812640,ohlookcake,fisherman7,2026-10-01T20:30:00.000Z,"https://www.carcassonnelab.com/#/0/0/ok73fJRuS5WyISZszu1rKpo4dbUWDYKnE_Cy-_HOMuiqsd_3d-mSQZ8/12c222a113c114c032a123a122r024a233c142c024t152b043b225b026Z05141313132q131H2122023r053Z136a262a044Z072a215b182c042s037Z022K047a127a033t0411063c045Z02240321148c03330524028Z234324320713034r0212129a018c1621317b02Ab03510423058a1531168c067c057b0631156a077a078b443r566Z087Z076a388b435s225t0?players=ohlookcake,fisherman7&colors=yellow,blue"
924728584,ETCOC,ETCOC 2026,Round 3,89873118,83920993,Golden Hind,danisvh,2026-10-01T20:30:00.000Z,"https://www.carcassonnelab.com/#/0/0/quTcebcSmaWQ4cxTtfrjR6gtZSYjoPl6ZtKqHe7ot79jBu7PpR2Dd8A/211112b221J0312131L2412242c022r141L1423051J042s1522152c0621262c0613032t263Z133t113a023Z2722072a223q414b0714043s034r153t061J052q124r035r233a044t215a245t025c424b362t263r0812222a355t264r053b073a1511071H043b054s064a034Z165b074a084c482a065r092c1733383b066r056s167t046s177r047r025s074t272q2?players=Golden%20Hind,danisvh&colors=yellow,green"
924733339,ETCOC,ETCOC 2026,Round 3,85547883,89754915,Jackface,Carquinyolis,2026-10-01T20:30:00.000Z,"https://www.carcassonnelab.com/#/0/0/rHHZM76kp2Fa3cijLt6jyX72d2yIAbvncrMs-1S57ekz2FLusOZ9ehC/12Z121111211312122q0412122L2224023H13221131124K042a034K221L0514032J2334313b035H223s033s233H036J026L0424022c031J046L137H243t142t047H242H252r051H056H052K043a0612455K4622062b063Z0162062q045J21520232053H344L062L053b027J053s025H032c272b057L332r017415210724043J07323533067H361L266H063t02410?players=Carquinyolis,Jackface&colors=red,green"
924734003,ETCOC,ETCOC 2026,Round 3,89873118,83920993,Golden Hind,danisvh,2026-10-01T20:30:00.000Z,"https://www.carcassonnelab.com/#/0/0/qYXWIx-u4x9a7-BWHZdSUHU3gww_-QXBmW9ckghX8MQDzA6WToI2Qmz/212122a123a113a133c224a432a1221023q1323122t142b04110332043c0122014b2424034a115Z15223434044a0511124s034t1443044s1312043r021H031L032q025r133r0342041H126q054Z3451042r2534245b2544055b345r235b051H0243025204631262052s132J136r062r054q061J053b055t236a237c026a065r027b063t065a1564246Z255111310?players=danisvh,Golden%20Hind&colors=green,yellow"
924735525,ETCOC,ETCOC 2026,Round 3,85573257,88053112,FanaticalLime93,Quim VS,2026-10-01T20:30:00.000Z,"https://www.carcassonnelab.com/#/0/0/oozI_CzAQ4nGsFk_JQrOgDh0e14D-U2xs8O-9wiUE4ZPrNwzUw3XBd7/12a2212213a022q123c122222331321122c0313024404140343024Z13322422132Z134c032r05141141014b033Z021L252a231L042t1612262c253Z243Z144b145a4714072c2124142c07213731222H06310524025a4822141J0921193239113A12046b082Z036b147c1532023L0742092c1841073a0623293b3433083Z084a456a374c064Z324t063b0644454Z0?players=Quim%20VS,FanaticalLime93&colors=red,yellow"
924736626,ETCOC,ETCOC 2026,Round 3,92216740,86502254,OJH1997,LadyOfAvalon,2026-10-01T20:30:00.000Z,"https://www.carcassonnelab.com/#/0/0/qZlPKAdbcR4IUm6dHvCpvvYysX740gxjNlQFeIgcDUgoS-FY9jyEsE5/212122Z121H222s0312032t232c142c4412023Z033Z123q131H012c043c144a253Z024t422K054c024c033t052a045Z225q046b0511135b0121113a036b115b035s126q337a363b1611055Z327b2133143t141K065a051K052r028b247c238a075c473a026Z1323072c0523242q044s042J0533153r016a443J056b276a0541057Z067Z04314712044L048Z16220?players=OJH1997,LadyOfAvalon&colors=red,green"
924739443,ETCOC,ETCOC 2026,Round 3,85212302,97812640,ohlookcake,fisherman7,2026-10-01T20:30:00.000Z,"https://www.carcassonnelab.com/#/0/0/qLm5hDn5Qz8bHZwC1QWAUytwF8uqU1QC4Uj430TfPy8Jz5ssokiTrgb/12b41231212122s1312122J0414032Z1323113a123c142Z324c123t224t133t134q235s445t044s155r254r053s025a214b215b052s036s426q051H142t135c2334043Z164q044c052Z0231034101310431323K044205330521063q041H224H026Z0544242103521364034H0241031H0551073r02610253033a015312720563237221441162061L4623044K04710?players=fisherman7,ohlookcake&colors=blue,yellow"
924743945,ETCOC,ETCOC 2026,Round 3,85573257,88053112,FanaticalLime93,Quim VS,2026-10-01T20:30:00.000Z,"https://www.carcassonnelab.com/#/0/0/qCmA1IQ9yZPss0l5da-gyDF6TXy_dLRxvWyLF30YJRkjD47uej6WtPh/12b222Z11220213123a113c124a033a334a222q014b143c244Z125a145c0221242Z026c0313036Z027Z121K028c017b115Z016a018a024t223q131H033q025t132t332Z135q132J13220414255a442L045r043q05120423054c052102321241044t053Z13310612171107210822072a09240934064Z163a041L073b082b051K061L0431052H494119514A4208424?players=Quim%20VS,FanaticalLime93&colors=yellow,red"
924745678,ETCOC,ETCOC 2026,Round 3,85547883,89754915,Jackface,Carquinyolis,2026-10-01T20:30:00.000Z,"https://www.carcassonnelab.com/#/0/0/p6_z10bIQvxLn5IEgqWocSlmylXuYgWst1UE4FsHp38DAcGLGqhoe1I/12b222q12121222121K232q03221334112112320132031H023L134122410351042q232K0363023s143s02520431113Z0262022b024K05330423032b0371142a1461014Z033H052c02732453128205141551324r01640521022J0313029101522633062402A1043Z15434641323c1413015c053b254a06533473157104813182439231712563126J262a025t17423?players=Carquinyolis,Jackface&colors=red,green"
924814145,Rivals,GG Rivals: Season 1,GG Rivals S1W7,94669974,92724402,Berna1871,King Mauri,2026-10-02T01:00:00.000Z,"https://www.carcassonnelab.com/#/0/0/os34BcVk4NAWysKTOs0t82inyl1uFsZXXGxBWjUr2P0bxjNqJN3o_qA/12c222Z113c023Z114c021J133c131L222r0212224r0314034a034s033q13210221132K32310244233214121422042b0122144q0132023L045q1511115Z025Z043r035q042J055q346t136q0523465t025t147r056s066r042s06220533133J0542052Z06440433223s041K037t4443232t124K026t1452251L1721154q45541653256106613354452K0144027r1?players=Berna1871,King%20Mauri&colors=red,black"
924828261,Rivals,GG Rivals: Season 1,GG Rivals S1W7,94669974,92724402,Berna1871,King Mauri,2026-10-02T01:00:00.000Z,"https://www.carcassonnelab.com/#/0/0/qmpNoX9QL0y5tnsKBkRobZJE-HtJDfhPxZeVubXIt_s-iBZKh4mGGAI/212312b222r1223123t2313221L0123113Z1134122a222H033r031H224t043r042q125q034q023H03221233224J033J052s043L241K014411531241034J015Z0334043111610251051J0444252L053J461L062J132t032H135J025L044H162s072H173J071K063L154K083J114Z442H081J064K024b065H1423045K135q175J053q282K045r292J336J126214141?players=King%20Mauri,Berna1871&colors=green,red"
925119098,Rivals,GG Rivals: Season 1,GG Rivals S1W7,97238273,90314669,A1egat0r,Nallerheim,2026-10-02T16:00:00.000Z,"https://www.carcassonnelab.com/#/0/0/pp0O3YXSqni_MQ6WStBbPfJ2pIIJzVd24sDC1jK5p45EJJ3DGQ4Y7j8/12Z213b223a414a233c023s122c224s424c234b225c12121313133t1221021L0122143q022K025r0131222r126Z116Z035Z31410233053r03330153142s031L034s115c027b243b126t017b132Z118Z219b045a128b327r01Aa129c02AZ31Bc335s029r037r028t2323125422Ar242Z24240342044q052a038a147r1352057t1431016403At1511038t132t145s0?players=A1egat0r,Nallerheim&colors=yellow,green"
925139862,Rivals,GG Rivals: Season 1,GG Rivals S1W7,97238273,90314669,A1egat0r,Nallerheim,2026-10-02T16:00:00.000Z,"https://www.carcassonnelab.com/#/0/0/q_XQURT1vfis4tqvivdVDoSb5q9hmPBZ5LzJA9qhQO-YL2L6Q1s8yNF/212121L1121112b422L231H2221123K132J013b422a122s132324221332032q141J023t3342042r031415222351233s224q1433143t053r034q1511036126240531152Z232Z0441123Z162a063425430644253a0551261136532462054b054t0251424H34120661042Z025H256304720143064r03710382055s044s063r32720572062t06740583114Z172r125q0?players=A1egat0r,Nallerheim&colors=yellow,green"
925148557,Rivals,GG Rivals: Season 1,GG Rivals S1W7,97238273,90314669,A1egat0r,Nallerheim,2026-10-02T16:00:00.000Z,"https://www.carcassonnelab.com/#/0/0/qV7nMeB0brWXbnj75hcSI2gmGqCnEUB1uIkmqkqH8lW8ex_Otlq1A-Y/212112a122a132Z123c122q113b0221132r123t033q0124114Z1313233Z022K0233142t224c123K2334041K051L232L0241052q042c021L061J234Z025a324H015a125r152J125J014203210422035Z144b045c054Z155Z134s056a152b053s0511057b053a171H262H263c062s044s181H472L082q163r083s093q073s043q084q285s075q082H065q191K058Z0?players=A1egat0r,Nallerheim&colors=yellow,green"
925170706,ETCOC,ETCOC 2026,Round 4,98038601,84842488,Tappajahaukii,Tomaszek01,2026-10-02T18:00:00.000Z,"https://www.carcassonnelab.com/#/0/0/qTt_qYdvvnUb8TaONDd_KFTtWQ7Mwh1fVN8DjjLni38PAluiIl1Tsz6/212112a213c022a1312022t1413232414220332142c152Z152305320123013102332141153a122H054304310441032c043Z223r033Z244b26410341062a114c015Z045c025s1614016b2714054a033q034s132q232J043q342t0812072Z044t273b064Z024H054r145s472302410152046q236r056t137s024a025K0162083Z023H325Z124r034b26332451441H1?players=Tappajahaukii,Tomaszek01&colors=red,yellow"
925172606,ETCOC,ETCOC 2026,Round 4,90314669,98189963,Nallerheim,DejmiaN97,2026-10-02T18:00:00.000Z,"https://www.carcassonnelab.com/#/0/0/qYutW34UyU_ElVs-y8GjEW9D1G4-_hq5_SQ00v8WXU21UshdpCXr3FY/212122a1312212b213b122t2414032b123Z214Z224t132s015b033q025b026Z135b033Z0323034a043a127a037a134s043r028a216a045b0422046a029c142a147Z038c157Z067c068b066Z018b155c017Z2512277Z0222127t1614043402Ac128q029s2232042r013321414241152Z448Z024L026q037r135r025J134H062b039a047s348t249s058b157t049b0?players=DejmiaN97,Nallerheim&colors=red,green"
925173606,ETCOC,ETCOC 2026,Round 4,97285807,84689146,Haikala,TerranPL,2026-10-02T18:00:00.000Z,"https://www.carcassonnelab.com/#/0/0/qR8wcGwkRZLdb7UfO4sLBKxT2PCX_tqOK3uhUhxa2UjjqLNnBuuoyt3/12b213Z1123114Z115a02240212124t125a123a121L123r13222233322a0332222q2314132a034r042Z0433035b024b0412333s136Z237b143t135q131K027Z042t034c016c026r426b041H253s052s0131062r063r045Z061L223H042H052H044Z072t054a164c073q065c055b083q017b1244043b024L053Z1343074s451J033Z264r246a2442228Z154r418a3?players=TerranPL,Haikala&colors=blue,yellow"
925177606,ETCOC,ETCOC 2026,Round 4,7119600,93117867,Nethshrac,pricci,2026-10-02T18:00:00.000Z,"https://www.carcassonnelab.com/#/0/0/o10CM-okjcbjCK0Y0HP8E0f6mdz6vyh4pWUfaGM0eBTFaVAURZEuCKF/12c121L12144312132b131K222r342b132r232H233q142J134q041K023q143H552H233J0322043r042q0411013b023H153L033Z2424253r0331062H224s0511052r01230522125t014Z044J124c034b051J16110623062t0631062c0132122L13420721034J023b335q044s171308221441063t073r174t354r083t0142084r155t015b272Z08140912185t29210?players=Nethshrac,pricci&colors=red,green"
925178606,ETCOC,ETCOC 2026,Round 4,96610271,90878893,Larpaattori,kspttw,2026-10-02T18:00:00.000Z,"https://www.carcassonnelab.com/#/0/0.2/qJGLWXp_ay0HIZ_oRvSxlr87J0NbWBlA9xoCCCddtkM8x-lu7ekjXkp/12b413Z1213221H223c0123122H114b023K424r1314032c022t232H142Z131J0222042K033K143J132r044H034J135K1412136K125H241J045H042s133s0131024J037H234r022a344s051J13240153026L115Z016213320434043r353t152q227L038H263r164s0254052b2441025s061K053K362H254H0261028J01710242074t3352072K429K154s025a0?players=kspttw,Larpaattori&colors=red,green"
925180784,ETCOC,ETCOC 2026,Round 4,98038601,84842488,Tappajahaukii,Tomaszek01,2026-10-02T18:00:00.000Z,"https://www.carcassonnelab.com/#/0/0/q1Cjk6vH9sDqHyTFa8UBDsJuHRjHa5P2PNGPQrNezs2Vb6EwhizZKOm/121112b122c232b013Z042a1212033c021K452c2131123K024L031J132L034K034Z141K0224162b025L0152216313221412025102340172027L024303320272035c051L214413740263228303510473072Z073b2363071203431483045b074a046b075b047Z048b483Z0443322H0811093a0912052r282c253a437c1424236c1313258a426H057a123s2511123c3?players=Tomaszek01,Tappajahaukii&colors=yellow,red"
925185036,ETCOC,ETCOC 2026,Round 4,90314669,98189963,Nallerheim,DejmiaN97,2026-10-02T18:00:00.000Z,"https://www.carcassonnelab.com/#/0/0/q9Q_aYBfpbIZh1KB3BuDB_7v4kwnRGSQPdz0Bi9QU3MQvgi3hGWwhf7/212112b121H131K122J541J2312142q132b241303220512152q0521042c0333022Z1432233Z123304430342023K132H0534243s033K152b033r0131023s0241034b043Z0252223Z1351051K253q262q262Z053Z035Z044c036Z142K013a024a022q154a263c064c126a063s473s064s034J114b727b034r235r025s026r444s265q045t155a046r137c055r161L1?players=DejmiaN97,Nallerheim&colors=red,green"
925188682,ETCOC,ETCOC 2026,Round 4,97285807,84689146,Haikala,TerranPL,2026-10-02T18:00:00.000Z,"https://www.carcassonnelab.com/#/0/0/qhY3H9oXDPq-RmdRaUOmyOPIAJ6aYD_rYMQTq_kpewAR7Xk-kQhicpn/2121121112b213a122s123a221K033Z123q433s131H234q024s214b024b143c034Z144q235r0133135Z122K041L154q055q1224132b223J01440234056t065q036c037Z027Z045Z325Z0241066r057q346r067q0254277t253t264t047Z074s117a028a073r057a0152029a038a058a018Z163t062q172q015a061J282q3321252s0161083s422Z093t458q392q1?players=TerranPL,Haikala&colors=blue,yellow"
925188935,ETCOC,ETCOC 2026,Round 4,7119600,93117867,Nethshrac,pricci,2026-10-02T18:00:00.000Z,"https://www.carcassonnelab.com/#/0/0/qHVeampOPQYY3vvgx4P2olvvq8xNLyGUcXwSYVFRWsh40zUUAfAAAF4/12b41231223113Z122q2213232r1131022L232K142q023r042L133t231L121K141J023b02320312033L04120334242104340344352H024243211531053L2543062K043q063J023J014412544634153q061L2351071J434q026101510642244t07442524172q1624073206130162154s051K0174242a127301844373243b03830282119133920364053Z063r054b0?players=pricci,Nethshrac&colors=red,green"
925189737,ETCOC,ETCOC 2026,Round 4,96610271,90878893,Larpaattori,kspttw,2026-10-02T18:00:00.000Z,"https://www.carcassonnelab.com/#/0/0/o0Ktm1HKkvX7eEqCHD2F-uF81XWBgaAM8EchqpUBvinvLTVE9CHDAu6/12b1212122s113a122Z032Z223q032t124q134r223c0223225s021K215c022L025Z2231031H1124141J01340322333Z034c026b23342423026q042a042L0312224a023H2143232J333J134K043K053H052a254H0152025L044s124H043t034102540261053q0352151232740163151L055J0454045J037404612523043Z063K144a042r235c153b162H173J261J0?players=Larpaattori,kspttw&colors=red,green"
925196744,ETCOC,ETCOC 2026,Round 4,98038601,84842488,Tappajahaukii,Tomaszek01,2026-10-02T18:00:00.000Z,"https://www.carcassonnelab.com/#/0/0/qC5y4jNoQmV-NlLsbR0dbA4GEaRTdnX_KQLjbE97vakbwwI2WPMzM5J/12b222Z11232212132b121K023Z022s023r131H232J141H032t242H152L133J034L043L023J044K142r043q4131044s033q324K535J025H42221142354H0321022L1331234434220242141304312254052t233Z042b053r062r0523061H06230722134a063s1631145H213Z124s1611014c062b264405410512236J043Z0733072a04410824023318340352062K1?players=Tappajahaukii,Tomaszek01&colors=red,yellow"
925209434,Rivals,GG Rivals: Season 1,GG Rivals S1W7,87670119,84617130,migcrack,poopzone,2026-10-02T19:00:00.000Z,"https://www.carcassonnelab.com/#/0/0/qhc1yTvLywBbNHQgZWGJjUaK_Gz7dU_g5SDczpcO3BoOfXb6XThPwjR/2121311122Z032c121L233a122s032t133r2411143r043a042r023t2122042a031J034t112b2323052t352b033224241231044s034Z123Z0434351K2522041L0342113c324t125r262Z054s024a115b0243016b044b026a0614063Z035c045c254c061K071H053c2443062J046c047Z042J143H032H036a117Z0532037c0542153L055b2644044L265c014Z21342?players=poopzone,migcrack&colors=yellow,red"
925209730,ETCOC,ETCOC 2026,Round 4,90314669,98189963,Nallerheim,DejmiaN97,2026-10-02T18:00:00.000Z,"https://www.carcassonnelab.com/#/0/0/qBhaBZVMbrKgBcOS9hGVJguEhqz8B10wLdsT0AnIeBEpipDc0xKy1VH/12b222s132r123q422c013a231H042r043t124r034r152t251H032L035q133K136r025s044t254s015a142K026r021L132a145t1213222J027s464t423K163q025c014b033b124a03110121034a274r084r262s146r044c2411172s042c054b053c034H035a2224243c344K056s036Z057q046b033s161K058q475q259s117Z037b023c026c1131173t164Z282q0?players=Nallerheim,DejmiaN97&colors=green,red"
925211010,Rivals,GG Rivals: Season 1,GG Rivals S1W7,87670119,84617130,migcrack,poopzone,2026-10-02T19:00:00.000Z,"https://www.carcassonnelab.com/#/0/0/rKGv-7GnCrodUGBP6oEqM_NDtG0mA1k4ApICEpac9q3noBAGmSo2S84/12a122q113b021102232322122c032a233c034Z014a042c02310423052a1414062a023s072a443205232624033s032q031K042s082c07140613073Z341K242H121L124b0531033126310811144c043H25111823152J252r432J151H0121074Z234q27340642075b123Z154a343t043b0742053r222L153a1844062J435c355b364c245a123H085a3851034112410?players=poopzone,migcrack&colors=yellow,red"
925494791,Rivals,GG Rivals: Season 1,GG Rivals S1W7,87670119,84114808,migcrack,Megot Noskill,2026-10-03T10:00:00.000Z,"https://www.carcassonnelab.com/#/0/0/pmaI9nwLuQXfbTgyisT-0bfUquTDYkZwWfow4YqnGY-IVi02Ijkk6jg/12Z213b122a122q132a021K32121223214a131K124c032s033c023r133t124q21240232125s43140412115b2421041K143q1334051102410142434q134c235Z053t151L126t016Z1321135r054s064t145s026Z0344027b1152224J023J035343611254042c05240131074q022H142H033H0452045Z046c043a073q0614053Z055Z032H134L1442056b184r046q1?players=Megot%20Noskill,migcrack&colors=green,red"
925497766,Rivals,GG Rivals: Season 1,GG Rivals S1W7,87670119,84114808,migcrack,Megot Noskill,2026-10-03T10:00:00.000Z,"https://www.carcassonnelab.com/#/0/0/pcW_OR0QT7PXHUWpH1J4f_UIp1-6D4O3uJfkvGjqCAB6wZMiCeggSpQ/12a122Z1121023c1223032c022q113b042c043c14120311044Z233b145b014a023t153b64230233133302410512024s263a1612133s043q044s442q053r071406230631245q12112733021J132r27210743152q07510641053108210652031J051K2832052H042H262K053H063H354316622931073H124a034a172J483J3843282L2561292J341K532J134q193K0?players=migcrack,Megot%20Noskill&colors=red,green"
925500421,Rivals,GG Rivals: Season 1,GG Rivals S1W7,87670119,84114808,migcrack,Megot Noskill,2026-10-03T10:00:00.000Z,"https://www.carcassonnelab.com/#/0/0/p0H60nX9r1a3PV3xpJEnlOSmkefTHyxUew71uP4Toz0_fthswpyuMbO/12b113Z0212123q22221232022q0122121K03321313023Z01312433033Z2421034c122J132s331J124b032Z341L0242023L125Z225403430524024L033K043H0351114a042Z133r042J034J125L224q135a2441043t243b236Z151H053r0144234r046c042s153H04542543026a025t035J035r054r026r227r036q064q045t161K237c037r027b047t045K062H0?players=Megot%20Noskill,migcrack&colors=green,red"
925567220,Rivals,GG Rivals: Season 1,GG Rivals S1W7,97890683,93433730,honda0510,KR_ Knight_ Realm,2026-10-03T13:00:00.000Z,"https://www.carcassonnelab.com/#/0/0/qiRsgnAgSTFCrpUUrBC4s1XZuvQLHGNJ3zkqZGZ0TCYnoCD4KuU9zD4/212112c121L222r022H013c022Z123H032J033H114c242J0314023q032s033r341H123Z131J233Z143Z034q124r034b035a043t125s244c026r225c836r324a051K052q016Z217b242c243K215c153r054q3223045a054a064a134L074c024J027a437r052a136Z027q0231018Z064t1413335H0423044H065b128s166a038s0122167a336H077c456a0244137J0?players=KR_%20Knight_%20Realm,honda0510&colors=red,yellow"
925569220,Rivals,GG Rivals: Season 1,GG Rivals S1W7,68743351,93792706,LSC,butron72,2026-10-03T13:00:00.000Z,"https://www.carcassonnelab.com/#/0/0/qZraH9hAuHMcystOyuzrPqLSqI8HsMsOsrqd4ZRtvJGAFSiyIr9zs5s/212122Z121L212b113Z132c1224023t33220231142a042204133524222H024s414b023b131J233s01312432032s224c0123134b043Z12420342135Z022q0254033111520141015Z1261253204410511134s053a05421632124K5731023H035q132H07420842034K044t033b154c08340944025c026Z027c125H144a045Z0363445s246a252Z0164035J233H163Z2?players=butron72,LSC&colors=black,red"
925569697,Rivals,GG Rivals: Season 1,GG Rivals S1W7,97890683,93433730,honda0510,KR_ Knight_ Realm,2026-10-03T13:00:00.000Z,"https://www.carcassonnelab.com/#/0/0/pT9Lfe24I3SbaFxbd7NA36ws7p9FnTK6hQdTRBcPllHuiIJZJcAgOnQ/12a1211113b023a024b234a2311121L223r044c025b04124422122115210121154a223106210612255b02410323022q164Z022H065c05141141331J023L02530724032q033H0714015145330543272Z164116330822175a3442065417332661085c176b295Z386b087a133r097a04321A7Z03410A6c0563014Z015b1742125q28321334075215740841035c07610?players=KR_%20Knight_%20Realm,honda0510&colors=red,yellow"
925576068,Rivals,GG Rivals: Season 1,GG Rivals S1W7,68743351,93792706,LSC,butron72,2026-10-03T13:00:00.000Z,"https://www.carcassonnelab.com/#/0/0/osvpIHq-RR8QCrhI5Y0XnPQFPfrM4z1Hava6NW2M-Y9GuYUiBh4VemF/12a221K122c022K123c124a013c022t223t1124132b0213333a3222133r331J034b23120324041202310512443Z0132044c214204212614024q0334152223413624325r0442023H041J015a0712152c3811172Z042r032J182205410924233L072222412832243L053H052K024K142K125H142a135H0731054K0911052t134L254Z0433244H1633163H0453055b0?players=butron72,LSC&colors=black,red"
925577107,Rivals,GG Rivals: Season 1,GG Rivals S1W7,97890683,93433730,honda0510,KR_ Knight_ Realm,2026-10-03T13:00:00.000Z,"https://www.carcassonnelab.com/#/0/0/qPd1V8Hlak3Y5JP0H_VuOYAabpaV-Ooe47aGu7FALLQdjdUQ4mNXAAQ/12b222a223c113b11231224233Z014Z243b115Z142a024r153c024a122t063Z032t116a025r233s325Z1413026b0511035Z0312062b02320131017c034c122H044a043q0421034q027s026q036t032J046t0141052c031K123J033H041L051H152t0611228q164c143H037s036a046b0322454a121L1432362205322633047t034K3154329s245q065b452307111?players=honda0510,KR_%20Knight_%20Realm&colors=yellow,red"
925577881,Rivals,GG Rivals: Season 1,GG Rivals S1W7,68743351,93792706,LSC,butron72,2026-10-03T13:00:00.000Z,"https://www.carcassonnelab.com/#/0/0/qZKItot5QCQTrUKF3s1EVKFVkBNtlKLDiKZEYLdiLL3hM3NXMPi5qv9/2121121022a112b222q223q123Z124r0133132r121L225s024b033Z032Z343a0234144b154Z045a025a035b0312422K14140334055b256a246b136c165c042a013c13420241014a126r0253216a064Z023H02610141053a1512032H26120161062b16240171126L157a025K075b042t076c033H042L134K167a052s0714027J3361344J031K14321523135q043J0?players=LSC,butron72&colors=red,black"
925618162,Rivals,GG Rivals: Season 1,GG Rivals S1W7,93988481,90314669,Martisango,Nallerheim,2026-10-03T15:00:00.000Z,"https://www.carcassonnelab.com/#/0/0.6/opBGPrzvuODUPXhktOrB-EnntAtoZEuXFz0-syJsSksCw6uu-x6dQxG/12a2212213a021L222K1122122s131K123K1133124H032L014Z133H0231141J251J024Z052q4142043K042J03310223153s053K044J0311043r034L063J1324035J173H064J052J133t0242165L025Z255H026c0431022c036K234r035s14220441032t354L024t137L046L374K225q238H084H075J056H044q226r127c045r023q127q037q262t428s016a0?players=Martisango,Nallerheim&colors=green,yellow"
925628632,Rivals,GG Rivals: Season 1,GG Rivals S1W7,93988481,90314669,Martisango,Nallerheim,2026-10-03T15:00:00.000Z,"https://www.carcassonnelab.com/#/0/0/rNKdyToQIBh19UPbVyOTwbyqdpxV_GVAkx9JZ5yQrUDo22rqIOLGZL4/12a1212221L13140223132Z041315130422061225240433222H04420531052c1621162Z022Z054406320551242c05620653212213330231033c013c0724153Z023r234a0731072a024s024a06411572023L073a046426732741044b08222753324H0761171101321922174b225J184c01513853282b05821833035b2A230143125206822772022r1B24331H09132?players=Nallerheim,Martisango&colors=green,blue"
925639450,Rivals,GG Rivals: Season 1,GG Rivals S1W7,93988481,90314669,Martisango,Nallerheim,2026-10-03T15:00:00.000Z,"https://www.carcassonnelab.com/#/0/0/qdUf_9s1l_z6kb-im8e7SKBN63qmjbeIvXxnnK0qY4L5CvXX7HHwnHu/212112a122r113Z123c033a224c132Z025c335Z215a143c021J036b031L022H137Z014b044Z1121127c023L234a2133346c038Z441L239b051K032q2313042H023s161L262K071J033t143q052H072s042r033K444r053r062r063J324r043J052q173J145t155s134L0231065t035s054c055b024L235K022c254r081L2321125L2223082r0332232H445J245c2?players=Nallerheim,Martisango&colors=green,blue"
925641159,Rivals,GG Rivals: Season 1,GG Rivals S1W7,84346920,88450409,vamoscosmos719,CTCTCTCTCT,2026-10-03T16:00:00.000Z,"https://www.carcassonnelab.com/#/0/0/o9qaNi5_ktIYKPvkJYL6fX8dAKo4NbuVI_ASf1Flfg7Rq8xfYVctt4M/12b122Z021202232314013a232Z142c033Z121L114a243Z123c015a224c044b053c1121022q125c035Z3324023r016Z41310331023L033q21432244032s1251031H033J0151032K043s117a241J024L144t122K151L127c234L026c144L235L054J136c052r0232045K243J225J0164026J0171161J037b045q127H042q154t0263418Z0423546H2271047J353q0?players=vamoscosmos719,CTCTCTCTCT&colors=green,red"
925645850,Rivals,GG Rivals: Season 1,GG Rivals S1W7,84346920,88450409,vamoscosmos719,CTCTCTCTCT,2026-10-03T16:00:00.000Z,"https://www.carcassonnelab.com/#/0/0/qCkYUKLpMcWuiomRpnh9BApJ9Z8KNxb5ZM2cRG8VWPdZvJTb3AtaI3U/12b222Z122q413a2124123a1222032r1131223L123s12132144033K024q2244033r1314125q1232126s032403420331014a2432134r224b015c121K0444416b025Z327r022K0534235b236t243s132b044q3412035r2541034Z046r031H2422153t1513042t052Z024J05220621262Z0152033c043Z17244614035111630633036Z164111721454045b053c11810?players=vamoscosmos719,CTCTCTCTCT&colors=green,red"
925681239,ETCOC,ETCOC 2026,Round 4,85435523,94032736,Tarakanov28,jonben9603,2026-10-03T17:30:00.000Z,"https://www.carcassonnelab.com/#/0/0/qYZWO9cMPadVaKOHzYnDvzDWOh0t4H7R2e9FPjQOPyCgaBgaLPCWFHx/212122a012b232a121L223Z13114323222L433Z023K143Z124a1424031J213Z0431042b02212331134Z033J01340122124H034H2442145313421353132K253Z241J2242042t051J132s044Z142L152c052H054b062J243q053r063r061H0233052s036314122372022r047423840523033t271J153L0481372H054q072s05511511114a06121462234t143H124q0?players=jonben9603,Tarakanov28&colors=yellow,red"
925684625,ETCOC,ETCOC 2026,Round 4,87069475,93691983,tEmNiy,theheras,2026-10-03T17:30:00.000Z,"https://www.carcassonnelab.com/#/0/0/qzC2MqRu-0bJH8wf4G3mStW5psO1ZlCzbMB7sD_jH09xZR9XQTV4Hcc/121112c113a222Z021K022r01331213122H0312123c233Z32212321032Z1331023K0414042c234c135c044c024H2343043Z0244025J032t254a1512155a033t04221151234J0442064Z025a063c0544015Z016a073Z0531026L352Z017Z026b056Z036c034t146Z036J1252272c218Z1264019Z024q082a31Ab233L244K035H046H0523132H142K229Z152J083a1?players=tEmNiy,theheras&colors=green,blue"
925685321,ETCOC,ETCOC 2026,Round 4,91719303,93748701,Fox1347,Helge_H,2026-10-03T17:30:00.000Z,"https://www.carcassonnelab.com/#/0/0/pB_IuFJIdb1KuemOl6jV8D5bskkG7P2inFwSZraa9dvuNSZj83c9N8Q/12b212312230134122H014101511232022c0332125J135K234H033L226H036H045J1241144H146J023J021211621434044403141414232a4262042a132K05120272056H055K0343021K16130363065K0324164H04210451027H0531154J035126210282053L552J263J1551347J037L231L0544257J2183048K041K049H24640472173L0481043J138L139J328J0?players=Fox1347,Helge_H&colors=black,blue"
925685787,ETCOC,ETCOC 2026,Round 4,84410545,87693531,sergt,skvallret,2026-10-03T17:30:00.000Z,"https://www.carcassonnelab.com/#/0/0/qeNjqGcqZzjpwlOPOhBIc8g2Q207yk9FCLg6LwQH0cQNaZVR71_OCdD/211112Z213b4123114Z222K015c023J024t122t022c124b224K2131031402244143032s0241031J025q034b035r235b133Z233L245q043a2412033r023a025Z132b0421044r153c041H036q137r036Z055r054a064c146s054t326t263c445Z474a155a065s134J042a052b043r084b065Z266b253s1234075t275Z076b256a047t086b083a382b073Z046c393c0?players=skvallret,sergt&colors=blue,red"
925686321,ETCOC,ETCOC 2026,Round 4,85435523,94032736,Tarakanov28,jonben9603,2026-10-03T17:30:00.000Z,"https://www.carcassonnelab.com/#/0/0.2/pEAbGzb2Bex3LtPLdez4kavIJ3qjFSXq2sI2AZtdK2s7G2HUyBnSqd7/12b221211231313122r021L132r132c0224032104230333142a043Z022Z333Z113a014Z142q0341252Z14140231231H0443044b0512262b153c024c452215422241032H0451061106211711153143510141024r025a015b163a2434172c381137240631182b133q073b064Z054c045Z265b0732024J023J325K426H234K0162036242642462043r046Z074Z1?players=jonben9603,Tarakanov28&colors=yellow,red"
925687321,ETCOC,ETCOC 2026,Round 4,84410545,87693531,sergt,skvallret,2026-10-03T17:30:00.000Z,"https://www.carcassonnelab.com/#/0/0/qhszNhA5TAfMuhRmGd_IiOq0BILQ4h5RYtog1QJEf-8kdw8B29Ha_ui/2121311112b113Z112303214332022q1234114b015Z123a032a04222434223r125Z15240241024q126b04411622234r0252035s236r026r0724033q043t042t03411454021L231J022K0463022Z232q036324714563066216720262137104120772035a033c0872234c042a0274017316540163044a11541753025s135238530512113416111181324b0282116Z2?players=sergt,skvallret&colors=red,blue"
925688321,ETCOC,ETCOC 2026,Round 4,87069475,93691983,tEmNiy,theheras,2026-10-03T17:30:00.000Z,"https://www.carcassonnelab.com/#/0/0/rKKMupf8JShTiPIrQ09PYbCH5PkXzKqIiEYUHKjecS8F56NRPiyWTv-/12a1123122Z021K031L1211113b041J222q031144122322032b033Z132s242H122K051K042c052H1514243L242t12241614053J152r044H0521213204231712372b033K0334061H28111621082Z053q0534062s2632123K323r123213423731062a0821072t0143373a0444063r043t133s054s434t044r124t071J0914045s081J264q114a024a1242115Z174b0?players=theheras,tEmNiy&colors=blue,green"
925689321,ETCOC,ETCOC 2026,Round 4,87225433,99608692,DexterLogan,dayvillage,2026-10-03T17:30:00.000Z,"https://www.carcassonnelab.com/#/0/0/qYd_Isr19-zybLuMSDVuy2mnuym_eYJ_Xw4yMjkEf-pQKYI2POyMNng/212122a121K2223123a132a013a224c222r232t133Z0324043c033s243s425c242r041H031H052t214b042Z0123134q1131015a032K462q033H034H0312144H263t123204110511073s142H272q044t183t126a393r092q045q1331082r374q24213432053t216a281H051J1443094q022J117b326r336c123L035Z012b452L134a154q0542146Z027a024r235L0?players=dayvillage,DexterLogan&colors=yellow,red"
925690871,ETCOC,ETCOC 2026,Round 4,87225433,99608692,DexterLogan,dayvillage,2026-10-03T17:30:00.000Z,"https://www.carcassonnelab.com/#/0/0/o-4Oug2kM-cpU70sUqm-98MlR8tjRDJukWJbQE5OEb3MrNnpVUGuI7b/12b221221231313021K113c222q223Z214Z015a0131224b414101511162022c0221023H233J025J032J025a2241016Z126r124s0261017b0344035204531443255406512752223s0742036215610374047206430541331H133q02724574132s041J042r053212820462118412920254326K166415233394028K0421143t2761043K0414038K1231148K067303310?players=DexterLogan,dayvillage&colors=red,yellow"
925695242,ETCOC,ETCOC 2026,Round 4,91719303,93748701,Fox1347,Helge_H,2026-10-03T17:30:00.000Z,"https://www.carcassonnelab.com/#/0/0/qhdder7R0sEDLD1ItKqcBuf5SfKr-ds8hTAZERUD02jMcaXzl__wULq/21K1121122q032t412b11342222142q041J122b013a022J131J143t042J151H1141032Z023c1312024J052s0241025K123r114a2252044t035J224c0232136L034q1334245J0434043K323J034K133q133H145t0344146t01540163237L01720354024s215c1274025r236t0442062q016c125a1454037r017Z226H2361035b0371027s033a153r026r047r11832?players=Helge_H,Fox1347&colors=blue,black"
925699828,ETCOC,ETCOC 2026,Round 4,85435523,94032736,Tarakanov28,jonben9603,2026-10-03T17:30:00.000Z,"https://www.carcassonnelab.com/#/0/0/qW2EP7cm_l67LhytuYioZSPohmRsPZPTU30Fn8LKPQI94fLu_jUvXdC/212112b121J022c1121032Z142b0224131L032s4412122K01322141042r424H252t232H025L123J035J226J134J033a0321013a062r023a027H041K052a253b044H042J052L063c02341163062c01740184236K146H053q31520263243r147J048K043J063t137H038L057J223t0254154q255s045q056t0511064t066r261J1421076r0351158J146r057s04330?players=Tarakanov28,jonben9603&colors=red,yellow"
925715045,Rivals,GG Rivals: Season 1,GG Rivals S1W7,88450409,88500055,CTCTCTCTCT,majkls,2026-10-03T18:45:00.000Z,"https://www.carcassonnelab.com/#/0/0/qCU5pvvlMqFrV1ixnkqheYiggKgjYCY00H60d_qxDhENnhiK919SGix/12b213Z322b122r023a114Z12110123124q132t233q023t132c033c143t134Z1311034q025q131J0224242Z0232033104310131024c035b1424052b353b2512162b244Z125c072b263c1712041L345a015c026a016b051J08130721064Z065c017a274a073Z043b084c127r0611237t322H255a032K085Z262402433323142q144s033J1522243J0631053J035q0?players=majkls,CTCTCTCTCT&colors=green,red"
925720598,Rivals,GG Rivals: Season 1,GG Rivals S1W7,88450409,88500055,CTCTCTCTCT,majkls,2026-10-03T18:45:00.000Z,"https://www.carcassonnelab.com/#/0/0/qW2wKUuSWWtHPYQWg0YuEtIRwOv521Se0ZA7pAc5ZeAkVqUMoaBu__B/212112b121L01221312222a122r1221213a13222414222K223q1233233r234s243r024203430424044t1434042c035r432r1351042r0441031H125t014a0331054r355t124a065r341J166q132H033L242H067s024s168q176t464r086r152t151L063s023b058t078r079q187r061H052H232b062r0542075s033a136q1144024J252c097s562a596q243c174q2?players=majkls,CTCTCTCTCT&colors=green,red"
926080938,ETCOC,ETCOC 2026,Round 4,95814549,84017874,Licinio Ferreira,J0nny,2026-10-04T13:00:00.000Z,"https://www.carcassonnelab.com/#/0/0/qZHvZU8TZv1coCs0yOKhongXs5GG874HLg0I6X9oU6VWrmCl8ji3ZsT/21J1121222H222q1212012b132L222b133H02222312031H332r113a033s5134242K032424132232043J053H114a042t063H223a052K324q042a052q043a034r432c152a162K044K215a025a226a062a054J125t036a051H044t116b045r0614064H0421255K0432245H03340523234L256H035q065L046L057J1244067H233b063Z372b053r175J162q026q174H1?players=Licinio%20Ferreira,J0nny&colors=red,black"
926082132,ETCOC,ETCOC 2026,Round 4,85217439,90128076,JMargarido,posij118,2026-10-04T13:00:00.000Z,"https://www.carcassonnelab.com/#/0/0/qHGMDG2E9COvHpD8JgKcbekthyq1B3FDw3_bUu6Te4etaS1U_icY-TJ/12b4122122a1212121J113Z131L332H242L214c032r0224052K033L222J224a251L042r415c161J262s043J044L1312163t053q054H073t025Z025q034Z033Z026Z044Z0234035Z02412324033t1421034r254Z053b063Z064J0133052Z1522073Z064Z063K032a083a062Z384a035q2343274Z03310413053L244t185b575b1442152t394a243c1A4c272c16131?players=posij118,JMargarido&colors=blue,green"
926082357,ETCOC,ETCOC 2026,Round 4,83925004,93570408,Sportr,vomo_43,2026-10-04T13:00:00.000Z,"https://www.carcassonnelab.com/#/0/0/qgZdr6BTKA4LPNcsSWnf3xluGlIWw1X-iwSsMUNZWZhaEJOA5hd0H4z/212122Z0311212c232a123c133b322r2321023t0333233r03410432221H4224122K143c0242031K144Z1251241L153a045Z1233246b063a055a22613353265Z256b0142332q01310154034Z136Z066b075a0361025K242s124J076Z177b047Z026b052q234L333H025c067a086Z087c585a162c054a188c098a072c0A8a068Z096b073c024Z0711283a043q0B8a0?players=vomo_43,Sportr&colors=red,green"
926084132,ETCOC,ETCOC 2026,Round 4,85389469,88500055,andremiguelaa,majkls,2026-10-04T13:00:00.000Z,"https://www.carcassonnelab.com/#/0/0/qgaYfVFgJrPkPgTfWoKh7loccoxn5dEBpHwwYxbRwAyhuBFJ1JoPBva/2121313012b113b1412223Z032Z022q114a0222024s02320421024b242b025s05130243115b126r021L433b116c1251026a034Z135Z2152034q033s231J043c052b132q036c042s027c046b228b044b047b035r117b138b056a0433066Z236q2522023r36140712167b172Z1621082c022H441J127q043r218c045Z428t029q353a045t063Z238t251L276a257c2?players=majkls,andremiguelaa&colors=red,green"
926085132,ETCOC,ETCOC 2026,Round 4,85447228,97508902,Glovir,_Lyanna_,2026-10-04T13:00:00.000Z,"https://www.carcassonnelab.com/#/0/0/p1HJufkKZOIk0o3vAufJ70UUM65O9d5gCo3EKtbQvjoLmuwXnONEHKm/12b2212122r021L1222132t3312023q422K033t132101241131124s034q114c025r013a343r123c244q245s4421032K154r331J032b015Z353q041H051J033H043H052J052s053K023J016c144J054H023434320521046q135s234K11420623042a145H024426110254035K0151062Z134305324352226a126r225L264H43313261063b3711353c063H025Z124J0?players=_Lyanna_,Glovir&colors=red,yellow"
926085937,ETCOC,ETCOC 2026,Round 4,85389469,88500055,andremiguelaa,majkls,2026-10-04T13:00:00.000Z,"https://www.carcassonnelab.com/#/0/0/pD83WPI_amfj1615Ip3fimHPvJLMjTeoJ4dtCzcCeTH4NB4OWZ366KT/12b2212122s132r422313120231221J0132023q1412131L341K132L122H132b051212433343235126110711462a072Z123J0121163b0623133J14440333034L043H253H051K024q0542054K064Z073b252H164K064104510361061J0262063K042J082Z354a155a044K014Z073L174Z124H175Z033r272J083K093J0373094H343s092K284b0A4L022c0B4J253c4?players=andremiguelaa,majkls&colors=red,green"
926087132,ETCOC,ETCOC 2026,Round 4,95814549,84017874,Licinio Ferreira,J0nny,2026-10-04T13:00:00.000Z,"https://www.carcassonnelab.com/#/0/0/p16cxFbT6ul0z6AyjeBnCKNVjW65Bq-Xvwn3jfa-IGL6XR2vJTz3AAC/12b221L213a222Z122t132r223c024a1121022H22231132223J132L233J0144342s141K0321024H214b043L2312153K033q042304121242233202340514231L332a334b043t253s044K052H063K06110521064J065J024t0431155L0153042c2443244t052q043c535Z033b115Z062q045Z045s063s064q065s173r025J152b266s154J072s055r167q346r076q0?players=J0nny,Licinio%20Ferreira&colors=black,red"
926088132,ETCOC,ETCOC 2026,Round 4,83925004,93570408,Sportr,vomo_43,2026-10-04T13:00:00.000Z,"https://www.carcassonnelab.com/#/0/0/qVI6fNWhA_yX9A1N4OcPXV6atSiYwRV2Lryn6N0q3sdRkKxxEfyyyxB/212112c2224222r021H022K1231031K11231242234421422251132K323H042H23220154225H24210131026K2353043J13133331232a4524042Z033Z135H044H034J034Z0432353L145K044c0531052a053b463Z062c05121621172a1721024a071204421362081412620273043b01720413152L0631182b2911083Z0923054a173b1451133L054318240551084c0?players=Sportr,vomo_43&colors=red,green"
926097263,ETCOC,ETCOC 2026,Round 4,85217439,90128076,JMargarido,posij118,2026-10-04T13:00:00.000Z,"https://www.carcassonnelab.com/#/0/0/oyf_7UiwCrZcDqEy5uLdoXEVtBYMjUWmvd2R-fFi2-IgUxJ57FHcdHs/12b113Z122c232a223c142b024Z1412143a421L252Z014b025a026b053b031L14220514244c135Z034b1311145b046Z262Z0613056b254Z157Z2321055Z141J058Z148a059a022r172Z071105Ac032r042J3224323r1811027b04Aa216a028Z033c0621017c038c337a233q018Z249Z451J252q324s082c083Z163c027r042s034r062r073b06Aa253s284c04BZ1?players=JMargarido,posij118&colors=green,blue"
926097502,ETCOC,ETCOC 2026,Round 4,85447228,97508902,Glovir,_Lyanna_,2026-10-04T13:00:00.000Z,"https://www.carcassonnelab.com/#/0/0/o2861CIP_FEpCb6cqnE4Yxf213_A_PPeeSRpGyVMWYSqgQHUNL3rRuV/12b12121222121L223103221314032Z0411013b033c022s022b034a043a024c032q112413340424023s214a225Z3512042q043r053c044s052t134r135t031J032L051L033H0134035Z145a226a055Z054r461L062s022H316b023K152K215b042Z046b042J064q465Z162H272L473K363J124K066Z071J076Z353s064H072t363r034H1242056b075Z054b167b4?players=Glovir,_Lyanna_&colors=yellow,red"
926097659,ETCOC,ETCOC 2026,Round 4,85447228,97508902,Glovir,_Lyanna_,2026-10-04T13:00:00.000Z,"https://www.carcassonnelab.com/#/0/0/qJpv7FYyulyVVO8NUKcbdkYOYd84vKIIlolN4fiH2ruRQqF1JmuqX8H/12b413Z314Z223Z124a1121124r122a215b3223025a223r135Z133t222H021K034r022t136b232q045c243s1133144t045r254s034a046s155r042q065t231K064t166s033c016a035t174r275r353r026s017a073s255a072s162s171L0324027c052r044b036q03330212127q232c025q141L042Z151L072H026a162J076r081K0413046b132K082J054b185r1?players=Glovir,_Lyanna_&colors=yellow,red"
926098624,ETCOC,ETCOC 2026,Round 4,95814549,84017874,Licinio Ferreira,J0nny,2026-10-04T13:00:00.000Z,"https://www.carcassonnelab.com/#/0/0/qcIeu446R-UTCNlbno9A1ImnuiREFxdMTSe_C53jG8o6ZlVh8W9Y2w_/21K112c113Z122c123q032Z233r031L024s023Z143r1211053r034q114b042r015a233b024c343b225Z053b134Z135b126Z135s032s163Z152c064b03120412316b332H045a046Z044a025t163t0223127b536q047b148a146q349b055c045r054s042Z026s036Z017c356r237t074a466t252r12310514218Z144r165t062s037b261H076s051H022K164q086s0?players=Licinio%20Ferreira,J0nny&colors=red,black"
926250069,ETCOC,ETCOC 2026,Round 4,94546376,87780646,trinidadec,Ervin_G,2026-10-04T19:00:00.000Z,"https://www.carcassonnelab.com/#/0/0/oxoWyd1GxrgjgK8LZ7Jn_y8iN5dsfnaTmZ2KBxVaBdGfg1InENJbi4w/12b1121121K122q11320221022c031K032K022K032a2312242Z04140512133c143b04220432113a1531032t052Z0331034Z123Z1143241L2151024b133r325b05230624043r114Z024r226c115c051L152r261J053b236a424L025r035Z046c026q116c135r017c0213362H237Z154Z172K352L136t163L246r362s064H0243071H053L027s073H045b125H155b3?players=Ervin_G,trinidadec&colors=red,black"
926250269,ETCOC,ETCOC 2026,Round 4,85804056,85718843,robill,Lambe,2026-10-04T19:00:00.000Z,"https://www.carcassonnelab.com/#/0/0/p5g94cQnb54WAyICkPdHl-2eoOyKKUQ3FcLUFvZaiZmKK5aRZAHWvIZ/12b2212122s33120321123t132q121H242q222H032J123K043s044r224r024K133H2121125q045q055r225J035s01321221126H03320412333s222a04320342046q1241031J0531042c027K153t0543047s0633142H228H0521056q243H2644036q065s175t023b029K166q05142192152t01A2057t2294037t439H064q051H253L062303AL649L348q062s227r0?players=robill,Lambe&colors=blue,yellow"
926250469,ETCOC,ETCOC 2026,Round 4,96173753,87670119,steam4206,migcrack,2026-10-04T19:00:00.000Z,"https://www.carcassonnelab.com/#/0/0/pDsgi9kMb83US2eIBAvc7VT72ltF7j2Abt9baIu5ffez-1E3VOl_1-I/12b2212122Z0312023b033a1413043b0123221J01340423423K0141242c04310154252a144Z331K053b062b225J033J041H032t042H232H242t161205141711034K0621052r334c0531022L153t1814063r043K333q0233051H035Z182c025a035H2322453H262r054K026c054r2224115a452K164q074s024J1251261J155H0544465q266s1351045a255c05210?players=migcrack,steam4206&colors=red,green"
926250569,ETCOC,ETCOC 2026,Round 4,84974742,84678716,Ivaks,ted the notty bear,2026-10-04T19:00:00.000Z,"https://www.carcassonnelab.com/#/0/0/qiGYoFi5qQs2n3CF7VDYz5hUXUeMO4P5tOMgUucheGkWRYtNiUG6z7G/121012Z1224022q023r133s224r132r021123112411132c021H2424114c234r225t135s226t022L136t0133045t246q113c056q031K041H216a044t037r0513015Z054r242b066q065r04320332453226342623052Z043t051L262c0322252q061H42341611024a033Z0714032J242J175r0731017a043J133L126a036b027a067r0344225a127s035c044K834b0?players=Ivaks,ted%20the%20notty%20bear&colors=red,green"
926251169,ETCOC,ETCOC 2026,Round 4,86169474,85089263,Niangoflow,viv-,2026-10-04T19:00:00.000Z,"https://www.carcassonnelab.com/#/0/0/qcW7ZpDi48xP-p_Q-i6QvXLv64ORstHt41QJjG7BtmSnlaDzxyBHN2p/21K112b122K122c132K2212033H232a343J3222313Z053L2314223401240243023L12520144054H0131134J063K033c173L162H174H083H0323061L072K235H071K025H093J094K23524263231H016404540A3L13621271084H081H075L055H042L0464192J0344165H095L0A5J05633372232q0442296J05740671391K06610653282r4753086L085K187H01540?players=viv-,Niangoflow&colors=red,black"
926251269,ETCOC,ETCOC 2026,Round 4,85762488,93119390,kissemo,pollo_verde,2026-10-04T19:00:00.000Z,"https://www.carcassonnelab.com/#/0/0/q0aKedx9_nnA48RuS_kdSkGOpfeLLpgg8yATv2hBA0q__8TKQJlUpio/121112a122q013b122H122a023L123t033K043H034J014Z024r242H2221041L042q235H043r0131144s025H0152051K01432242131H02330332123b153K026L021K052J032J154J052t161J32540354445L0341332c034s144H0311062q033s224Z064J034c032324423263063s073s174s172r0422062K3542074L183q34531364084s375H363H124H064s182q3?players=kissemo,pollo_verde&colors=green,yellow"
926251369,ETCOC,ETCOC 2026,Round 4,88411255,97707371,Bluste,Ste-fa-na-kis,2026-10-04T19:00:00.000Z,"https://www.carcassonnelab.com/#/0/0.4/qgxOqbI12lSI1fgNzKQS8hQTt9acSCcT5BZd-dHCYWZyCkP3Ur_wZLu/2121221012b2312122b0123222L313Z132H231L2231041J232q1131033L0322034H222t324H223q244K024s033t135K1243114b1333023b034t032b025t0344243s024c221L442t015Z043L251K052K034Z0421035a253H162J444a143a025H045c025b063H046a426Z036Z054c237b22510154052201430261056Z057c0441126J047a252r027c166Z01640?players=Bluste,Ste-fa-na-kis&colors=green,red"
926252169,ETCOC,ETCOC 2026,Round 4,86502254,88094750,LadyOfAvalon,Jadiema,2026-10-04T19:00:00.000Z,"https://www.carcassonnelab.com/#/0/0/osIypFDT6qX7tSm3eS0SVVz9iOE2ICJ6Qm0j0Da1pyTFsFREaV-BtzD/12a221123121124221L2221132c133Z113c022J114b223q024Z01330411015a122b043a144b0233045a033s022t325c026c153c016b036Z0324142Z135b023K05121523037a262443341344046c15312541014204312423356Z035104510251057b238Z148c039a155a028a06143642063a373a067Z33Ab047a164a317Z465c027b125t227r072a128r174b084a0?players=LadyOfAvalon,Jadiema&colors=green,red"
926252369,ETCOC,ETCOC 2026,Round 4,100667054,91831749,erhankesken,Temrak,2026-10-04T19:00:00.000Z,"https://www.carcassonnelab.com/#/0/0/paWZNufJKS8V5fVkqq6ii2VnUwdczLBUSqHzz4ImUqreMFsfEZkWjYz/12a1123213b013312330221322L224103224141032J024H033L125H1314134J34221254226K135J0164033323522172045L02731451028104410413227H037405210463162115620513072101822711036J114Z023J042Z337J015Z143J024Z046K124r055K025s0614025c026a236c216b072a062b065H07342633274315330433246a054H026r053L164H047L0?players=Temrak,erhankesken&colors=black,red"
926252469,ETCOC,ETCOC 2026,Round 4,100660299,88262806,berkdm,valle13,2026-10-04T19:00:00.000Z,"https://www.carcassonnelab.com/#/0/0/p8f1bNEG1CgFUEHE_OIfXMeCLIPbwAgs-TD6e-CCNoy16tZniS0fDgi/12b2212221K1311022t022a332Z223r013Z0412114Z023b0124033c1324133t015Z0512031L1222023224220132134s4331043r042r224q141J1522152s1531053q2144216Z0544054s0444117Z032q251K442Z052H242K15542633061H223L062s173104520342063r032L044r143L044H026Z064t0834034L1614054J0433073s035q053K3721036s152Z043Z2?players=valle13,berkdm&colors=blue,red"
926253069,ETCOC,ETCOC 2026,Round 4,85577871,84069307,bazilyuk,game__over,2026-10-04T19:00:00.000Z,"https://www.carcassonnelab.com/#/0/0/o_m12MxdE4JMNrt-syg2T3NpSQVw7pmKS2OHGLk7wEmNmVoU2q23RZQ/12b2123122Z02242134013c123b223L021H0232033b23321244122s224Z124H043a253c054b031J042b1431041243241442042215430534332K25220632132s423r1313033t063b052Z042t233J062a1614025J02540152073Z0212135H264a041H134r224q135t044q172c052q043L042J0352026206242271236q0281026t07332711152K043q0722062K162r0?players=game__over,bazilyuk&colors=red,green"
926253369,ETCOC,ETCOC 2026,Round 4,5833386,84480720,vegaorion,bs12,2026-10-04T19:00:00.000Z,"https://www.carcassonnelab.com/#/0/0/on-IwJI21yigchA6bTlXAVpsljVs5xxw02-wjUk0Jx-90cJsXLXqYSP/12a222t1121023s221H233r131J113202114311222c032a023Z124t214Z233Z122L2411143c042b144c0232154c052Z362Z053a015b0611043s1141044s153q024b034b042r334r0512163c2323035t072a125a082Z035Z145Z083Z041K026b213c016Z025q193b226t051J046c084b152t054r261H136c074Z317a232H092a064b018c062K01542622128r519Z0?players=bs12,vegaorion&colors=yellow,blue"
926253469,ETCOC,ETCOC 2026,Round 4,93526446,84783668,fin_21,corelli,2026-10-04T19:00:00.000Z,"https://www.carcassonnelab.com/#/0/0/qjyz6dAZYmzvj7-74KgpTkqsXQGkTur1XypLZUwjvAaav4ttovTSTcx/212312c113Z1124121K013313130223123H022L022q032K022c1231024K22442341234L133404421452144J035J2412043J0253055201530654254L0431064L05310544323s032203533164036J046L3361045H25620663026226330521026L2464042Z252Z043b062a053Z044Z054a045Z072c446Z055Z056b16123761263b067117740861065a27520783033b1?players=corelli,fin_21&colors=black,red"
926254269,ETCOC,ETCOC 2026,Round 4,36269683,84885491,szigfrid,giulioTm,2026-10-04T19:00:00.000Z,"https://www.carcassonnelab.com/#/0/0/ov_C3nxelnJbJPO81-JLwsPM-MuSIILB3FoeuH9Lp_ejCYcML7zbmcP/12b113Z122c022q132t223r042t131K052q062s063s073t264r114c054t265s024Z072q043q166s074t084s156t083r051L141H171K067q175r046r145q021H253s124s025r034t025c115b081H052H072L062J023Z332H055t076q222K182r035s042J363J147t037r064K1212032Z054J065J075H066H044H376H133q043L173K086H374J184H293r468t294q0?players=giulioTm,szigfrid&colors=yellow,red"
926255069,ETCOC,ETCOC 2026,Round 4,94373811,96880534,Smile-,inicolae,2026-10-04T19:00:00.000Z,"https://www.carcassonnelab.com/#/0/0/osfWC-SDZzNWvZfiCD8rfnYsSmr1dsR-Vtrj1j-Z4rD5m0P_gohAwxP/12a222r121H2122122Z023Z123r132q2212033Z032c034c224q1221114a0323025q124b035Z1232136Z0132034q042a123H0142037Z047Z026s024K2333133s0434042s041J0411033K042K038Z027c043b252c026Z032L0243034H028c227r039a018a029Z016a135r23Aa243H237t043q0341147q025b051H0353352r0452144q022K254r144K125J335L548q0?players=inicolae,Smile-&colors=red,green"
926255169,ETCOC,ETCOC 2026,Round 4,88053112,85608853,Quim VS,houdini_fr,2026-10-04T19:00:00.000Z,"https://www.carcassonnelab.com/#/0/0/qgelX5E8jEUtKDj3GwObeM7GtJu2tEJaSrzBOIWqngifuUHJ6ufohnn/121022L121J112b221201330221132L133H122t143H032r023q142K052K162J153J023L044H045H054L146L255H065H0233263H0242041J0321166J1331075H064J04320421361J062s052q0312042t071H122c072s072H181H082J34130442132a291H073H247H0534292s2541093q333b0522148K382r085J0632184L083r163q3642094J273q293L374q224t0?players=Quim%20VS,houdini_fr&colors=yellow,red"
926255369,ETCOC,ETCOC 2026,Round 4,86611873,17700058,BuHa44,mpatis,2026-10-04T19:00:00.000Z,"https://www.carcassonnelab.com/#/0/0/orBrodzdiInu41vPpq_XtYEpL_AL6sGBJEQWxmQ6PIWU3GFfujv2Xxw/12a2212222Z131413231222142314331331253313410122121J0542155206421453074107320841023c0461052306220833024309331131075305110412024Z023J014c04731481013b024q031K022J022r034s08220941032q225t123q0494032a042Z015c13921584033a1A34025a016c133L4382232H3A44243J0B3228132C340614195104A4265205A405912?players=BuHa44,mpatis&colors=blue,green"
926256069,ETCOC,ETCOC 2026,Round 4,97238273,83851128,A1egat0r,Mars15,2026-10-04T19:00:00.000Z,"https://www.carcassonnelab.com/#/0/0/qU4TOyVHJlMi8amVaS-bixtrW7mC8H9oH0Y1frICoDyvY5erk6d5Zrs/212112c221H4223113c231H222J122a1312232r232K014c141H2121124Z033q151L124r04110324042q1232042a0331043b052Z244a123a053c034a225Z263b2242022s052K0131154Z035c264Z074c0422045a233J055b034K165c024L034q035H344L245J154L062a35240513346Z473c143205312622225s226q0724214207310151025L353H015a0442043K1?players=A1egat0r,Mars15&colors=yellow,green"
926256369,ETCOC,ETCOC 2026,Round 4,93436251,90496787,filibis,texe1,2026-10-04T19:00:00.000Z,"https://www.carcassonnelab.com/#/0/0/piyRbyzK3QyWWbxvnzDn2JBJ2wSw1pk_pO9bo9hisaCPLPxCO06OQQD/12b1212021L113Z123t03110323123Z0423224s022J032a225q242c043105341411114c0522034s031H1633015c016c225b2624124a126Z132r0614141J043Z033r0331235c07120812344Z2222172211220133022q042K1912043J092108220511053Z017Z062Z035r044H033Z0931236r033H145q063c244q018c226s032L154r092Z246t356r155s027r265q0?players=filibis,texe1&colors=red,green"
926256469,ETCOC,ETCOC 2026,Round 4,95055731,85573257,Gladki_Alex,FanaticalLime93,2026-10-04T19:00:00.000Z,"https://www.carcassonnelab.com/#/0/0/qqBODFWCIU89hODK7PaEun7bbekgjJ796LrrJjMjtXm3E2664e-QC7u/212312a13121223132b2413022r0123122J022c123s123Z242Z033c024r0134132L225t033K04240321213c034H221H315a0143135H014a034r124K02423233143J215201610251044r026J326r152a154r036r243b037s016c026b225H162a044Z025Z036K035c0352236c0454123L0264053K246c224c272a342H1461417413430433364s3712265q073a246L0?players=Gladki_Alex,FanaticalLime93&colors=red,yellow"
926257269,ETCOC,ETCOC 2026,Round 4,84284153,11778383,vizecske,Peppinho,2026-10-04T19:00:00.000Z,"https://www.carcassonnelab.com/#/0/0/paAPFI8xZR6k7vI2tJxBY6fImu49hhoCK8a98per8gu4MPJf8SCED6W/12a1212413c121L323r014a0221115Z025q031K2323233t022K334t043s03312424032q223c0312323K025Z033J032Z0411122q1233041H05121521424s126q016c027t128r018c0614242r042H053r042Z14332343051L252b161J028a127a043b035s033Z044Z053a044s063r064r065t055r075t285r276t354s243J145t126a456s336Z162b186r217Z087q2?players=Peppinho,vizecske&colors=green,red"
926257469,ETCOC,ETCOC 2026,Round 4,91930519,89873118,PushkinBLR,Golden Hind,2026-10-04T19:00:00.000Z,"https://www.carcassonnelab.com/#/0/0/q3T_Cl0p_tVT9sx7baE6oxlBP0w2pgoI-_FKhf5zTWIRCBbCAr_LQda/12112121224012b122c132c223c321K033a242a024Z052a122K1132122q231L14120424023q133q0232034r03330313143Z053b263Z114a244a015b035q062c145a06110512172a2242025t023H032L146b0321233J073a244t474b0623064b054s055b484b083b036c393c056Z024L053q034K125J094b0154243K254Z144H141J035Z1712137Z0812247a07241?players=Aristokrat,Golden%20Hind&colors=red,yellow"
926258169,ETCOC,ETCOC 2026,Round 4,90515417,90206175,coralos,barry10,2026-10-04T19:00:00.000Z,"https://www.carcassonnelab.com/#/0/0/pqNHXJbSxrWe2BIgs_POBpb8oqm_1gbz_5LK4SNOyFCjS58X5LKGJzf/12Z2212121H013c223q131H222H114Z123Z233a222b143c023K0312342c234b0414022q024J0121132b0422122311330321032t233313440241025L033r0151034r024s0432252a0534015a025a035r234L045r041L246s535H033K036H026L024b027J144a354c242H244J037K052J0172025t253H01810522162H062a0611436r061K0624332K145H145Z12340?players=coralos,barry10&colors=green,red"
926258269,ETCOC,ETCOC 2026,Round 4,91906040,85298294,neddd365,Asx3t0s,2026-10-04T19:00:00.000Z,"https://www.carcassonnelab.com/#/0/0/qgKcXAsSaGZwGucJap1m-HIzAX-i_b_2mLAbQMUvhAe7RJ3zAbnMQpn/2121311122Z032c02210322233a134a123c012b24121332443c04321443122t15440531144Z1554154a1524055b065Z0622151307240343253c063a024Z042b335213623731013Z0561025Z062Z02331464221L01240373064c072b075b04210634274Z1451065203820281083112742261357301811191232q066Z0173228L338H127H026L342q248J049H41621?players=neddd365,Asx3t0s&colors=yellow,green"
926258369,ETCOC,ETCOC 2026,Round 4,84823639,84642763,Tompa99,dark_passenger84,2026-10-04T19:00:00.000Z,"https://www.carcassonnelab.com/#/0/0/qGJO0JcPvvj6DJ4CujB08S8EEcVXCT3YX-eK4N7XbSpZ2VxxKiKFgHK/12b4121122t113a221K02240133132t123J023402110314114Z122c033K142s124r433q115a025a224H025J016b032J024c032a126q141H034J043s144r223s145t036t027t028t032154110422142Z038r017a155t153r034c035Z065t154q226c018c035q044a075r036b123a146r2142166r476s064t233b129t052Z337Z051J038c0152153Z263Z347a364b0?players=Tompa99,dark_passenger84&colors=blue,yellow"
926258469,ETCOC,ETCOC 2026,Round 4,88028287,92216740,vadzimir,OJH1997,2026-10-04T19:00:00.000Z,"https://www.carcassonnelab.com/#/0/0/osd7ZjBkRRwIzwFPTqFzsmoNe0MtxagDgFQj6jRTlZWCgUsLA54cZIP/12a222r1124023r133q1212234r235q224s043t113c023a145t422c042t036s032Z232s241H053r051H0223244s354s063t214a115Z025r225b062r035a034c0312064r065q074t075t172s042Z084r255r283s071J024c043b1321052a0422082q1232033b062Z0511163Z2332024203440351046r226Z03610262053b064c065b055c076t193q086r116a077q3?players=vadzimir,OJH1997&colors=black,red"
926259069,ETCOC,ETCOC 2026,Round 4,100653161,87209664,Somnis de colors,squallus,2026-10-04T19:00:00.000Z,"https://www.carcassonnelab.com/#/0/0/q06VtGctg-IatOB7d-s3MpIA_9nsqsEOtFk7bgE0ANxghHdXNlspdD6/121112b122Z232a1221133c222L1213032J034c423b032212321241431103410412343b1131231H151204240612162c0714052c235Z14340722144Z0821033K023L224K19240142134H044H025a042H045Z154H055Z042Z121K053c05312544053L056a065c032s022q142q236c043s0554015Z0253216Z043J345J1443014b053q425s033r023r2632081226540?players=Somnis%20de%20colors,squallus&colors=green,red"
926259369,ETCOC,ETCOC 2026,Round 4,100660254,86463243,bide-d,FEIFER90,2026-10-04T19:00:00.000Z,"https://www.carcassonnelab.com/#/0/0/qe98lgOIWPFPc72Lirr5qysZMHzJd-3B_LtAupZeGZVfchVCYDGwKXd/211112b21230312121K441212243131123H05110322131J124J142a1232032a13340614233K041L025K1141135J026J1423162204310533045H443J046H1344047J327H028K232H013Z033a048H023Z0182122a0284044K036H151J049L0724037K01940542043Z138J054L157K0172256H039H029H044b366H0351065K234a076K07142551253Z0632324Z064J2?players=bide-d,FEIFER90&colors=red,blue"
926259959,ETCOC,ETCOC 2026,Round 4,92416909,87714234,TanyaUA,g3rappa,2026-10-04T19:00:00.000Z,"https://www.carcassonnelab.com/#/0/0/qh0ffEBOTLQDzDpUiOJC5yxkbHm5g3YcQnuXZNRnKoe89NfdBqu232Q/21213111221112b123223342133132a11211341322J422q221L12440434531J2144033b023Z042Z334a02542421143c023J024K126103540152035b0322133L2161041L026L023q1521052a0513224s0272132s133q442J4372032K1614051K16212722134q0824044309222174053206311A210B24071129112B310A12192Z072a025q0B12082a0834064207311?players=g3rappa,TanyaUA&colors=red,yellow"
926260087,ETCOC,ETCOC 2026,Round 4,94546376,87780646,trinidadec,Ervin_G,2026-10-04T19:00:00.000Z,"https://www.carcassonnelab.com/#/0/0/qYxPDqqd2xu-DlDLFlGz_wqiaNvLlvzrd7mrmv7eF9_Wddr_2YmSA6r/212122a121J012b4123123a232a142Z0132013Z21410414231K223r224c022H034Z132q124s035c025r014b044Z033t022t115a032H042J016Z326a041K343q134s136a335r453r245b263r051J054s052a054c0223033c0322043Z252r0331045q073r2232262c026t146t056r125b044r017Z1434155t165t037c161L042q143J064a346c1244233L453L464q1?players=Ervin_G,trinidadec&colors=red,black"
926260288,ETCOC,ETCOC 2026,Round 4,100653161,87209664,Somnis de colors,squallus,2026-10-04T19:00:00.000Z,"https://www.carcassonnelab.com/#/0/0/qWjgv93pYnzGcdqoGXL3R-jmkm2AqwVRFDx5uiJuI-xclOIowY1GsDC/212112Z221J013b222L223c032L123K3221131K1232122q13123322142J232q233r043J03310131014Z053K0433142r222b152r024s051K233c03440534035324530362046303720272024c1283024L034L0632147407310744038105410183084202910721062t228J0414029L019202A40242152J372r23A2039J144132AH233H173r053r23AL354r225405222?players=squallus,Somnis%20de%20colors&colors=red,green"
926260697,ETCOC,ETCOC 2026,Round 4,85577871,84069307,bazilyuk,game__over,2026-10-04T19:00:00.000Z,"https://www.carcassonnelab.com/#/0/0/qw8Gbk2cVajBPPnRxiu9S-137yzs7EdBBOgq6wXBh8dcNWzSwjUYLyN/2111121121L112b131H332H141H042s03121322132s242J033J3221043J213b2422223H223a032b05240512033q124H423332411342034J0142144K152H051L045H222Z124a314c034a044b2252024q343b023q025b054J061K042Z0612052a043t022K152s2414244q0714025q035t055K046L256K057L026r026Z062r072t062J066L016a072L017b336s027q0?players=bazilyuk,game__over&colors=red,green"
926261989,ETCOC,ETCOC 2026,Round 4,88053112,85608853,Quim VS,houdini_fr,2026-10-04T19:00:00.000Z,"https://www.carcassonnelab.com/#/0/0/qUz_-nEk6vc-MnqZRRh-qfLzih1gEkoUYQVCfPNTMdOKdJ_b-eMTWS7/212112b222421231234022Z023Z132Z03110132021K0321133b142c024b025Z213Z235Z015b014Z124q23320344126b022t0141025s03531153023t135r036204532251043b044Z052b027a236c053a3412237c0461046c233q045a131L154Z032H462Z1561242L056a041H042q052H166a2552043s476c144s036t065a052q051J034t153s245q361J553J363r2?players=houdini_fr,Quim%20VS&colors=red,yellow"
926264159,ETCOC,ETCOC 2026,Round 4,94373811,96880534,Smile-,inicolae,2026-10-04T19:00:00.000Z,"https://www.carcassonnelab.com/#/0/0/qACKo8Xyn2EnoaLKTAVeQuvsERsAbiu3rWDAJ9YvERkAxjcRIodQK6X/12b221L222s131J022K122c141L132K233H243L142r251H053J052K034H343r042H044L061H045H313Z062r053t054J071J032q262J181L146H072q056H082H063s064q223q091H074q224t273t135K123c014b0214047K024L083K036J226J2162248K066K065H0264232Z027L0313138L055J133s257H084q242Z173H094t154s0174252s115c043b285t02534?players=Smile-,inicolae&colors=red,green"
926267136,ETCOC,ETCOC 2026,Round 4,86611873,17700058,BuHa44,mpatis,2026-10-04T19:00:00.000Z,"https://www.carcassonnelab.com/#/0/0.2/qY2pEVDtX64GF0i1uwEOY2JddctcF8T_p9_EsyyetvInd2pwSNNz_Uq/212122a1312132a121H042a131H252b012b412323240511033Z062c013a222s114Z224b215Z134c025c123q016c01310224043b122J2141017b024J2333034J032K144c033J05242241053a0622163a235a072a064a354a126q265Z036Z036r045Z124t025H223Z046a035q056a074c284Z0631285Z042H352J0641051K143L253J044L163L437Z123J073J1?players=mpatis,BuHa44&colors=green,blue"
926267518,ETCOC,ETCOC 2026,Round 4,95055731,85573257,Gladki_Alex,FanaticalLime93,2026-10-04T19:00:00.000Z,"https://www.carcassonnelab.com/#/0/0/pw7sWDsaeANSyHqNzHHHyMqOZpCf__SHDNWtQ0BOYGYI2HKarRFCz4R/12b121L222q1214022K1312132r0412042s0121141K132H251J233H243J044H023H331K052L0132062J4512252q16140232162r224K0141125K23210422153L042K063K126J0151062202540522054J027H053s054q063s037H043r132Z045J047J272L035K0223157J0242172r073s1352048L261L267L082t455H092s042Z283s171J1163173J193q3344113a3?players=FanaticalLime93,Gladki_Alex&colors=yellow,red"
926267919,ETCOC,ETCOC 2026,Round 4,93436251,90496787,filibis,texe1,2026-10-04T19:00:00.000Z,"https://www.carcassonnelab.com/#/0/0/qJSNjHFaKWZX_s7z_fXuvwp8rZplzlaH2WmmrlMDbqAKGJh42KN2Hz7/12b422a113Z222t223q324t0121032b314b023b042b2312133Z1212143Z032q022H053b234a12240231052c024c04110331044Z345b23221432042r031H052r055Z0511056a054Z157b063a033s164Z366c0243051H234s415c162a174b143s125r144t053t062t126s072c058Z168c059c048c046Z436Z061H084Z049a383Z093b225b039a285b041K095b01331?players=texe1,filibis&colors=green,red"
926267958,ETCOC,ETCOC 2026,Round 4,88411255,97707371,Bluste,Ste-fa-na-kis,2026-10-04T19:00:00.000Z,"https://www.carcassonnelab.com/#/0/0/qYeLLwg4tbsMDmWsRzrIcVY7YjI5VFn3SKeKj2i5qNW4yRo4hsqeA3h/212122a021K023Z1312033c012b234a043b132Z324a413Z022q2412023r044b433q124s314b125r235s153b045Z132q1421052a234s062c343r51230614042s241L131L032J044q136t1512046q0621252q145t326q36320724063Z053t0734037q17420831027t042L228t09330A3419411B34151H0A42262t09222A530844347q1B44138t0B21254t1823048s0?players=Ste-fa-na-kis,Bluste&colors=red,green"
926268575,ETCOC,ETCOC 2026,Round 4,96173753,87670119,steam4206,migcrack,2026-10-04T19:00:00.000Z,"https://www.carcassonnelab.com/#/0/0/q38GRU8zIc_nrFra0uYi3yJUhKgtO9rppe56j2woYoorTqNk-hAy7XU/1211211122a023a1223133Z143a121H022H034b042a024b2312353b012b454a214b225b015b324t21331141024K013Z252c064a123H155b045c074c073Z062a034J033J125H01540244043L0234023t165a142L044H453H175Z056Z344b063a272Z135a0413352J031L122q1322026K232s235K066b151K042r085c057a095Z076b0514086Z236Z041K136H125t1?players=steam4206,migcrack&colors=green,red"
926269229,ETCOC,ETCOC 2026,Round 4,91906040,85298294,neddd365,Asx3t0s,2026-10-04T19:00:00.000Z,"https://www.carcassonnelab.com/#/0/0/oi1-gD8mDXbyKzZnmYi9EzS0mEjOu2BfINriZpz5eejzc9O0vUCxqwa/12a2122222s122J0224123q32312131224t1142034q02120321014b021L1153131L141H144r224a225t023c0242034Z0251054q025c0161345s046q036s035a032t215a125H0341032H033J144a033a042r153q026s0443354224521312052r042L126b0464051J064404331351052L1173153J043K162J335s272L155t182J083K463J071J092L081H161L21810?players=Asx3t0s,neddd365&colors=green,yellow"
926269647,ETCOC,ETCOC 2026,Round 4,86502254,88094750,LadyOfAvalon,Jadiema,2026-10-04T19:00:00.000Z,"https://www.carcassonnelab.com/#/0/0/omGeEXYcA8bHwAC0PNBrlyo1xrXufWjH107lNgyuP3yVovg_utjo094/12a21211212121H231H232r122c0222132J133s013b3232133L223J124K21412323142L04210331032a052L123Z322H025H0412053J054J035J044J063H242Z062K061L351314321521013304430343173J371J272r052b182q181H483t0533284s082K2624073s263t492t1A2t0A1H0B1L0541092L072J1454194q024206340A4q0253023q0611322s042q043t0?players=Jadiema,LadyOfAvalon&colors=red,green"
926269668,ETCOC,ETCOC 2026,Round 4,86169474,85089263,Niangoflow,viv-,2026-10-04T19:00:00.000Z,"https://www.carcassonnelab.com/#/0/0/qcEnxG-LOzPs1aHud8sF5ZNvVgpDYkr2n2ujG-a3n6fKmWcMnYp6j2J/212112c122s032s031H041K033q223r134t013a044r0312135t032b0224243s122c0123124t1131022L032J033K123H243J044K234J045K153L336r052H046t035H246H055H025H0151026K014Z042t024L03213143223101610252054J156J126t254r056r447r037s353r163L152r173J055s2243162s036H063s2334066r0344064t361L176t371L065t13540?players=Niangoflow,viv-&colors=black,red"
926269796,ETCOC,ETCOC 2026,Round 4,100660299,88262806,berkdm,valle13,2026-10-04T19:00:00.000Z,"https://www.carcassonnelab.com/#/0/0/qmZPjW3ys5yLP_q5NFVTQ0AXHh1Aqdg3XKIDqxvMdhxhvZFxvuL6LMv/21H212b22120314222203212122131K1422122b141J122r1521032t1413013c05140611051L232b033b17131624042c16310433152J062K122J0231072J1533043Z072108220332062Z0811161J282b082J05410242123a3252124a092K023q1354024t191H034t3452033t172c144t273Z01440A1K0912014a054r453Z143t134c054a025b052r081J1A12082q0?players=berkdm,valle13&colors=red,blue"
926270250,ETCOC,ETCOC 2026,Round 4,88028287,92216740,vadzimir,OJH1997,2026-10-04T19:00:00.000Z,"https://www.carcassonnelab.com/#/0/0/pqfY13vTgDZcGXVzN4nKyB-JhHeVa3FbUSTPZjDKMN10ns40hn1ZgKz/12Z222b023Z133b032a022t2122143a234a2314032304110223013b24244233021K1433223q04410341032q022J142r023J02411132233q4211053b034r114b141J315Z031J133H435q124q136t116c042J037s044c051K146r025b152H262H032H025r263H264L072J0524474J154H0334145r145c071J0533224K0253025H246Z026b027r426s047r035c143H0?players=OJH1997,vadzimir&colors=red,black"
926270431,ETCOC,ETCOC 2026,Round 4,90515417,90206175,coralos,barry10,2026-10-04T19:00:00.000Z,"https://www.carcassonnelab.com/#/0/0/qgB5kBTG8tRHHj1b3xJsyveRFvWTqWbvrAr6CMJeqoxTjFJrUVGZbkY/2121122012c213c122r023c114Z124r125s226r115b016Z024Z117b027a034a023r133Z243a132b025c022L232q221L132J042a053Z035b045Z055c054c065a163c066b173Z075Z062Z022Z083c072Z033t135r042t045r041J144r023K2312067a085c086c064b043q055s124J087Z054q4132025H3222153s1321026H136c027t377a237r497a038q1A7a228q1?players=barry10,coralos&colors=red,green"
926270527,ETCOC,ETCOC 2026,Round 4,85577871,84069307,bazilyuk,game__over,2026-10-04T19:00:00.000Z,"https://www.carcassonnelab.com/#/0/0/rMwbZa33Tnd0ac9tg-yDBrUSHp-GEARPYmnvY-YDbw7XqfkBs0Dhtdu/12a122t122a123a232b0314013b032r242b033s531L243t142q112403240414052Z023s224c153a262Z06120711063c072a1133222H0231052r0241032H033c134b041H182c051K073a444a052J143a145a054Z092Z274b083a0223344t054s1332142L0434075Z055b143K062K063H0723235a264b0822036Z025b193Z024q37310634425s194a044H0212133L2?players=bazilyuk,game__over&colors=red,green"
926270803,ETCOC,ETCOC 2026,Round 4,85762488,93119390,kissemo,pollo_verde,2026-10-04T19:00:00.000Z,"https://www.carcassonnelab.com/#/0/0/qZrTuo8Nh-AmjUjkJj_e398YVl12B6tRmijT_XbyuQbEVo5FrsY3l8y/212122Z121L212a123c0312222t113c314Z232b024r015b042a243a052Z041303230122016b017b053b063a034t032q031J042t273Z374a125r043q072Z182c026s052r026c084Z041L024a083c132J033q134a053t242J236c094Z052L185b0714092Z07221821073207410612122L423K3754084206511634095c033H2944493415332A32143L035Z375b044a0?players=kissemo,pollo_verde&colors=red,green"
926270992,ETCOC,ETCOC 2026,Round 4,84284153,11778383,vizecske,Peppinho,2026-10-04T19:00:00.000Z,"https://www.carcassonnelab.com/#/0/0/pg-yDyAeDIZXMhhpg-VcluaZ6B4DG7snyj2nffT9mJXAKNh87h4VoQR/12b122c232a221L41221212122J132H142J033J041H134J123H044J033b043L142r022q042c023q043t052c032q033r21311231044t1331053r063t2312073r024r034s014b064q243Z065s01440153025L025303540342044a024K1441035J1163454b1171253Z036L025s055c2321083t234Z045b064b162a023b2181024c1271315c074q125Z116a074c04110?players=vizecske,Peppinho&colors=red,green"
926271092,ETCOC,ETCOC 2026,Round 4,93526446,84783668,fin_21,corelli,2026-10-04T19:00:00.000Z,"https://www.carcassonnelab.com/#/0/0/qYbtL_h8Cz0J9_Xb-a4J87JXafbggbtvmbCMeK2uW_NS4zpNsN4Hx01/212122a112b21231312422t021H232Z24110131023b0422013b1522123s233b332s0324024r023H025r042s252r015b026s033K024b441J043Z053a152a032K0514034K162a033s136t342b1622016Z134b235H062t263r014b043r073t161J125Z134q183r263b051L144q072r082t274q271L0143072H026b073L293r062K143K153t254t045t194s055q072c2?players=fin_21,corelli&colors=red,black"
926272186,ETCOC,ETCOC 2026,Round 4,100660254,86463243,bide-d,FEIFER90,2026-10-04T19:00:00.000Z,"https://www.carcassonnelab.com/#/0/0/qkTPYf6K4x5Jksfu54bYClIWEB2LquqWU_i5thCckIrh2cLJPYOXxT-/212312b231122231121122K132a023303321243121J013b023b122s2431023r2534032K233b0343142c014Z0253124t031K434a033K023K043a11340151034J053c0141142K225L222Z11642412335H043J045K0262146H041L0542036104440272337414713481233t15210463251404542562035Z06611571156J0384039103A1145b0174057K058H136b02922?players=FEIFER90,bide-d&colors=blue,red"
926272240,ETCOC,ETCOC 2026,Round 4,5833386,84480720,vegaorion,bs12,2026-10-04T19:00:00.000Z,"https://www.carcassonnelab.com/#/0/0/pMl3XdweR2I8tu7Vy0yuemIezDYQmMmxeaVatB44Rcntd2jAPE5C1Tm/12b2121122r1212223q121H233r043q234s031L124s242s025t1222022c032a114a135r115a3312126q122J032L123H0133123a445q033a042a123103330242041102510141043b052b236r137r062a05110522238q028t0431453116242324046r147s2722027s063Z024J0443282118110543216a06320354492404540834444c054Z113c082b126Z292c073Z0?players=bs12,vegaorion&colors=yellow,blue"
926272835,ETCOC,ETCOC 2026,Round 4,88411255,97707371,Bluste,Ste-fa-na-kis,2026-10-04T19:00:00.000Z,"https://www.carcassonnelab.com/#/0/0/pNpkqWMZ-2d3YNnIZYNzq6b_P_5l5iWYvNHXIxvQ9RK_F7TnUsso323/12b222b023Z033c22120121121L131H0314034a03210422135Z045a146a055c0133032Z04122514132J043a0234223K214103331241424H01542224052Z224Z133L125b014Z0162125K226Z242c0252147Z0522042L037b044Z253b243H153J044L063H0622015Z224q05310544062K2724041H051H08242441032q323r073J0613027c0712017Z083L072Z154H0?players=Bluste,Ste-fa-na-kis&colors=green,red"
926273583,ETCOC,ETCOC 2026,Round 4,91930519,89873118,PushkinBLR,Golden Hind,2026-10-04T19:00:00.000Z,"https://www.carcassonnelab.com/#/0/0/q9smGW5ct568fS2ecryoSC0w3YmNHTjItGp0YMug6K2H_LwOW7oHQVn/212112b221H222t131H23122124232r0224132Z0323123s222K24140131032L323H024H4231142J2241034L0334125423440354014101524263044H245K054J042Z043a1433033q042205321441125L124q0511353Z0632054Z06121713073106220743133c043r034c124Z084339440931043K262c053L335c013a314Z1814054408210832152J1751255K045Z0?players=Golden%20Hind,Aristokrat&colors=yellow,red"
926274367,ETCOC,ETCOC 2026,Round 4,85804056,85718843,robill,Lambe,2026-10-04T19:00:00.000Z,"https://www.carcassonnelab.com/#/0/0.65/okbTg42jBgPHgqeS4AXTy90_GxvaXAhdZUCVMGqiGqVbtiVOSTJEf0o/12a22112312122t1123222L032a121K042c122c252a043c131J1513133a0522234b023c123r124Z0413023H024t053Z134s054c114a024K135a245c025r244Z0131044r032L025H046a2222133q0421047Z2531248b0613063212320332054t042L254106420731052J0711034L3812141H0722082a044J035H1911036H1A1401510164646H4243045J035t1?players=Lambe,robill&colors=yellow,blue"
926274438,ETCOC,ETCOC 2026,Round 4,100653161,87209664,Somnis de colors,squallus,2026-10-04T19:00:00.000Z,"https://www.carcassonnelab.com/#/0/0/pyRJ5NinSAjbbrJu49gQ9rTAnsYHvmKQx6ZDaM_vTTz5grvWti94a_a/12b1211122b1223223Z1231024Z425b035b015Z033b01320243426Z232b043a1313153c025103320321327b013Z021K034a1412031J422q1422017Z352Z018a127r137r126t319b336r237a138r228r138b139q041J032t048c039a225s022H045c036a058Z359Z04332521051L347c055Z056c01AZ054Z162Z063b272Z161202Aq029b044Z0621024r0714073c0?players=Somnis%20de%20colors,squallus&colors=green,red"
926275101,ETCOC,ETCOC 2026,Round 4,85804056,85718843,robill,Lambe,2026-10-04T19:00:00.000Z,"https://www.carcassonnelab.com/#/0/0/pgqGcIlGdNkZVvkIIDcJdJwKuc79iupUF1ucQK0iWn-apOs4rLHOuvf/12b122c121L113a2211222H22240314123Z114b023r131K0412132t2323015c023K025a033L135b126Z134H033Z034Z044Z454a232c242r025t155a0134056Z216Z357b043J041K052t046b042L058Z259c03310514269Z052L049a079c05Ab07AZ152Z0434062Z089a299Z09Ac0AAZ224t0ABb067Z098b06140522127a0A8c0A9c09Ba365c0621344H497Z147Z1?players=Lambe,robill&colors=yellow,blue"
926276579,ETCOC,ETCOC 2026,Round 4,95055731,85573257,Gladki_Alex,FanaticalLime93,2026-10-04T19:00:00.000Z,"https://www.carcassonnelab.com/#/0/0/pjqQWjTwPCFh0XVC3WkRW4maeiPDq42GXkwge9jm0LUG6usgIPdSdfD/12c222Z122t2212332r223r323a031K033r432b234r344r124a024t135t314c042c0311243c034c0323113c233104210233034202211352025r125201220411026r125Z015c245q055r046r065s044Z016Z033a1241052a3131053Z117b322L026Z036c064q054q066q318c027c328t054b242t074t132L1512143t084r233L055Z352s263s028Z194t056s0A4r2?players=Gladki_Alex,FanaticalLime93&colors=red,yellow"
926277132,ETCOC,ETCOC 2026,Round 4,96173753,87670119,steam4206,migcrack,2026-10-04T19:00:00.000Z,"https://www.carcassonnelab.com/#/0/0/pDsgpk-eITiII6S4GjkemJ18uP2hmm_i0-N2knLh6MAP3XZT7LPlYsu/12c221J022q031L032r0122132K32240212113Z023t024q042L1231022a134t223Z044q043r054r024Z355q114a025a135Z1331335q1131036c056t065q046q147q137t048q138t049s057t033r067s075t258s176r028q185s074t445Z326b034c059s127r127a043J068r016a018Z136s14Aq037b384q078q095t139s2A5r0A4r073s3311072q132Z125q219b0?players=steam4206,migcrack&colors=green,red"
926277430,ETCOC,ETCOC 2026,Round 4,92416909,87714234,TanyaUA,g3rappa,2026-10-04T19:00:00.000Z,"https://www.carcassonnelab.com/#/0/0/qELpctcLpiD43p4uV5mBg8eMX9QmOPW-Vc_s1Au2vY74qt_6BbnduQa/12b422a11232212223c022J0131014321510232233a124c0241023L122t1334043c024K034L125K042c014b0323043214232534044K035H236K123r053a434c115a024s026H044Z135b045b454Z164b433r1311133H143q063c042s265Z274b055a173a243H075Z266b046Z236c132q044r245q035s031H062a05220511484a0612145J076Z24420221886c434t2?players=TanyaUA,g3rappa&colors=yellow,red"
926277679,ETCOC,ETCOC 2026,Round 4,94373811,96880534,Smile-,inicolae,2026-10-04T19:00:00.000Z,"https://www.carcassonnelab.com/#/0/0/p3yXqGR99fLMniIB-Cpfhp15We_7qx1D1wZpBuuuq_qySFjXpGQUeeP/12b2123121L0131021323121143122H12440254113Z2414014Z124q422a223a142b225q115b0512224b143a034b0152053c054Z063c052a173b235Z055b0614044c016b0524024K0533072Z2634035q07340622023r122t032r342r233c1642045Z143q433t126q032Z031J044t0421234r132J036a323L234H036t046a164c145q017c037Z0721038b1232182a3?players=inicolae,Smile-&colors=red,green"
926278114,ETCOC,ETCOC 2026,Round 4,100667054,91831749,erhankesken,Temrak,2026-10-04T19:00:00.000Z,"https://www.carcassonnelab.com/#/0/0/qBTVBwl6uiEbZKL7HDqVPaJT9NgmY2A7OjI78gfcksEW2sv1g2mk_Am/12b222r11220133123L113Z02244233133K024L225J021L035K0142123a131K022a033b024c03340342023s014a015a1444225a025q132J0211116a033q142H1351052J0251035t243q045q026b032t053K336q042s0244017b046t053s0431154t0541164r0151065q2423141H066s227Z237a128b2163047q0454257q036Z018a075q058s047Z044q076t348a0?players=erhankesken,Temrak&colors=red,black"
926278632,ETCOC,ETCOC 2026,Round 4,36269683,84885491,szigfrid,giulioTm,2026-10-04T19:00:00.000Z,"https://www.carcassonnelab.com/#/0/0/pZPG-6dQWrPfXBYhN_RXwOYiBwM8jtu2kxphThQcizt_9WTWf2aUibU/12a122q113c0213232q223r033s134q1122231L223Z133c043r014c034a041K153t235c025Z032b332H035q125q043a036q153b054s063Z154Z145r052s0312051H055q263r024s262a142H54142321037s015c027q017Z0421364q062q121J116Z033J123H034K142r346q273q0333035H243L1221056q357q066r161J072a272q076r167q145H036H077r071L1?players=szigfrid,giulioTm&colors=red,yellow"
926279172,ETCOC,ETCOC 2026,Round 4,84823639,84642763,Tompa99,dark_passenger84,2026-10-04T19:00:00.000Z,"https://www.carcassonnelab.com/#/0/0/rPAYXvWfTXJtIvUUr1dhnyF6UnVJmBZbJWjQjnsRds2_IAyBucn3QHW/12a1212313Z123b014c0222124r021L225r233a226s015Z1313032Z025Z116c043Z027r428q337s123q017b018a028a033t129Z1324132s0411031J027c036q222J042t0232122s0134234r1423044r026a037a135s138t03322343246q454r052r055r043s0522038b151K0434152J042J03510244435b265t04522554142Z029t124c039Z034a141H152Z149c2?players=dark_passenger84,Tompa99&colors=yellow,blue"
926279591,ETCOC,ETCOC 2026,Round 4,84974742,84678716,Ivaks,ted the notty bear,2026-10-04T19:00:00.000Z,"https://www.carcassonnelab.com/#/0/0/qVVE5GYL4Pq3eC13HlJumSyYoEZ0GwD1ImKbniQbwK78eJDyXG1qOU3/212112c222s0221023s132q033q021H0312024s031H242s013c041H051L052H042H152s062H262s143K0323172s172H073t282q1412081L034t053r044r061J035s054r174t222K143t3332045s183s391K3432284r255s163r0534264q1541094r095t3521093q175q114a276s225r365s192t286t3A2s066t1A4q042c232Z0B2t2C2q0B4t06310B1L0441452c0?players=ted%20the%20notty%20bear,Ivaks&colors=red,green"
926279622,ETCOC,ETCOC 2026,Round 4,97238273,83851128,A1egat0r,Mars15,2026-10-04T19:00:00.000Z,"https://www.carcassonnelab.com/#/0/0/o8bPehnzwqhH-3JuWGpAN40eHxEuIAJRutw7PkdL8_bRbWql1YK-fRs/12b1212322r113a121H023a0121132q122Z032b223t142a2133143b0231114b041112420223224r03240252033c052Z062a01542141022J024b025J263b234a123K024H235J03420422433L133q034K0311136K126L237J015Z161205210533047J0634044a245H448L231L241J258L054a238H043L059H368J15AH14AH067K46AL057J056L0162127K0352028J1?players=Mars15,A1egat0r&colors=green,yellow"
926282183,ETCOC,ETCOC 2026,Round 4,84974742,84678716,Ivaks,ted the notty bear,2026-10-04T19:00:00.000Z,"https://www.carcassonnelab.com/#/0/0/pLroahvM1n1JhqNwN70GAv4-4l9u8CymRJNkSIuEHo5rT5mrwUch71P/12b22121123113Z222K123c023H022t221K333c0311232c031J1224141H214c042q132r043s042a415Z052c032H143Z133t0413225t05123321024H151L434r061J026r025K162b2154216301340333035L036H052L237J026J053a162J1144042H044c033K063Z0243838H0231164c172H346L1253134K053L352q071K162r054J054b1261063t3351073r172r1?players=Ivaks,ted%20the%20notty%20bear&colors=red,green"
926282673,ETCOC,ETCOC 2026,Round 4,84823639,84642763,Tompa99,dark_passenger84,2026-10-04T19:00:00.000Z,"https://www.carcassonnelab.com/#/0/0/q5QX2dHLTJddUHbV7I1kcmj4ikEzGz1y_Ru06JRiO7latYaTV506GOR/121112Z1213222c121J013c023q022t114Z132c033r042a224r032r043c0412024Z13120512115c025a0224126a034q125s042q431J0324022H0333023Z143r223H044Z041L435s551K142J136c026q152H336t062L253K2131154H035Z043J137b038Z227b063K364H1233132L173L0522039b072J183H265H2531271J0341024H474L034J0421061H216b317Z3?players=Tompa99,dark_passenger84&colors=yellow,black"
926283738,ETCOC,ETCOC 2026,Round 4,97238273,83851128,A1egat0r,Mars15,2026-10-04T19:00:00.000Z,"https://www.carcassonnelab.com/#/0/0/qV6Cefr37ke5p4yJOlEh8doUDbn8tGu_a3Gb-L8fvHizIRW2t-2B2hS/212112a122r0122122a222J032Z132q223b0221123q3132024s142c014Z125r1311026r215c0323143Z1232131J1422027q244b017a153a2431116c027a163Z0533034b064a0522054Z073c051206220411072Z041L152Z155a037c04420242023L2142238b0722036Z051J028Z265Z042t024b246Z3822175Z0332126c035c036s1153333Z0161437q042H26122?players=Mars15,A1egat0r&colors=green,yellow"
926285264,ETCOC,ETCOC 2026,Round 4,84284153,11778383,vizecske,Peppinho,2026-10-04T19:00:00.000Z,"https://www.carcassonnelab.com/#/0/0/qFvPkBvynD2zcK0MSI64Z7_ICnJfpBr8f7eZ3amJ98Bx6JHskACGkDl/12b413a2123123c224Z014b022Z023r132a133Z042c03132132033s015Z022t1141021H0213232q116b03220423025q2223126s0233031H241213312514043q2521042r0241341L043c044b02514352317Z035r05330154023K224s144q025K024H026c045Z025b035b036s062324543442036103720472333J1381042H452H043H0483051L362L0393135L04911?players=Peppinho,vizecske&colors=green,red"
926285289,ETCOC,ETCOC 2026,Round 4,91930519,89873118,PushkinBLR,Golden Hind,2026-10-04T19:00:00.000Z,"https://www.carcassonnelab.com/#/0/0/rDMfThsSftslMoG1zD_dIxBXUWW4BD72aWHVi5m26TsZXror6AgmXKc/12Z1212221J1124122J132L1133023222440331031K223H133H024H042K043104220314022r034L043J02248523422b035K145H023r2141136H223a25310152037H033b141L032c042a252c153a1252013c054Z034c052L243b026K347J227H163c073Z014a272c042t1342062a225L4353155J0612071424430724256K057H2451466H3541067K174Z138J06410?players=Golden%20Hind,Aristokrat&colors=yellow,red"
926285475,ETCOC,ETCOC 2026,Round 4,85762488,93119390,kissemo,pollo_verde,2026-10-04T19:00:00.000Z,"https://www.carcassonnelab.com/#/0/0.11/qkZAtYozfMupAO26sw3bD257Tvzub_uEegpT0MOpgsY2syzYjXoVujS/211112c2121122t122K1134113Z232q031L031213220231021J042r014b015Z1244241J233r242J251L225Z023Z016Z061J026q123t126Z023J062K063L052J1142033H3152043H034H071L372K225q0251073H125K217c026H036q0342427r018a082L046r083H293J047s092H091J052r056s0444055r03513A2K0224192s022b24511364743q381L154q0?players=kissemo,pollo_verde&colors=red,green"
926285754,ETCOC,ETCOC 2026,Round 4,36269683,84885491,szigfrid,giulioTm,2026-10-04T19:00:00.000Z,"https://www.carcassonnelab.com/#/0/0/qYr7EhPlqva_z-1nv1x_sKryrYgXsD1QALlo3yRL_5ZAXq2z7esYv0w/212122a132Z1223121J042a033a023Z031J02340121113c0311424Z141L332423321241022K122r123H012c033J024K252a042J0411134c043a134K125J035J0512036H245L246K037L126L055J052L244b214201531524261407110162054Z138H072Z0262062J2252172J23510723245a248L071J032H081L0132163H243H273K051J691K254J083J261L23620?players=giulioTm,szigfrid&colors=yellow,red"
926288231,ETCOC,ETCOC 2026,Round 4,91906040,85298294,neddd365,Asx3t0s,2026-10-04T19:00:00.000Z,"https://www.carcassonnelab.com/#/0/0/p455UevvLWoKwVFKlQhwPym-e2Mb6rbKa2GKCEPtpQujBNAzCWRjBDr/12b221L422K2212132K12221322133K113Z234H023H323s024H2141243L124q114c015Z134q035L136K245J042K041J055L326J037H025K146K1153122q024Z054J0163034a125r0313025c244a132r0241043b054Z045a432c035b016c046Z051K042s156c226a055b064b053K066Z057b023a063J064J4344074K084H063a033r073L174Z033c176b056J01230?players=Asx3t0s,neddd365&colors=green,yellow"
926299265,Rivals,GG Rivals: Season 1,GG Rivals S1W7,84346920,84114808,vamoscosmos719,Megot Noskill,2026-10-04T20:00:00.000Z,"https://www.carcassonnelab.com/#/0/0/os17XrxWS0K4QNonsmiDO03LhvzRYDP4wn34FwH2KxdI7i0L_Io_IoC/12a221K1121131H1133123H032L141H042H022t052K043H02320211223r1313053H032s0321042s252q2241053r124q113c032Z322c062H2334414Z0433461K063K172J244K04131442142a373H033q154t082J0541043t0341152Z1453023a243c051H345J234H063s034q155r053a145q015a255H046s422H135r0251054b064a074b0222074J073Z183K15542?players=Megot%20Noskill,vamoscosmos719&colors=red,green"
926305385,Rivals,GG Rivals: Season 1,GG Rivals S1W7,84346920,84114808,vamoscosmos719,Megot Noskill,2026-10-04T20:00:00.000Z,"https://www.carcassonnelab.com/#/0/0/qYxWNJJNcnsxYruKO5kbAanp0rcjZCTXrBVK67bgI_VLTaxN8lrM54c/212122a03140321012b4422132Z1224122q242a023c133311211523023q0511033a0434043a1233021L2131022J1241032L444Z133s045Z134Z124r023L046b042J055Z3143156b252L136Z462J014Z037b252c224L2151025L053a135a025b162a127b034K016422630171038a047Z026J036H227J115Z037K048b247K1442065a016b257L145103610252233K1?players=vamoscosmos719,Megot%20Noskill&colors=green,red"
926326113,Rivals,GG Rivals: Season 1,GG Rivals S1W7,97238273,94481545,A1egat0r,BDDL1,2026-10-04T21:00:00.000Z,"https://www.carcassonnelab.com/#/0/0/p9d0_WKab7cjMG1v2PljaN3rkWal8j9PF8nroSpbXuyprAf9NKbwsyr/12b222a113Z121K114a023a032a024Z115Z325t134a126q123r022t035c022K244a145a054c023H043c233r036q027r037q046a038r235r116a136Z026c037Z028t039r038b249t034s218Z017c04Aq0311048q15Aq0414058q068s269q043t057r219Z056q028Z066q065r032q031J033a045q047t056Z013203240234055a065c067r053c276s34Br233J02220?players=A1egat0r,BDDL1&colors=yellow,red"
926332852,Rivals,GG Rivals: Season 1,GG Rivals S1W7,97238273,94481545,A1egat0r,BDDL1,2026-10-04T21:00:00.000Z,"https://www.carcassonnelab.com/#/0/0/qIDkw69SXtnJm41Iy__ko9avhLuGVE_OeNcOs-Q4wUfn2hcdtn-wieW/12b42122223113Z2323022r121L032r01221132133323111343132b042Z04212444043103510241052b1522122K16210632062Z031J142s05110721023a01440154214c02531163143q124H033q024r041H0824025J342K172c043H0611033J3361034L023333713261026J1271136H027K237K352K0453053J038J128H0552029H044J21810384245K12AH244s1?players=BDDL1,A1egat0r&colors=red,yellow"
926341164,Rivals,GG Rivals: Season 1,GG Rivals S1W7,97238273,94481545,A1egat0r,BDDL1,2026-10-04T21:00:00.000Z,"https://www.carcassonnelab.com/#/0/0/qS75aepZbWpMd2DL86IB4OM08jgQfkh5keUWxTi32V0Hv_UAQEHFjjR/12b2123121L21310144122J122c022402430212131J022r124H032a01542314125J4321032s3161023a135L132K117312610251126K0181041J1352151J028L233Z038J037L2454047H0462157J256213642374067J042a0333048J13810423061L058L229L249L027206640471159J05710763027H3652256J023q036H141102820581466J04413483055205441?players=BDDL1,A1egat0r&colors=red,yellow"
